/*******************************************************************************
 * Size: 26 px
 * Bpp: 4
 * Opts: --font C:/Windows/Fonts/arialbd.ttf --size 26 --bpp 4 --no-compress -r 0x20-0x7E -r 0xAB -r 0xBB -r 0x400-0x4FF -r 0x2014 -r 0x2116 --format lvgl --lv-font-name lv_font_ru_26_bold -o lv_font_ru_26_bold.c
 ******************************************************************************/

#ifdef LV_LVGL_H_INCLUDE_SIMPLE
#include "lvgl.h"
#else
#include "lvgl/lvgl.h"
#endif

#ifndef LV_FONT_RU_26_BOLD
#define LV_FONT_RU_26_BOLD 1
#endif

#if LV_FONT_RU_26_BOLD

/*-----------------
 *    BITMAPS
 *----------------*/

/*Store the image of the glyphs*/
static LV_ATTRIBUTE_LARGE_CONST const uint8_t glyph_bitmap[] = {
    /* U+0020 " " */

    /* U+0021 "!" */
    0xaf, 0xff, 0x3a, 0xff, 0xf3, 0xaf, 0xff, 0x3a,
    0xff, 0xf3, 0xaf, 0xff, 0x38, 0xff, 0xf1, 0x7f,
    0xff, 0x5, 0xff, 0xe0, 0x4f, 0xfc, 0x2, 0xff,
    0xb0, 0x1f, 0xf9, 0x0, 0xff, 0x80, 0xe, 0xf6,
    0x0, 0xcf, 0x50, 0x0, 0x0, 0x5, 0xaa, 0xa0,
    0x8f, 0xff, 0x18, 0xff, 0xf1, 0x8f, 0xff, 0x10,

    /* U+0022 "\"" */
    0x9f, 0xff, 0x50, 0xdf, 0xff, 0x9, 0xff, 0xf5,
    0xd, 0xff, 0xf0, 0x9f, 0xff, 0x50, 0xdf, 0xff,
    0x8, 0xff, 0xf4, 0xc, 0xff, 0xf0, 0x5f, 0xff,
    0x10, 0x9f, 0xfd, 0x2, 0xff, 0xe0, 0x6, 0xff,
    0xa0, 0xb, 0xb8, 0x0, 0x2b, 0xb5, 0x0,

    /* U+0023 "#" */
    0x0, 0x0, 0x4f, 0xf9, 0x0, 0xaf, 0xf4, 0x0,
    0x0, 0x8, 0xff, 0x50, 0xe, 0xff, 0x10, 0x0,
    0x0, 0xcf, 0xf1, 0x1, 0xff, 0xc0, 0x0, 0x0,
    0xf, 0xfd, 0x0, 0x5f, 0xf8, 0x0, 0xad, 0xde,
    0xff, 0xfd, 0xde, 0xff, 0xed, 0x2c, 0xff, 0xff,
    0xff, 0xff, 0xff, 0xff, 0xf2, 0xcf, 0xff, 0xff,
    0xff, 0xff, 0xff, 0xff, 0x20, 0x0, 0xdf, 0xf0,
    0x2, 0xff, 0xb0, 0x0, 0x0, 0xf, 0xfd, 0x0,
    0x5f, 0xf8, 0x0, 0x0, 0x2, 0xff, 0xa0, 0x8,
    0xff, 0x60, 0x0, 0x0, 0x5f, 0xf8, 0x0, 0xaf,
    0xf3, 0x0, 0xa, 0xde, 0xff, 0xed, 0xdf, 0xff,
    0xdd, 0xd2, 0xcf, 0xff, 0xff, 0xff, 0xff, 0xff,
    0xff, 0x2c, 0xff, 0xff, 0xff, 0xff, 0xff, 0xff,
    0xf2, 0x2, 0xff, 0xb0, 0x7, 0xff, 0x60, 0x0,
    0x0, 0x5f, 0xf8, 0x0, 0xaf, 0xf3, 0x0, 0x0,
    0x8, 0xff, 0x50, 0xd, 0xff, 0x0, 0x0, 0x0,
    0xbf, 0xf2, 0x0, 0xff, 0xc0, 0x0, 0x0, 0xf,
    0xfe, 0x0, 0x3f, 0xf9, 0x0, 0x0, 0x0,

    /* U+0024 "$" */
    0x0, 0x0, 0x0, 0x1, 0x0, 0x0, 0x0, 0x0,
    0x0, 0x0, 0xcf, 0x0, 0x0, 0x0, 0x0, 0x0,
    0x5a, 0xff, 0xa6, 0x0, 0x0, 0x0, 0x1c, 0xff,
    0xff, 0xff, 0xd2, 0x0, 0x0, 0xbf, 0xff, 0xff,
    0xff, 0xfd, 0x0, 0x4, 0xff, 0xf7, 0xdf, 0x7f,
    0xff, 0x60, 0x8, 0xff, 0xc0, 0xcf, 0xa, 0xfe,
    0x80, 0x9, 0xff, 0xa0, 0xcf, 0x0, 0x0, 0x0,
    0x8, 0xff, 0xe1, 0xcf, 0x0, 0x0, 0x0, 0x3,
    0xff, 0xfe, 0xef, 0x0, 0x0, 0x0, 0x0, 0xcf,
    0xff, 0xff, 0xb6, 0x0, 0x0, 0x0, 0x1d, 0xff,
    0xff, 0xff, 0xe5, 0x0, 0x0, 0x0, 0x7e, 0xff,
    0xff, 0xff, 0x50, 0x0, 0x0, 0x0, 0xdf, 0xef,
    0xff, 0xe0, 0x0, 0x0, 0x0, 0xcf, 0x8, 0xff,
    0xf2, 0x0, 0x13, 0x10, 0xcf, 0x0, 0xef, 0xf4,
    0xf, 0xff, 0x70, 0xcf, 0x0, 0xdf, 0xf3, 0xc,
    0xff, 0xe1, 0xcf, 0x3, 0xff, 0xf1, 0x5, 0xff,
    0xfd, 0xef, 0x7e, 0xff, 0xa0, 0x0, 0xbf, 0xff,
    0xff, 0xff, 0xfe, 0x10, 0x0, 0xa, 0xff, 0xff,
    0xff, 0xc2, 0x0, 0x0, 0x0, 0x38, 0xef, 0x83,
    0x0, 0x0, 0x0, 0x0, 0x0, 0xcf, 0x0, 0x0,
    0x0, 0x0, 0x0, 0x0, 0xcf, 0x0, 0x0, 0x0,

    /* U+0025 "%" */
    0x2, 0xae, 0xfd, 0x60, 0x0, 0x0, 0x1, 0xff,
    0x80, 0x0, 0x2, 0xef, 0xff, 0xff, 0x80, 0x0,
    0x0, 0x9f, 0xe0, 0x0, 0x0, 0x9f, 0xf5, 0x1d,
    0xff, 0x10, 0x0, 0x2f, 0xf7, 0x0, 0x0, 0xc,
    0xff, 0x0, 0x9f, 0xf4, 0x0, 0xa, 0xfe, 0x0,
    0x0, 0x0, 0xdf, 0xe0, 0x8, 0xff, 0x50, 0x2,
    0xff, 0x60, 0x0, 0x0, 0xc, 0xff, 0x0, 0x9f,
    0xf4, 0x0, 0xaf, 0xe0, 0x0, 0x0, 0x0, 0x9f,
    0xf6, 0x2e, 0xff, 0x10, 0x3f, 0xf6, 0x0, 0x0,
    0x0, 0x2, 0xff, 0xff, 0xff, 0x80, 0xb, 0xfd,
    0x0, 0x0, 0x0, 0x0, 0x2, 0xae, 0xfd, 0x60,
    0x3, 0xff, 0x50, 0x0, 0x0, 0x0, 0x0, 0x0,
    0x0, 0x0, 0x0, 0xcf, 0xd0, 0x5, 0xcf, 0xea,
    0x10, 0x0, 0x0, 0x0, 0x0, 0x4f, 0xf5, 0x6,
    0xff, 0xff, 0xfe, 0x10, 0x0, 0x0, 0x0, 0xc,
    0xfc, 0x0, 0xef, 0xe2, 0x7f, 0xf8, 0x0, 0x0,
    0x0, 0x5, 0xff, 0x40, 0x2f, 0xf9, 0x0, 0xff,
    0xc0, 0x0, 0x0, 0x0, 0xdf, 0xc0, 0x4, 0xff,
    0x70, 0xf, 0xfe, 0x0, 0x0, 0x0, 0x5f, 0xf4,
    0x0, 0x4f, 0xf7, 0x0, 0xff, 0xd0, 0x0, 0x0,
    0xd, 0xfb, 0x0, 0x2, 0xff, 0x90, 0xf, 0xfc,
    0x0, 0x0, 0x6, 0xff, 0x30, 0x0, 0xe, 0xfe,
    0x27, 0xff, 0x80, 0x0, 0x0, 0xef, 0xb0, 0x0,
    0x0, 0x6f, 0xff, 0xff, 0xe1, 0x0, 0x0, 0x7f,
    0xf2, 0x0, 0x0, 0x0, 0x5c, 0xfe, 0xa2, 0x0,

    /* U+0026 "&" */
    0x0, 0x0, 0x4b, 0xef, 0xfc, 0x60, 0x0, 0x0,
    0x0, 0x0, 0x7, 0xff, 0xff, 0xff, 0xfa, 0x0,
    0x0, 0x0, 0x0, 0x2f, 0xff, 0xe9, 0xbf, 0xff,
    0x60, 0x0, 0x0, 0x0, 0x7f, 0xff, 0x20, 0x9,
    0xff, 0xb0, 0x0, 0x0, 0x0, 0x7f, 0xff, 0x10,
    0x6, 0xff, 0xc0, 0x0, 0x0, 0x0, 0x3f, 0xff,
    0xb0, 0x1d, 0xff, 0x80, 0x0, 0x0, 0x0, 0xb,
    0xff, 0xfa, 0xef, 0xfe, 0x10, 0x0, 0x0, 0x0,
    0x1, 0xef, 0xff, 0xff, 0xd2, 0x0, 0x0, 0x0,
    0x0, 0x7, 0xff, 0xff, 0xfb, 0x0, 0x0, 0x0,
    0x0, 0x1, 0xcf, 0xff, 0xff, 0xff, 0x20, 0x0,
    0x0, 0x0, 0xc, 0xff, 0xf8, 0x7f, 0xff, 0xd0,
    0x6f, 0xc8, 0x0, 0x6f, 0xff, 0x80, 0x9, 0xff,
    0xfb, 0xcf, 0xfb, 0x0, 0xbf, 0xff, 0x0, 0x0,
    0xcf, 0xff, 0xff, 0xf6, 0x0, 0xdf, 0xfd, 0x0,
    0x0, 0x1e, 0xff, 0xff, 0xd0, 0x0, 0xcf, 0xff,
    0x10, 0x0, 0x6, 0xff, 0xff, 0xb0, 0x0, 0x7f,
    0xff, 0xc3, 0x1, 0x7f, 0xff, 0xff, 0xfc, 0x20,
    0xe, 0xff, 0xff, 0xff, 0xff, 0xff, 0xff, 0xff,
    0xf1, 0x2, 0xdf, 0xff, 0xff, 0xff, 0xf8, 0x4f,
    0xff, 0x80, 0x0, 0x6, 0xbe, 0xff, 0xd9, 0x20,
    0x2, 0xbb, 0x0, 0x0, 0x0, 0x0, 0x0, 0x0,
    0x0, 0x0, 0x0, 0x0,

    /* U+0027 "'" */
    0xdf, 0xff, 0xd, 0xff, 0xf0, 0xdf, 0xff, 0xc,
    0xff, 0xf0, 0x9f, 0xfd, 0x6, 0xff, 0xa0, 0x2b,
    0xb6, 0x0,

    /* U+0028 "(" */
    0x0, 0x0, 0xef, 0x90, 0x0, 0x8f, 0xf2, 0x0,
    0x2f, 0xfb, 0x0, 0xa, 0xff, 0x50, 0x1, 0xff,
    0xf0, 0x0, 0x8f, 0xfa, 0x0, 0xd, 0xff, 0x60,
    0x1, 0xff, 0xf3, 0x0, 0x5f, 0xff, 0x0, 0x7,
    0xff, 0xe0, 0x0, 0x9f, 0xfd, 0x0, 0x9, 0xff,
    0xc0, 0x0, 0x9f, 0xfc, 0x0, 0x9, 0xff, 0xd0,
    0x0, 0x7f, 0xfe, 0x0, 0x4, 0xff, 0xf0, 0x0,
    0x1f, 0xff, 0x30, 0x0, 0xcf, 0xf6, 0x0, 0x6,
    0xff, 0xa0, 0x0, 0xf, 0xff, 0x0, 0x0, 0x9f,
    0xf4, 0x0, 0x2, 0xff, 0xa0, 0x0, 0x8, 0xff,
    0x10, 0x0, 0xe, 0xf8,

    /* U+0029 ")" */
    0xe, 0xf9, 0x0, 0x0, 0x7, 0xff, 0x30, 0x0,
    0x1, 0xff, 0xc0, 0x0, 0x0, 0xbf, 0xf4, 0x0,
    0x0, 0x5f, 0xfb, 0x0, 0x0, 0xf, 0xff, 0x20,
    0x0, 0xc, 0xff, 0x70, 0x0, 0x9, 0xff, 0xc0,
    0x0, 0x6, 0xff, 0xf0, 0x0, 0x4, 0xff, 0xf2,
    0x0, 0x3, 0xff, 0xf4, 0x0, 0x2, 0xff, 0xf4,
    0x0, 0x2, 0xff, 0xf4, 0x0, 0x3, 0xff, 0xf2,
    0x0, 0x4, 0xff, 0xf1, 0x0, 0x6, 0xff, 0xe0,
    0x0, 0x9, 0xff, 0xa0, 0x0, 0xc, 0xff, 0x60,
    0x0, 0xf, 0xff, 0x10, 0x0, 0x4f, 0xfb, 0x0,
    0x0, 0x9f, 0xf4, 0x0, 0x0, 0xff, 0xc0, 0x0,
    0x6, 0xff, 0x40, 0x0, 0xe, 0xfa, 0x0, 0x0,

    /* U+002A "*" */
    0x0, 0x3, 0xff, 0x0, 0x0, 0x0, 0x2, 0xfe,
    0x0, 0x0, 0x1d, 0x61, 0xfc, 0x5, 0xb0, 0x6f,
    0xfd, 0xfe, 0xef, 0xf4, 0x28, 0xcf, 0xff, 0xfc,
    0x93, 0x0, 0x1d, 0xff, 0xb0, 0x0, 0x0, 0xcf,
    0xad, 0xf9, 0x0, 0x8, 0xfe, 0x13, 0xff, 0x40,
    0x0, 0x86, 0x0, 0x95, 0x0, 0x0, 0x0, 0x0,
    0x0, 0x0,

    /* U+002B "+" */
    0x0, 0x0, 0x3, 0x33, 0x0, 0x0, 0x0, 0x0,
    0x0, 0xf, 0xff, 0x30, 0x0, 0x0, 0x0, 0x0,
    0xf, 0xff, 0x30, 0x0, 0x0, 0x0, 0x0, 0xf,
    0xff, 0x30, 0x0, 0x0, 0x0, 0x0, 0xf, 0xff,
    0x30, 0x0, 0x0, 0x56, 0x66, 0x6f, 0xff, 0x86,
    0x66, 0x60, 0xef, 0xff, 0xff, 0xff, 0xff, 0xff,
    0xf1, 0xef, 0xff, 0xff, 0xff, 0xff, 0xff, 0xf1,
    0xef, 0xff, 0xff, 0xff, 0xff, 0xff, 0xf1, 0x0,
    0x0, 0xf, 0xff, 0x30, 0x0, 0x0, 0x0, 0x0,
    0xf, 0xff, 0x30, 0x0, 0x0, 0x0, 0x0, 0xf,
    0xff, 0x30, 0x0, 0x0, 0x0, 0x0, 0xf, 0xff,
    0x30, 0x0, 0x0, 0x0, 0x0, 0xf, 0xff, 0x30,
    0x0, 0x0,

    /* U+002C "," */
    0x2a, 0xaa, 0x33, 0xff, 0xf5, 0x3f, 0xff, 0x53,
    0xff, 0xf5, 0x0, 0x9f, 0x30, 0xd, 0xf0, 0x2c,
    0xf8, 0x2, 0xf8, 0x0, 0x0, 0x0, 0x0,

    /* U+002D "-" */
    0x5a, 0xaa, 0xaa, 0xa4, 0x8f, 0xff, 0xff, 0xf7,
    0x8f, 0xff, 0xff, 0xf7, 0x8f, 0xff, 0xff, 0xf7,

    /* U+002E "." */
    0x1a, 0xaa, 0x42, 0xff, 0xf7, 0x2f, 0xff, 0x72,
    0xff, 0xf7,

    /* U+002F "/" */
    0x0, 0x0, 0x8, 0xff, 0x20, 0x0, 0x0, 0xcf,
    0xe0, 0x0, 0x0, 0xf, 0xfa, 0x0, 0x0, 0x4,
    0xff, 0x60, 0x0, 0x0, 0x8f, 0xf2, 0x0, 0x0,
    0xc, 0xfe, 0x0, 0x0, 0x0, 0xff, 0xa0, 0x0,
    0x0, 0x3f, 0xf6, 0x0, 0x0, 0x7, 0xff, 0x20,
    0x0, 0x0, 0xbf, 0xe0, 0x0, 0x0, 0xf, 0xfa,
    0x0, 0x0, 0x3, 0xff, 0x60, 0x0, 0x0, 0x7f,
    0xf2, 0x0, 0x0, 0xb, 0xfe, 0x0, 0x0, 0x0,
    0xef, 0xb0, 0x0, 0x0, 0x2f, 0xf7, 0x0, 0x0,
    0x6, 0xff, 0x30, 0x0, 0x0, 0xaf, 0xf0, 0x0,
    0x0, 0xe, 0xfb, 0x0, 0x0, 0x0,

    /* U+0030 "0" */
    0x0, 0x5, 0xcf, 0xfd, 0x80, 0x0, 0x0, 0xa,
    0xff, 0xff, 0xff, 0xd1, 0x0, 0x6, 0xff, 0xff,
    0xff, 0xff, 0xb0, 0x0, 0xef, 0xfd, 0x21, 0xbf,
    0xff, 0x30, 0x4f, 0xff, 0x50, 0x1, 0xff, 0xf9,
    0x8, 0xff, 0xf1, 0x0, 0xc, 0xff, 0xc0, 0xbf,
    0xff, 0x0, 0x0, 0xaf, 0xff, 0xd, 0xff, 0xd0,
    0x0, 0x9, 0xff, 0xf1, 0xdf, 0xfd, 0x0, 0x0,
    0x9f, 0xff, 0x2e, 0xff, 0xd0, 0x0, 0x8, 0xff,
    0xf2, 0xdf, 0xfd, 0x0, 0x0, 0x9f, 0xff, 0x1d,
    0xff, 0xd0, 0x0, 0x9, 0xff, 0xf1, 0xbf, 0xfe,
    0x0, 0x0, 0xaf, 0xff, 0x9, 0xff, 0xf1, 0x0,
    0xc, 0xff, 0xc0, 0x5f, 0xff, 0x50, 0x1, 0xff,
    0xf8, 0x0, 0xff, 0xfd, 0x21, 0xaf, 0xff, 0x30,
    0x7, 0xff, 0xff, 0xff, 0xff, 0xb0, 0x0, 0xa,
    0xff, 0xff, 0xff, 0xd1, 0x0, 0x0, 0x5, 0xcf,
    0xfd, 0x80, 0x0, 0x0,

    /* U+0031 "1" */
    0x0, 0x0, 0xd, 0xff, 0x30, 0x0, 0x7, 0xff,
    0xf3, 0x0, 0x5, 0xff, 0xff, 0x30, 0x8, 0xff,
    0xff, 0xf3, 0x6d, 0xff, 0xff, 0xff, 0x3f, 0xff,
    0xfb, 0xff, 0xf3, 0xff, 0xe3, 0x5f, 0xff, 0x3c,
    0x60, 0x5, 0xff, 0xf3, 0x0, 0x0, 0x5f, 0xff,
    0x30, 0x0, 0x5, 0xff, 0xf3, 0x0, 0x0, 0x5f,
    0xff, 0x30, 0x0, 0x5, 0xff, 0xf3, 0x0, 0x0,
    0x5f, 0xff, 0x30, 0x0, 0x5, 0xff, 0xf3, 0x0,
    0x0, 0x5f, 0xff, 0x30, 0x0, 0x5, 0xff, 0xf3,
    0x0, 0x0, 0x5f, 0xff, 0x30, 0x0, 0x5, 0xff,
    0xf3, 0x0, 0x0, 0x5f, 0xff, 0x30,

    /* U+0032 "2" */
    0x0, 0x1, 0x7c, 0xff, 0xea, 0x30, 0x0, 0x0,
    0x3e, 0xff, 0xff, 0xff, 0xf8, 0x0, 0x0, 0xef,
    0xff, 0xff, 0xff, 0xff, 0x50, 0x7, 0xff, 0xfa,
    0x10, 0x6f, 0xff, 0xd0, 0xb, 0xff, 0xe0, 0x0,
    0x9, 0xff, 0xf1, 0x9, 0xbd, 0xa0, 0x0, 0x7,
    0xff, 0xf2, 0x0, 0x0, 0x0, 0x0, 0x9, 0xff,
    0xf0, 0x0, 0x0, 0x0, 0x0, 0x1f, 0xff, 0xc0,
    0x0, 0x0, 0x0, 0x0, 0xcf, 0xff, 0x40, 0x0,
    0x0, 0x0, 0xb, 0xff, 0xfb, 0x0, 0x0, 0x0,
    0x0, 0xbf, 0xff, 0xd1, 0x0, 0x0, 0x0, 0xc,
    0xff, 0xfe, 0x20, 0x0, 0x0, 0x0, 0xcf, 0xff,
    0xd1, 0x0, 0x0, 0x0, 0xb, 0xff, 0xfd, 0x10,
    0x0, 0x0, 0x0, 0x8f, 0xff, 0xd1, 0x0, 0x0,
    0x0, 0x2, 0xff, 0xff, 0x85, 0x55, 0x55, 0x50,
    0xa, 0xff, 0xff, 0xff, 0xff, 0xff, 0xf2, 0xf,
    0xff, 0xff, 0xff, 0xff, 0xff, 0xf2, 0x4f, 0xff,
    0xff, 0xff, 0xff, 0xff, 0xf2,

    /* U+0033 "3" */
    0x0, 0x1, 0x8d, 0xff, 0xd7, 0x0, 0x0, 0x0,
    0x2e, 0xff, 0xff, 0xff, 0xd2, 0x0, 0x0, 0xdf,
    0xff, 0xff, 0xff, 0xfc, 0x0, 0x5, 0xff, 0xf8,
    0x1, 0xbf, 0xff, 0x40, 0x9, 0xff, 0xc0, 0x0,
    0x2f, 0xff, 0x70, 0x0, 0x13, 0x30, 0x0, 0x2f,
    0xff, 0x60, 0x0, 0x0, 0x0, 0x0, 0xbf, 0xff,
    0x10, 0x0, 0x0, 0x0, 0xbe, 0xff, 0xf5, 0x0,
    0x0, 0x0, 0x3, 0xff, 0xff, 0x40, 0x0, 0x0,
    0x0, 0x5, 0xff, 0xff, 0xf9, 0x0, 0x0, 0x0,
    0x1, 0x11, 0x7f, 0xff, 0x80, 0x0, 0x0, 0x0,
    0x0, 0xa, 0xff, 0xf1, 0x0, 0x0, 0x0, 0x0,
    0x6, 0xff, 0xf4, 0x5, 0x79, 0x50, 0x0, 0x6,
    0xff, 0xf4, 0xd, 0xff, 0xc0, 0x0, 0xb, 0xff,
    0xf2, 0x8, 0xff, 0xf9, 0x11, 0x8f, 0xff, 0xc0,
    0x1, 0xef, 0xff, 0xff, 0xff, 0xff, 0x30, 0x0,
    0x3e, 0xff, 0xff, 0xff, 0xf4, 0x0, 0x0, 0x1,
    0x8d, 0xff, 0xd8, 0x10, 0x0,

    /* U+0034 "4" */
    0x0, 0x0, 0x0, 0x0, 0xcf, 0xf8, 0x0, 0x0,
    0x0, 0x0, 0x7, 0xff, 0xf8, 0x0, 0x0, 0x0,
    0x0, 0x2f, 0xff, 0xf8, 0x0, 0x0, 0x0, 0x0,
    0xcf, 0xff, 0xf8, 0x0, 0x0, 0x0, 0x7, 0xff,
    0xff, 0xf8, 0x0, 0x0, 0x0, 0x2f, 0xff, 0xff,
    0xf8, 0x0, 0x0, 0x0, 0xcf, 0xf7, 0xef, 0xf8,
    0x0, 0x0, 0x7, 0xff, 0xc0, 0xef, 0xf8, 0x0,
    0x0, 0x2f, 0xff, 0x20, 0xef, 0xf8, 0x0, 0x0,
    0xcf, 0xf7, 0x0, 0xef, 0xf8, 0x0, 0x8, 0xff,
    0xc0, 0x0, 0xef, 0xf8, 0x0, 0x3f, 0xff, 0x20,
    0x0, 0xef, 0xf8, 0x0, 0x8f, 0xff, 0xff, 0xff,
    0xff, 0xff, 0xfd, 0x8f, 0xff, 0xff, 0xff, 0xff,
    0xff, 0xfd, 0x8f, 0xff, 0xff, 0xff, 0xff, 0xff,
    0xfd, 0x13, 0x33, 0x33, 0x33, 0xef, 0xfa, 0x32,
    0x0, 0x0, 0x0, 0x0, 0xef, 0xf8, 0x0, 0x0,
    0x0, 0x0, 0x0, 0xef, 0xf8, 0x0, 0x0, 0x0,
    0x0, 0x0, 0xef, 0xf8, 0x0,

    /* U+0035 "5" */
    0x0, 0xaf, 0xff, 0xff, 0xff, 0xfd, 0x0, 0xd,
    0xff, 0xff, 0xff, 0xff, 0xd0, 0x0, 0xff, 0xff,
    0xff, 0xff, 0xfd, 0x0, 0x3f, 0xff, 0x76, 0x66,
    0x66, 0x50, 0x6, 0xff, 0xe0, 0x0, 0x0, 0x0,
    0x0, 0x9f, 0xfc, 0x0, 0x0, 0x0, 0x0, 0xc,
    0xff, 0xcb, 0xef, 0xc5, 0x0, 0x0, 0xff, 0xff,
    0xff, 0xff, 0xfa, 0x0, 0x2f, 0xff, 0xff, 0xff,
    0xff, 0xf9, 0x4, 0xff, 0xf6, 0x0, 0x4e, 0xff,
    0xf2, 0x0, 0x22, 0x0, 0x0, 0x6f, 0xff, 0x70,
    0x0, 0x0, 0x0, 0x1, 0xff, 0xf9, 0x0, 0x0,
    0x0, 0x0, 0xf, 0xff, 0xa3, 0x56, 0x60, 0x0,
    0x2, 0xff, 0xf8, 0xbf, 0xff, 0x10, 0x0, 0x7f,
    0xff, 0x56, 0xff, 0xfc, 0x10, 0x4e, 0xff, 0xe0,
    0xd, 0xff, 0xff, 0xff, 0xff, 0xf4, 0x0, 0x1d,
    0xff, 0xff, 0xff, 0xf6, 0x0, 0x0, 0x7, 0xcf,
    0xfd, 0x92, 0x0, 0x0,

    /* U+0036 "6" */
    0x0, 0x1, 0x8d, 0xff, 0xc6, 0x0, 0x0, 0x4,
    0xef, 0xff, 0xff, 0xfb, 0x0, 0x2, 0xff, 0xff,
    0xff, 0xff, 0xf7, 0x0, 0xcf, 0xff, 0x60, 0x2d,
    0xff, 0xe0, 0x2f, 0xff, 0x70, 0x0, 0x5c, 0xa9,
    0x17, 0xff, 0xf2, 0x0, 0x0, 0x0, 0x0, 0xaf,
    0xff, 0x5, 0x9a, 0x71, 0x0, 0xc, 0xff, 0xdb,
    0xff, 0xff, 0xf5, 0x0, 0xdf, 0xff, 0xff, 0xff,
    0xff, 0xf4, 0xe, 0xff, 0xff, 0x50, 0x4e, 0xff,
    0xd0, 0xdf, 0xff, 0x70, 0x0, 0x5f, 0xff, 0x3c,
    0xff, 0xf3, 0x0, 0x1, 0xff, 0xf7, 0xaf, 0xff,
    0x20, 0x0, 0xf, 0xff, 0x88, 0xff, 0xf4, 0x0,
    0x0, 0xff, 0xf7, 0x3f, 0xff, 0xa0, 0x0, 0x4f,
    0xff, 0x40, 0xdf, 0xff, 0x71, 0x3d, 0xff, 0xe0,
    0x4, 0xff, 0xff, 0xff, 0xff, 0xf6, 0x0, 0x6,
    0xff, 0xff, 0xff, 0xf8, 0x0, 0x0, 0x2, 0xae,
    0xfe, 0xb4, 0x0, 0x0,

    /* U+0037 "7" */
    0xef, 0xff, 0xff, 0xff, 0xff, 0xff, 0x5e, 0xff,
    0xff, 0xff, 0xff, 0xff, 0xf5, 0xef, 0xff, 0xff,
    0xff, 0xff, 0xff, 0x45, 0x66, 0x66, 0x66, 0x6f,
    0xff, 0x80, 0x0, 0x0, 0x0, 0x8, 0xff, 0xc0,
    0x0, 0x0, 0x0, 0x2, 0xff, 0xf2, 0x0, 0x0,
    0x0, 0x0, 0xcf, 0xf8, 0x0, 0x0, 0x0, 0x0,
    0x5f, 0xff, 0x10, 0x0, 0x0, 0x0, 0xc, 0xff,
    0x90, 0x0, 0x0, 0x0, 0x3, 0xff, 0xf1, 0x0,
    0x0, 0x0, 0x0, 0xaf, 0xfb, 0x0, 0x0, 0x0,
    0x0, 0xf, 0xff, 0x60, 0x0, 0x0, 0x0, 0x5,
    0xff, 0xf1, 0x0, 0x0, 0x0, 0x0, 0x9f, 0xfc,
    0x0, 0x0, 0x0, 0x0, 0xd, 0xff, 0x90, 0x0,
    0x0, 0x0, 0x0, 0xff, 0xf6, 0x0, 0x0, 0x0,
    0x0, 0x3f, 0xff, 0x30, 0x0, 0x0, 0x0, 0x4,
    0xff, 0xf2, 0x0, 0x0, 0x0, 0x0, 0x5f, 0xff,
    0x10, 0x0, 0x0, 0x0,

    /* U+0038 "8" */
    0x0, 0x18, 0xdf, 0xfd, 0xa3, 0x0, 0x0, 0x3e,
    0xff, 0xff, 0xff, 0xf6, 0x0, 0xd, 0xff, 0xff,
    0xef, 0xff, 0xf2, 0x4, 0xff, 0xf8, 0x0, 0x5f,
    0xff, 0x80, 0x7f, 0xff, 0x0, 0x0, 0xbf, 0xfa,
    0x6, 0xff, 0xf0, 0x0, 0xc, 0xff, 0x90, 0x1f,
    0xff, 0x80, 0x5, 0xff, 0xf3, 0x0, 0x6f, 0xff,
    0xff, 0xff, 0xf7, 0x0, 0x0, 0x5f, 0xff, 0xff,
    0xf8, 0x0, 0x0, 0x4e, 0xff, 0xff, 0xff, 0xfb,
    0x0, 0x2f, 0xff, 0xa2, 0x16, 0xff, 0xf8, 0x9,
    0xff, 0xe0, 0x0, 0x9, 0xff, 0xf0, 0xdf, 0xfa,
    0x0, 0x0, 0x4f, 0xff, 0x3e, 0xff, 0xa0, 0x0,
    0x5, 0xff, 0xf4, 0xdf, 0xfe, 0x0, 0x0, 0x8f,
    0xff, 0x28, 0xff, 0xfa, 0x10, 0x5f, 0xff, 0xd0,
    0x1e, 0xff, 0xff, 0xff, 0xff, 0xf5, 0x0, 0x3e,
    0xff, 0xff, 0xff, 0xf7, 0x0, 0x0, 0x17, 0xcf,
    0xfe, 0xa3, 0x0, 0x0,

    /* U+0039 "9" */
    0x0, 0x2, 0x9d, 0xfe, 0xb5, 0x0, 0x0, 0x0,
    0x4f, 0xff, 0xff, 0xff, 0xb0, 0x0, 0x2, 0xff,
    0xff, 0xff, 0xff, 0xf9, 0x0, 0xa, 0xff, 0xf5,
    0x3, 0xdf, 0xff, 0x30, 0xf, 0xff, 0x90, 0x0,
    0x3f, 0xff, 0x90, 0x2f, 0xff, 0x60, 0x0, 0xe,
    0xff, 0xd0, 0x2f, 0xff, 0x60, 0x0, 0xc, 0xff,
    0xf0, 0xf, 0xff, 0x80, 0x0, 0xe, 0xff, 0xf2,
    0xb, 0xff, 0xe2, 0x0, 0x7f, 0xff, 0xf3, 0x3,
    0xff, 0xff, 0xbc, 0xff, 0xff, 0xf3, 0x0, 0x6f,
    0xff, 0xff, 0xfd, 0xff, 0xf3, 0x0, 0x3, 0xbe,
    0xfc, 0x58, 0xff, 0xf2, 0x0, 0x0, 0x0, 0x0,
    0xa, 0xff, 0xf0, 0x0, 0x1, 0x20, 0x0, 0xd,
    0xff, 0xd0, 0xa, 0xff, 0xd0, 0x0, 0x3f, 0xff,
    0x80, 0x7, 0xff, 0xf7, 0x2, 0xdf, 0xff, 0x20,
    0x1, 0xff, 0xff, 0xff, 0xff, 0xf8, 0x0, 0x0,
    0x5f, 0xff, 0xff, 0xff, 0x80, 0x0, 0x0, 0x3,
    0xae, 0xfe, 0xa3, 0x0, 0x0,

    /* U+003A ":" */
    0x7f, 0xff, 0x27, 0xff, 0xf2, 0x7f, 0xff, 0x24,
    0xaa, 0xa1, 0x0, 0x0, 0x0, 0x0, 0x0, 0x0,
    0x0, 0x0, 0x0, 0x0, 0x0, 0x0, 0x0, 0x0,
    0x0, 0x4a, 0xaa, 0x17, 0xff, 0xf2, 0x7f, 0xff,
    0x27, 0xff, 0xf2,

    /* U+003B ";" */
    0x8f, 0xff, 0x8, 0xff, 0xf0, 0x8f, 0xff, 0x5,
    0xaa, 0xa0, 0x0, 0x0, 0x0, 0x0, 0x0, 0x0,
    0x0, 0x0, 0x0, 0x0, 0x0, 0x0, 0x0, 0x0,
    0x0, 0x5a, 0xaa, 0x8, 0xff, 0xf0, 0x8f, 0xff,
    0x8, 0xff, 0xf0, 0x0, 0xee, 0x0, 0x3f, 0xb0,
    0x6e, 0xf3, 0x7, 0xe4, 0x0, 0x0, 0x0, 0x0,

    /* U+003C "<" */
    0x0, 0x0, 0x0, 0x0, 0x0, 0x0, 0x40, 0x0,
    0x0, 0x0, 0x0, 0x6, 0xdf, 0x0, 0x0, 0x0,
    0x2, 0x8f, 0xff, 0xf0, 0x0, 0x0, 0x3a, 0xff,
    0xff, 0xff, 0x0, 0x5, 0xcf, 0xff, 0xff, 0xfb,
    0x51, 0x7e, 0xff, 0xff, 0xfe, 0x81, 0x0, 0xcf,
    0xff, 0xff, 0xa4, 0x0, 0x0, 0xc, 0xff, 0xfa,
    0x10, 0x0, 0x0, 0x0, 0xcf, 0xff, 0xfc, 0x60,
    0x0, 0x0, 0x4, 0xcf, 0xff, 0xff, 0xf9, 0x30,
    0x0, 0x0, 0x3a, 0xff, 0xff, 0xff, 0xc6, 0x0,
    0x0, 0x1, 0x8f, 0xff, 0xff, 0xfe, 0x0, 0x0,
    0x0, 0x6, 0xdf, 0xff, 0xf0, 0x0, 0x0, 0x0,
    0x0, 0x5c, 0xff, 0x0, 0x0, 0x0, 0x0, 0x0,
    0x3, 0x90,

    /* U+003D "=" */
    0xef, 0xff, 0xff, 0xff, 0xff, 0xff, 0xf1, 0xef,
    0xff, 0xff, 0xff, 0xff, 0xff, 0xf1, 0xef, 0xff,
    0xff, 0xff, 0xff, 0xff, 0xf1, 0x45, 0x55, 0x55,
    0x55, 0x55, 0x55, 0x50, 0x0, 0x0, 0x0, 0x0,
    0x0, 0x0, 0x0, 0x55, 0x55, 0x55, 0x55, 0x55,
    0x55, 0x50, 0xef, 0xff, 0xff, 0xff, 0xff, 0xff,
    0xf1, 0xef, 0xff, 0xff, 0xff, 0xff, 0xff, 0xf1,
    0xef, 0xff, 0xff, 0xff, 0xff, 0xff, 0xf1,

    /* U+003E ">" */
    0x40, 0x0, 0x0, 0x0, 0x0, 0x0, 0xc, 0xe7,
    0x10, 0x0, 0x0, 0x0, 0x0, 0xcf, 0xff, 0x92,
    0x0, 0x0, 0x0, 0xc, 0xff, 0xff, 0xfb, 0x40,
    0x0, 0x0, 0x3a, 0xff, 0xff, 0xff, 0xd6, 0x0,
    0x0, 0x1, 0x6d, 0xff, 0xff, 0xfe, 0x81, 0x0,
    0x0, 0x3, 0x9f, 0xff, 0xff, 0xf0, 0x0, 0x0,
    0x0, 0x8, 0xff, 0xff, 0x0, 0x0, 0x0, 0x4b,
    0xff, 0xff, 0xf0, 0x0, 0x18, 0xef, 0xff, 0xff,
    0xd6, 0x4, 0xbf, 0xff, 0xff, 0xfb, 0x40, 0xb,
    0xff, 0xff, 0xff, 0xa3, 0x0, 0x0, 0xcf, 0xff,
    0xe8, 0x10, 0x0, 0x0, 0xc, 0xfd, 0x60, 0x0,
    0x0, 0x0, 0x0, 0x84, 0x0, 0x0, 0x0, 0x0,
    0x0, 0x0,

    /* U+003F "?" */
    0x0, 0x3, 0x9d, 0xff, 0xda, 0x40, 0x0, 0x0,
    0x8f, 0xff, 0xff, 0xff, 0xfa, 0x0, 0x8, 0xff,
    0xff, 0xdc, 0xff, 0xff, 0xa0, 0x2f, 0xff, 0xd3,
    0x0, 0x1a, 0xff, 0xf4, 0x7f, 0xff, 0x20, 0x0,
    0x0, 0xff, 0xf9, 0x5a, 0xcb, 0x0, 0x0, 0x0,
    0xdf, 0xfa, 0x0, 0x0, 0x0, 0x0, 0x2, 0xff,
    0xf8, 0x0, 0x0, 0x0, 0x0, 0x3e, 0xff, 0xf1,
    0x0, 0x0, 0x0, 0x4, 0xff, 0xff, 0x50, 0x0,
    0x0, 0x0, 0x5f, 0xff, 0xf6, 0x0, 0x0, 0x0,
    0x1, 0xff, 0xff, 0x40, 0x0, 0x0, 0x0, 0x7,
    0xff, 0xf3, 0x0, 0x0, 0x0, 0x0, 0xa, 0xff,
    0xa0, 0x0, 0x0, 0x0, 0x0, 0xb, 0xff, 0x80,
    0x0, 0x0, 0x0, 0x0, 0x1, 0x22, 0x10, 0x0,
    0x0, 0x0, 0x0, 0x7, 0xaa, 0x80, 0x0, 0x0,
    0x0, 0x0, 0xb, 0xff, 0xd0, 0x0, 0x0, 0x0,
    0x0, 0xb, 0xff, 0xd0, 0x0, 0x0, 0x0, 0x0,
    0xb, 0xff, 0xd0, 0x0, 0x0,

    /* U+0040 "@" */
    0x0, 0x0, 0x0, 0x0, 0x16, 0xad, 0xef, 0xfe,
    0xb7, 0x20, 0x0, 0x0, 0x0, 0x0, 0x0, 0x0,
    0x2a, 0xff, 0xff, 0xff, 0xff, 0xff, 0xfb, 0x20,
    0x0, 0x0, 0x0, 0x0, 0x7, 0xff, 0xff, 0xb8,
    0x66, 0x67, 0xbe, 0xff, 0xf6, 0x0, 0x0, 0x0,
    0x0, 0x9f, 0xfe, 0x70, 0x0, 0x0, 0x0, 0x0,
    0x6f, 0xff, 0x50, 0x0, 0x0, 0x7, 0xff, 0xb1,
    0x0, 0x0, 0x0, 0x0, 0x0, 0x2, 0xdf, 0xf2,
    0x0, 0x0, 0x2f, 0xfb, 0x0, 0x3, 0xae, 0xfd,
    0x70, 0xff, 0xf5, 0x2e, 0xfa, 0x0, 0x0, 0xbf,
    0xe0, 0x0, 0x6f, 0xff, 0xff, 0xfc, 0xff, 0xf2,
    0x7, 0xff, 0x0, 0x3, 0xff, 0x50, 0x5, 0xff,
    0xfa, 0x68, 0xff, 0xff, 0xe0, 0x1, 0xff, 0x50,
    0x9, 0xfe, 0x0, 0x1f, 0xff, 0x70, 0x0, 0x6f,
    0xff, 0xb0, 0x0, 0xcf, 0x70, 0xd, 0xf9, 0x0,
    0x9f, 0xfc, 0x0, 0x0, 0xf, 0xff, 0x80, 0x0,
    0xbf, 0x90, 0xf, 0xf5, 0x0, 0xef, 0xf6, 0x0,
    0x0, 0xf, 0xff, 0x50, 0x0, 0xcf, 0x80, 0x2f,
    0xf2, 0x3, 0xff, 0xf1, 0x0, 0x0, 0xf, 0xff,
    0x20, 0x0, 0xef, 0x60, 0x3f, 0xf1, 0x6, 0xff,
    0xe0, 0x0, 0x0, 0x4f, 0xfe, 0x0, 0x4, 0xff,
    0x30, 0x2f, 0xf2, 0x6, 0xff, 0xd0, 0x0, 0x0,
    0x8f, 0xfb, 0x0, 0xc, 0xfd, 0x0, 0x1f, 0xf4,
    0x6, 0xff, 0xf0, 0x0, 0x0, 0xef, 0xf8, 0x0,
    0x7f, 0xf5, 0x0, 0xd, 0xf8, 0x2, 0xff, 0xf4,
    0x0, 0xa, 0xff, 0xf6, 0x7, 0xff, 0xb0, 0x0,
    0x9, 0xfe, 0x0, 0xcf, 0xff, 0x86, 0xcf, 0xff,
    0xfd, 0xdf, 0xfc, 0x0, 0x0, 0x3, 0xff, 0x70,
    0x2e, 0xff, 0xff, 0xfd, 0xff, 0xff, 0xff, 0xa1,
    0x0, 0x0, 0x0, 0xbf, 0xf3, 0x1, 0x9e, 0xfd,
    0x80, 0x7e, 0xfd, 0xa4, 0x0, 0x24, 0x40, 0x0,
    0x2f, 0xff, 0x50, 0x0, 0x0, 0x0, 0x0, 0x0,
    0x0, 0x6, 0xff, 0xc0, 0x0, 0x4, 0xff, 0xfb,
    0x40, 0x0, 0x0, 0x0, 0x0, 0x4, 0xcf, 0xfe,
    0x10, 0x0, 0x0, 0x3d, 0xff, 0xff, 0xb9, 0x76,
    0x67, 0x8b, 0xff, 0xff, 0xc1, 0x0, 0x0, 0x0,
    0x0, 0x7d, 0xff, 0xff, 0xff, 0xff, 0xff, 0xff,
    0xd5, 0x0, 0x0, 0x0, 0x0, 0x0, 0x0, 0x37,
    0xbd, 0xef, 0xfe, 0xdb, 0x73, 0x0, 0x0, 0x0,

    /* U+0041 "A" */
    0x0, 0x0, 0x0, 0xe, 0xff, 0xf6, 0x0, 0x0,
    0x0, 0x0, 0x0, 0x0, 0x5, 0xff, 0xff, 0xc0,
    0x0, 0x0, 0x0, 0x0, 0x0, 0x0, 0xbf, 0xff,
    0xff, 0x30, 0x0, 0x0, 0x0, 0x0, 0x0, 0x1f,
    0xff, 0xff, 0xf9, 0x0, 0x0, 0x0, 0x0, 0x0,
    0x7, 0xff, 0xfe, 0xff, 0xf0, 0x0, 0x0, 0x0,
    0x0, 0x0, 0xdf, 0xfd, 0x7f, 0xff, 0x60, 0x0,
    0x0, 0x0, 0x0, 0x3f, 0xff, 0x82, 0xff, 0xfc,
    0x0, 0x0, 0x0, 0x0, 0x9, 0xff, 0xf2, 0xc,
    0xff, 0xf2, 0x0, 0x0, 0x0, 0x0, 0xff, 0xfd,
    0x0, 0x6f, 0xff, 0x80, 0x0, 0x0, 0x0, 0x6f,
    0xff, 0x70, 0x1, 0xff, 0xfe, 0x0, 0x0, 0x0,
    0xc, 0xff, 0xf2, 0x0, 0xb, 0xff, 0xf5, 0x0,
    0x0, 0x2, 0xff, 0xfd, 0x33, 0x33, 0x8f, 0xff,
    0xb0, 0x0, 0x0, 0x8f, 0xff, 0xff, 0xff, 0xff,
    0xff, 0xff, 0x20, 0x0, 0xe, 0xff, 0xff, 0xff,
    0xff, 0xff, 0xff, 0xf8, 0x0, 0x4, 0xff, 0xff,
    0xff, 0xff, 0xff, 0xff, 0xff, 0xe0, 0x0, 0xaf,
    0xff, 0x50, 0x0, 0x0, 0x0, 0xdf, 0xff, 0x40,
    0x1f, 0xff, 0xe0, 0x0, 0x0, 0x0, 0x6, 0xff,
    0xfb, 0x6, 0xff, 0xf8, 0x0, 0x0, 0x0, 0x0,
    0xf, 0xff, 0xf1, 0xcf, 0xff, 0x20, 0x0, 0x0,
    0x0, 0x0, 0x9f, 0xff, 0x70,

    /* U+0042 "B" */
    0x1f, 0xff, 0xff, 0xff, 0xff, 0xec, 0x81, 0x0,
    0x1, 0xff, 0xff, 0xff, 0xff, 0xff, 0xff, 0xe2,
    0x0, 0x1f, 0xff, 0xff, 0xff, 0xff, 0xff, 0xff,
    0xd0, 0x1, 0xff, 0xfb, 0x22, 0x22, 0x25, 0xef,
    0xff, 0x50, 0x1f, 0xff, 0xa0, 0x0, 0x0, 0x4,
    0xff, 0xf8, 0x1, 0xff, 0xfa, 0x0, 0x0, 0x0,
    0x1f, 0xff, 0x80, 0x1f, 0xff, 0xa0, 0x0, 0x0,
    0x5, 0xff, 0xf4, 0x1, 0xff, 0xfb, 0x22, 0x22,
    0x36, 0xef, 0xfc, 0x0, 0x1f, 0xff, 0xff, 0xff,
    0xff, 0xff, 0xfd, 0x10, 0x1, 0xff, 0xff, 0xff,
    0xff, 0xff, 0xff, 0x92, 0x0, 0x1f, 0xff, 0xff,
    0xff, 0xff, 0xff, 0xff, 0xf3, 0x1, 0xff, 0xfa,
    0x0, 0x0, 0x2, 0x8f, 0xff, 0xe0, 0x1f, 0xff,
    0xa0, 0x0, 0x0, 0x0, 0x9f, 0xff, 0x51, 0xff,
    0xfa, 0x0, 0x0, 0x0, 0x6, 0xff, 0xf7, 0x1f,
    0xff, 0xa0, 0x0, 0x0, 0x0, 0xaf, 0xff, 0x61,
    0xff, 0xfb, 0x22, 0x22, 0x34, 0x9f, 0xff, 0xf2,
    0x1f, 0xff, 0xff, 0xff, 0xff, 0xff, 0xff, 0xfa,
    0x1, 0xff, 0xff, 0xff, 0xff, 0xff, 0xff, 0xfc,
    0x10, 0x1f, 0xff, 0xff, 0xff, 0xff, 0xfe, 0xb6,
    0x0, 0x0,

    /* U+0043 "C" */
    0x0, 0x0, 0x5, 0xad, 0xff, 0xda, 0x40, 0x0,
    0x0, 0x0, 0x3d, 0xff, 0xff, 0xff, 0xff, 0xb1,
    0x0, 0x0, 0x4f, 0xff, 0xff, 0xff, 0xff, 0xff,
    0xd0, 0x0, 0x2f, 0xff, 0xfd, 0x74, 0x6a, 0xff,
    0xff, 0x90, 0xa, 0xff, 0xfa, 0x0, 0x0, 0x5,
    0xff, 0xff, 0x11, 0xff, 0xfd, 0x0, 0x0, 0x0,
    0xa, 0xfe, 0xa2, 0x6f, 0xff, 0x70, 0x0, 0x0,
    0x0, 0x11, 0x0, 0x9, 0xff, 0xf4, 0x0, 0x0,
    0x0, 0x0, 0x0, 0x0, 0xbf, 0xff, 0x20, 0x0,
    0x0, 0x0, 0x0, 0x0, 0xb, 0xff, 0xf1, 0x0,
    0x0, 0x0, 0x0, 0x0, 0x0, 0xbf, 0xff, 0x20,
    0x0, 0x0, 0x0, 0x0, 0x0, 0xa, 0xff, 0xf4,
    0x0, 0x0, 0x0, 0x0, 0x0, 0x0, 0x6f, 0xff,
    0x70, 0x0, 0x0, 0x0, 0x6e, 0x94, 0x2, 0xff,
    0xfd, 0x0, 0x0, 0x0, 0xc, 0xff, 0xf4, 0xb,
    0xff, 0xf9, 0x0, 0x0, 0x7, 0xff, 0xfe, 0x0,
    0x2f, 0xff, 0xfd, 0x64, 0x6b, 0xff, 0xff, 0x60,
    0x0, 0x5f, 0xff, 0xff, 0xff, 0xff, 0xff, 0xa0,
    0x0, 0x0, 0x4e, 0xff, 0xff, 0xff, 0xff, 0x90,
    0x0, 0x0, 0x0, 0x6, 0xbe, 0xff, 0xd9, 0x30,
    0x0, 0x0,

    /* U+0044 "D" */
    0x2f, 0xff, 0xff, 0xff, 0xfe, 0xc8, 0x10, 0x0,
    0x2, 0xff, 0xff, 0xff, 0xff, 0xff, 0xff, 0x60,
    0x0, 0x2f, 0xff, 0xff, 0xff, 0xff, 0xff, 0xff,
    0x60, 0x2, 0xff, 0xfb, 0x33, 0x34, 0x6d, 0xff,
    0xff, 0x10, 0x2f, 0xff, 0xa0, 0x0, 0x0, 0xb,
    0xff, 0xf8, 0x2, 0xff, 0xfa, 0x0, 0x0, 0x0,
    0x1f, 0xff, 0xe0, 0x2f, 0xff, 0xa0, 0x0, 0x0,
    0x0, 0xbf, 0xff, 0x22, 0xff, 0xfa, 0x0, 0x0,
    0x0, 0x8, 0xff, 0xf5, 0x2f, 0xff, 0xa0, 0x0,
    0x0, 0x0, 0x7f, 0xff, 0x62, 0xff, 0xfa, 0x0,
    0x0, 0x0, 0x6, 0xff, 0xf7, 0x2f, 0xff, 0xa0,
    0x0, 0x0, 0x0, 0x7f, 0xff, 0x62, 0xff, 0xfa,
    0x0, 0x0, 0x0, 0x8, 0xff, 0xf5, 0x2f, 0xff,
    0xa0, 0x0, 0x0, 0x0, 0xbf, 0xff, 0x32, 0xff,
    0xfa, 0x0, 0x0, 0x0, 0xf, 0xff, 0xe0, 0x2f,
    0xff, 0xa0, 0x0, 0x0, 0x8, 0xff, 0xf8, 0x2,
    0xff, 0xfb, 0x33, 0x33, 0x5b, 0xff, 0xff, 0x10,
    0x2f, 0xff, 0xff, 0xff, 0xff, 0xff, 0xff, 0x50,
    0x2, 0xff, 0xff, 0xff, 0xff, 0xff, 0xff, 0x60,
    0x0, 0x2f, 0xff, 0xff, 0xff, 0xfe, 0xc7, 0x10,
    0x0, 0x0,

    /* U+0045 "E" */
    0x1f, 0xff, 0xff, 0xff, 0xff, 0xff, 0xff, 0xb0,
    0x1f, 0xff, 0xff, 0xff, 0xff, 0xff, 0xff, 0xb0,
    0x1f, 0xff, 0xff, 0xff, 0xff, 0xff, 0xff, 0xb0,
    0x1f, 0xff, 0xb3, 0x33, 0x33, 0x33, 0x33, 0x20,
    0x1f, 0xff, 0xa0, 0x0, 0x0, 0x0, 0x0, 0x0,
    0x1f, 0xff, 0xa0, 0x0, 0x0, 0x0, 0x0, 0x0,
    0x1f, 0xff, 0xa0, 0x0, 0x0, 0x0, 0x0, 0x0,
    0x1f, 0xff, 0xb3, 0x33, 0x33, 0x33, 0x33, 0x0,
    0x1f, 0xff, 0xff, 0xff, 0xff, 0xff, 0xff, 0x0,
    0x1f, 0xff, 0xff, 0xff, 0xff, 0xff, 0xff, 0x0,
    0x1f, 0xff, 0xff, 0xff, 0xff, 0xff, 0xff, 0x0,
    0x1f, 0xff, 0xa0, 0x0, 0x0, 0x0, 0x0, 0x0,
    0x1f, 0xff, 0xa0, 0x0, 0x0, 0x0, 0x0, 0x0,
    0x1f, 0xff, 0xa0, 0x0, 0x0, 0x0, 0x0, 0x0,
    0x1f, 0xff, 0xa0, 0x0, 0x0, 0x0, 0x0, 0x0,
    0x1f, 0xff, 0xb3, 0x33, 0x33, 0x33, 0x33, 0x30,
    0x1f, 0xff, 0xff, 0xff, 0xff, 0xff, 0xff, 0xf0,
    0x1f, 0xff, 0xff, 0xff, 0xff, 0xff, 0xff, 0xf0,
    0x1f, 0xff, 0xff, 0xff, 0xff, 0xff, 0xff, 0xf0,

    /* U+0046 "F" */
    0x1f, 0xff, 0xff, 0xff, 0xff, 0xff, 0xfa, 0x1f,
    0xff, 0xff, 0xff, 0xff, 0xff, 0xfa, 0x1f, 0xff,
    0xff, 0xff, 0xff, 0xff, 0xfa, 0x1f, 0xff, 0xb3,
    0x33, 0x33, 0x33, 0x32, 0x1f, 0xff, 0xa0, 0x0,
    0x0, 0x0, 0x0, 0x1f, 0xff, 0xa0, 0x0, 0x0,
    0x0, 0x0, 0x1f, 0xff, 0xa0, 0x0, 0x0, 0x0,
    0x0, 0x1f, 0xff, 0xb3, 0x33, 0x33, 0x33, 0x10,
    0x1f, 0xff, 0xff, 0xff, 0xff, 0xff, 0x70, 0x1f,
    0xff, 0xff, 0xff, 0xff, 0xff, 0x70, 0x1f, 0xff,
    0xff, 0xff, 0xff, 0xff, 0x70, 0x1f, 0xff, 0xa0,
    0x0, 0x0, 0x0, 0x0, 0x1f, 0xff, 0xa0, 0x0,
    0x0, 0x0, 0x0, 0x1f, 0xff, 0xa0, 0x0, 0x0,
    0x0, 0x0, 0x1f, 0xff, 0xa0, 0x0, 0x0, 0x0,
    0x0, 0x1f, 0xff, 0xa0, 0x0, 0x0, 0x0, 0x0,
    0x1f, 0xff, 0xa0, 0x0, 0x0, 0x0, 0x0, 0x1f,
    0xff, 0xa0, 0x0, 0x0, 0x0, 0x0, 0x1f, 0xff,
    0xa0, 0x0, 0x0, 0x0, 0x0,

    /* U+0047 "G" */
    0x0, 0x0, 0x3, 0x9c, 0xef, 0xfd, 0xa4, 0x0,
    0x0, 0x0, 0x2, 0xcf, 0xff, 0xff, 0xff, 0xff,
    0xc1, 0x0, 0x0, 0x3e, 0xff, 0xff, 0xff, 0xff,
    0xff, 0xfe, 0x10, 0x1, 0xef, 0xff, 0xf9, 0x54,
    0x6b, 0xff, 0xff, 0xa0, 0x9, 0xff, 0xfc, 0x10,
    0x0, 0x0, 0x5f, 0xff, 0xf1, 0x1f, 0xff, 0xf1,
    0x0, 0x0, 0x0, 0xa, 0xfc, 0x92, 0x5f, 0xff,
    0x80, 0x0, 0x0, 0x0, 0x0, 0x0, 0x0, 0x9f,
    0xff, 0x40, 0x0, 0x0, 0x0, 0x0, 0x0, 0x0,
    0xbf, 0xff, 0x20, 0x0, 0x1, 0x33, 0x33, 0x33,
    0x31, 0xbf, 0xff, 0x20, 0x0, 0x7, 0xff, 0xff,
    0xff, 0xfa, 0xbf, 0xff, 0x20, 0x0, 0x7, 0xff,
    0xff, 0xff, 0xfa, 0x8f, 0xff, 0x50, 0x0, 0x7,
    0xff, 0xff, 0xff, 0xfa, 0x5f, 0xff, 0xa0, 0x0,
    0x0, 0x0, 0x2, 0xff, 0xfa, 0xf, 0xff, 0xf2,
    0x0, 0x0, 0x0, 0x2, 0xff, 0xfa, 0x9, 0xff,
    0xfd, 0x20, 0x0, 0x0, 0x9, 0xff, 0xfa, 0x1,
    0xef, 0xff, 0xf9, 0x54, 0x69, 0xff, 0xff, 0xfa,
    0x0, 0x2e, 0xff, 0xff, 0xff, 0xff, 0xff, 0xff,
    0xe3, 0x0, 0x1, 0xbf, 0xff, 0xff, 0xff, 0xff,
    0xf8, 0x10, 0x0, 0x0, 0x3, 0x8c, 0xef, 0xed,
    0xa5, 0x0, 0x0,

    /* U+0048 "H" */
    0x1f, 0xff, 0xa0, 0x0, 0x0, 0x0, 0xff, 0xfc,
    0x1f, 0xff, 0xa0, 0x0, 0x0, 0x0, 0xff, 0xfc,
    0x1f, 0xff, 0xa0, 0x0, 0x0, 0x0, 0xff, 0xfc,
    0x1f, 0xff, 0xa0, 0x0, 0x0, 0x0, 0xff, 0xfc,
    0x1f, 0xff, 0xa0, 0x0, 0x0, 0x0, 0xff, 0xfc,
    0x1f, 0xff, 0xa0, 0x0, 0x0, 0x0, 0xff, 0xfc,
    0x1f, 0xff, 0xa0, 0x0, 0x0, 0x0, 0xff, 0xfc,
    0x1f, 0xff, 0xb3, 0x33, 0x33, 0x33, 0xff, 0xfc,
    0x1f, 0xff, 0xff, 0xff, 0xff, 0xff, 0xff, 0xfc,
    0x1f, 0xff, 0xff, 0xff, 0xff, 0xff, 0xff, 0xfc,
    0x1f, 0xff, 0xff, 0xff, 0xff, 0xff, 0xff, 0xfc,
    0x1f, 0xff, 0xa0, 0x0, 0x0, 0x0, 0xff, 0xfc,
    0x1f, 0xff, 0xa0, 0x0, 0x0, 0x0, 0xff, 0xfc,
    0x1f, 0xff, 0xa0, 0x0, 0x0, 0x0, 0xff, 0xfc,
    0x1f, 0xff, 0xa0, 0x0, 0x0, 0x0, 0xff, 0xfc,
    0x1f, 0xff, 0xa0, 0x0, 0x0, 0x0, 0xff, 0xfc,
    0x1f, 0xff, 0xa0, 0x0, 0x0, 0x0, 0xff, 0xfc,
    0x1f, 0xff, 0xa0, 0x0, 0x0, 0x0, 0xff, 0xfc,
    0x1f, 0xff, 0xa0, 0x0, 0x0, 0x0, 0xff, 0xfc,

    /* U+0049 "I" */
    0x3f, 0xff, 0x83, 0xff, 0xf8, 0x3f, 0xff, 0x83,
    0xff, 0xf8, 0x3f, 0xff, 0x83, 0xff, 0xf8, 0x3f,
    0xff, 0x83, 0xff, 0xf8, 0x3f, 0xff, 0x83, 0xff,
    0xf8, 0x3f, 0xff, 0x83, 0xff, 0xf8, 0x3f, 0xff,
    0x83, 0xff, 0xf8, 0x3f, 0xff, 0x83, 0xff, 0xf8,
    0x3f, 0xff, 0x83, 0xff, 0xf8, 0x3f, 0xff, 0x80,

    /* U+004A "J" */
    0x0, 0x0, 0x0, 0x0, 0x6f, 0xff, 0x50, 0x0,
    0x0, 0x0, 0x6, 0xff, 0xf5, 0x0, 0x0, 0x0,
    0x0, 0x6f, 0xff, 0x50, 0x0, 0x0, 0x0, 0x6,
    0xff, 0xf5, 0x0, 0x0, 0x0, 0x0, 0x6f, 0xff,
    0x50, 0x0, 0x0, 0x0, 0x6, 0xff, 0xf5, 0x0,
    0x0, 0x0, 0x0, 0x6f, 0xff, 0x50, 0x0, 0x0,
    0x0, 0x6, 0xff, 0xf5, 0x0, 0x0, 0x0, 0x0,
    0x6f, 0xff, 0x50, 0x0, 0x0, 0x0, 0x6, 0xff,
    0xf5, 0x0, 0x0, 0x0, 0x0, 0x6f, 0xff, 0x50,
    0x0, 0x0, 0x0, 0x6, 0xff, 0xf5, 0x13, 0x57,
    0x0, 0x0, 0x6f, 0xff, 0x58, 0xff, 0xf1, 0x0,
    0x7, 0xff, 0xf4, 0x6f, 0xff, 0x60, 0x0, 0xbf,
    0xff, 0x22, 0xff, 0xff, 0x75, 0x9f, 0xff, 0xd0,
    0xb, 0xff, 0xff, 0xff, 0xff, 0xf5, 0x0, 0x1d,
    0xff, 0xff, 0xff, 0xf8, 0x0, 0x0, 0x7, 0xcf,
    0xfd, 0xa3, 0x0, 0x0,

    /* U+004B "K" */
    0x1f, 0xff, 0xb0, 0x0, 0x0, 0x3, 0xff, 0xff,
    0xc0, 0x1f, 0xff, 0xb0, 0x0, 0x0, 0x2e, 0xff,
    0xfd, 0x10, 0x1f, 0xff, 0xb0, 0x0, 0x1, 0xdf,
    0xff, 0xd1, 0x0, 0x1f, 0xff, 0xb0, 0x0, 0xc,
    0xff, 0xfe, 0x20, 0x0, 0x1f, 0xff, 0xb0, 0x0,
    0xbf, 0xff, 0xe2, 0x0, 0x0, 0x1f, 0xff, 0xb0,
    0xa, 0xff, 0xff, 0x30, 0x0, 0x0, 0x1f, 0xff,
    0xb0, 0x8f, 0xff, 0xf3, 0x0, 0x0, 0x0, 0x1f,
    0xff, 0xb7, 0xff, 0xff, 0x80, 0x0, 0x0, 0x0,
    0x1f, 0xff, 0xef, 0xff, 0xff, 0xf1, 0x0, 0x0,
    0x0, 0x1f, 0xff, 0xff, 0xff, 0xff, 0xfa, 0x0,
    0x0, 0x0, 0x1f, 0xff, 0xff, 0xf6, 0xef, 0xff,
    0x40, 0x0, 0x0, 0x1f, 0xff, 0xff, 0x60, 0x7f,
    0xff, 0xe0, 0x0, 0x0, 0x1f, 0xff, 0xf6, 0x0,
    0xd, 0xff, 0xf9, 0x0, 0x0, 0x1f, 0xff, 0xb0,
    0x0, 0x4, 0xff, 0xff, 0x30, 0x0, 0x1f, 0xff,
    0xb0, 0x0, 0x0, 0xbf, 0xff, 0xd0, 0x0, 0x1f,
    0xff, 0xb0, 0x0, 0x0, 0x2f, 0xff, 0xf7, 0x0,
    0x1f, 0xff, 0xb0, 0x0, 0x0, 0x9, 0xff, 0xff,
    0x20, 0x1f, 0xff, 0xb0, 0x0, 0x0, 0x1, 0xef,
    0xff, 0xc0, 0x1f, 0xff, 0xb0, 0x0, 0x0, 0x0,
    0x6f, 0xff, 0xf6,

    /* U+004C "L" */
    0xff, 0xfc, 0x0, 0x0, 0x0, 0x0, 0x0, 0xff,
    0xfc, 0x0, 0x0, 0x0, 0x0, 0x0, 0xff, 0xfc,
    0x0, 0x0, 0x0, 0x0, 0x0, 0xff, 0xfc, 0x0,
    0x0, 0x0, 0x0, 0x0, 0xff, 0xfc, 0x0, 0x0,
    0x0, 0x0, 0x0, 0xff, 0xfc, 0x0, 0x0, 0x0,
    0x0, 0x0, 0xff, 0xfc, 0x0, 0x0, 0x0, 0x0,
    0x0, 0xff, 0xfc, 0x0, 0x0, 0x0, 0x0, 0x0,
    0xff, 0xfc, 0x0, 0x0, 0x0, 0x0, 0x0, 0xff,
    0xfc, 0x0, 0x0, 0x0, 0x0, 0x0, 0xff, 0xfc,
    0x0, 0x0, 0x0, 0x0, 0x0, 0xff, 0xfc, 0x0,
    0x0, 0x0, 0x0, 0x0, 0xff, 0xfc, 0x0, 0x0,
    0x0, 0x0, 0x0, 0xff, 0xfc, 0x0, 0x0, 0x0,
    0x0, 0x0, 0xff, 0xfc, 0x0, 0x0, 0x0, 0x0,
    0x0, 0xff, 0xfc, 0x33, 0x33, 0x33, 0x33, 0x30,
    0xff, 0xff, 0xff, 0xff, 0xff, 0xff, 0xf1, 0xff,
    0xff, 0xff, 0xff, 0xff, 0xff, 0xf1, 0xff, 0xff,
    0xff, 0xff, 0xff, 0xff, 0xf1,

    /* U+004D "M" */
    0x2f, 0xff, 0xff, 0x90, 0x0, 0x0, 0xe, 0xff,
    0xff, 0xd2, 0xff, 0xff, 0xfd, 0x0, 0x0, 0x3,
    0xff, 0xff, 0xfd, 0x2f, 0xff, 0xff, 0xf1, 0x0,
    0x0, 0x7f, 0xff, 0xff, 0xd2, 0xff, 0xff, 0xff,
    0x60, 0x0, 0xb, 0xff, 0xff, 0xfd, 0x2f, 0xff,
    0xef, 0xfa, 0x0, 0x0, 0xff, 0xfe, 0xff, 0xd2,
    0xff, 0xfa, 0xff, 0xe0, 0x0, 0x3f, 0xff, 0xbf,
    0xfd, 0x2f, 0xff, 0x6f, 0xff, 0x20, 0x7, 0xff,
    0xba, 0xff, 0xd2, 0xff, 0xf5, 0xdf, 0xf6, 0x0,
    0xcf, 0xf7, 0xaf, 0xfd, 0x2f, 0xff, 0x59, 0xff,
    0xa0, 0xf, 0xff, 0x3a, 0xff, 0xd2, 0xff, 0xf5,
    0x5f, 0xfe, 0x4, 0xff, 0xf0, 0xaf, 0xfd, 0x2f,
    0xff, 0x51, 0xff, 0xf3, 0x8f, 0xfb, 0xa, 0xff,
    0xd2, 0xff, 0xf5, 0xd, 0xff, 0x7c, 0xff, 0x70,
    0xaf, 0xfd, 0x2f, 0xff, 0x50, 0x9f, 0xfc, 0xff,
    0xf3, 0xa, 0xff, 0xd2, 0xff, 0xf5, 0x5, 0xff,
    0xff, 0xff, 0x0, 0xaf, 0xfd, 0x2f, 0xff, 0x50,
    0x1f, 0xff, 0xff, 0xb0, 0xa, 0xff, 0xd2, 0xff,
    0xf5, 0x0, 0xdf, 0xff, 0xf7, 0x0, 0xaf, 0xfd,
    0x2f, 0xff, 0x50, 0x9, 0xff, 0xff, 0x30, 0xa,
    0xff, 0xd2, 0xff, 0xf5, 0x0, 0x5f, 0xff, 0xf0,
    0x0, 0xaf, 0xfd, 0x2f, 0xff, 0x50, 0x1, 0xff,
    0xfb, 0x0, 0xa, 0xff, 0xd0,

    /* U+004E "N" */
    0x1f, 0xff, 0xd0, 0x0, 0x0, 0x0, 0xcf, 0xfb,
    0x1f, 0xff, 0xf7, 0x0, 0x0, 0x0, 0xcf, 0xfb,
    0x1f, 0xff, 0xff, 0x20, 0x0, 0x0, 0xcf, 0xfb,
    0x1f, 0xff, 0xff, 0xb0, 0x0, 0x0, 0xcf, 0xfb,
    0x1f, 0xff, 0xff, 0xf4, 0x0, 0x0, 0xcf, 0xfb,
    0x1f, 0xff, 0xff, 0xfd, 0x0, 0x0, 0xcf, 0xfb,
    0x1f, 0xff, 0xff, 0xff, 0x70, 0x0, 0xcf, 0xfb,
    0x1f, 0xff, 0x8f, 0xff, 0xf2, 0x0, 0xcf, 0xfb,
    0x1f, 0xff, 0x66, 0xff, 0xfb, 0x0, 0xcf, 0xfb,
    0x1f, 0xff, 0x60, 0xdf, 0xff, 0x40, 0xcf, 0xfb,
    0x1f, 0xff, 0x60, 0x3f, 0xff, 0xd0, 0xcf, 0xfb,
    0x1f, 0xff, 0x60, 0x9, 0xff, 0xf7, 0xcf, 0xfb,
    0x1f, 0xff, 0x60, 0x1, 0xef, 0xff, 0xef, 0xfb,
    0x1f, 0xff, 0x60, 0x0, 0x6f, 0xff, 0xff, 0xfb,
    0x1f, 0xff, 0x60, 0x0, 0xc, 0xff, 0xff, 0xfb,
    0x1f, 0xff, 0x60, 0x0, 0x3, 0xff, 0xff, 0xfb,
    0x1f, 0xff, 0x60, 0x0, 0x0, 0x9f, 0xff, 0xfb,
    0x1f, 0xff, 0x60, 0x0, 0x0, 0x1e, 0xff, 0xfb,
    0x1f, 0xff, 0x60, 0x0, 0x0, 0x6, 0xff, 0xfb,

    /* U+004F "O" */
    0x0, 0x0, 0x5, 0xad, 0xff, 0xeb, 0x71, 0x0,
    0x0, 0x0, 0x0, 0x4e, 0xff, 0xff, 0xff, 0xff,
    0xf7, 0x0, 0x0, 0x0, 0x5f, 0xff, 0xff, 0xff,
    0xff, 0xff, 0xfa, 0x0, 0x0, 0x3f, 0xff, 0xfe,
    0x85, 0x46, 0xcf, 0xff, 0xf7, 0x0, 0xc, 0xff,
    0xfb, 0x0, 0x0, 0x0, 0x7f, 0xff, 0xf1, 0x3,
    0xff, 0xfe, 0x0, 0x0, 0x0, 0x0, 0xaf, 0xff,
    0x80, 0x8f, 0xff, 0x70, 0x0, 0x0, 0x0, 0x2,
    0xff, 0xfc, 0xb, 0xff, 0xf3, 0x0, 0x0, 0x0,
    0x0, 0xe, 0xff, 0xf0, 0xcf, 0xff, 0x0, 0x0,
    0x0, 0x0, 0x0, 0xcf, 0xff, 0x1d, 0xff, 0xf0,
    0x0, 0x0, 0x0, 0x0, 0xb, 0xff, 0xf2, 0xcf,
    0xff, 0x10, 0x0, 0x0, 0x0, 0x0, 0xcf, 0xff,
    0x1b, 0xff, 0xf3, 0x0, 0x0, 0x0, 0x0, 0xe,
    0xff, 0xf0, 0x8f, 0xff, 0x70, 0x0, 0x0, 0x0,
    0x3, 0xff, 0xfd, 0x3, 0xff, 0xfe, 0x10, 0x0,
    0x0, 0x0, 0xaf, 0xff, 0x80, 0xc, 0xff, 0xfc,
    0x10, 0x0, 0x0, 0x8f, 0xff, 0xf1, 0x0, 0x3f,
    0xff, 0xfe, 0x85, 0x47, 0xdf, 0xff, 0xf8, 0x0,
    0x0, 0x6f, 0xff, 0xff, 0xff, 0xff, 0xff, 0xfa,
    0x0, 0x0, 0x0, 0x4d, 0xff, 0xff, 0xff, 0xff,
    0xf7, 0x0, 0x0, 0x0, 0x0, 0x5, 0xad, 0xff,
    0xeb, 0x71, 0x0, 0x0, 0x0,

    /* U+0050 "P" */
    0x1f, 0xff, 0xff, 0xff, 0xfe, 0xda, 0x30, 0x0,
    0x1f, 0xff, 0xff, 0xff, 0xff, 0xff, 0xf7, 0x0,
    0x1f, 0xff, 0xff, 0xff, 0xff, 0xff, 0xff, 0x40,
    0x1f, 0xff, 0xb3, 0x33, 0x47, 0xef, 0xff, 0xb0,
    0x1f, 0xff, 0xa0, 0x0, 0x0, 0x2f, 0xff, 0xf0,
    0x1f, 0xff, 0xa0, 0x0, 0x0, 0xc, 0xff, 0xf2,
    0x1f, 0xff, 0xa0, 0x0, 0x0, 0xc, 0xff, 0xf1,
    0x1f, 0xff, 0xa0, 0x0, 0x0, 0x3f, 0xff, 0xf0,
    0x1f, 0xff, 0xb3, 0x33, 0x48, 0xff, 0xff, 0xa0,
    0x1f, 0xff, 0xff, 0xff, 0xff, 0xff, 0xff, 0x20,
    0x1f, 0xff, 0xff, 0xff, 0xff, 0xff, 0xf4, 0x0,
    0x1f, 0xff, 0xff, 0xff, 0xfe, 0xc8, 0x10, 0x0,
    0x1f, 0xff, 0xa0, 0x0, 0x0, 0x0, 0x0, 0x0,
    0x1f, 0xff, 0xa0, 0x0, 0x0, 0x0, 0x0, 0x0,
    0x1f, 0xff, 0xa0, 0x0, 0x0, 0x0, 0x0, 0x0,
    0x1f, 0xff, 0xa0, 0x0, 0x0, 0x0, 0x0, 0x0,
    0x1f, 0xff, 0xa0, 0x0, 0x0, 0x0, 0x0, 0x0,
    0x1f, 0xff, 0xa0, 0x0, 0x0, 0x0, 0x0, 0x0,
    0x1f, 0xff, 0xa0, 0x0, 0x0, 0x0, 0x0, 0x0,

    /* U+0051 "Q" */
    0x0, 0x0, 0x5, 0xad, 0xff, 0xeb, 0x71, 0x0,
    0x0, 0x0, 0x0, 0x4d, 0xff, 0xff, 0xff, 0xff,
    0xf8, 0x0, 0x0, 0x0, 0x6f, 0xff, 0xff, 0xff,
    0xff, 0xff, 0xfa, 0x0, 0x0, 0x3f, 0xff, 0xfe,
    0x85, 0x47, 0xcf, 0xff, 0xf8, 0x0, 0xc, 0xff,
    0xfb, 0x10, 0x0, 0x0, 0x7f, 0xff, 0xf1, 0x3,
    0xff, 0xfe, 0x10, 0x0, 0x0, 0x0, 0xaf, 0xff,
    0x80, 0x8f, 0xff, 0x70, 0x0, 0x0, 0x0, 0x2,
    0xff, 0xfc, 0xb, 0xff, 0xf3, 0x0, 0x0, 0x0,
    0x0, 0xe, 0xff, 0xf0, 0xcf, 0xff, 0x0, 0x0,
    0x0, 0x0, 0x0, 0xcf, 0xff, 0x1d, 0xff, 0xf0,
    0x0, 0x0, 0x0, 0x0, 0xb, 0xff, 0xf2, 0xcf,
    0xff, 0x0, 0x0, 0x0, 0x0, 0x0, 0xcf, 0xff,
    0x1b, 0xff, 0xf3, 0x0, 0x0, 0x0, 0x0, 0xe,
    0xff, 0xf0, 0x8f, 0xff, 0x70, 0x0, 0x7, 0x20,
    0x2, 0xff, 0xfc, 0x3, 0xff, 0xfd, 0x0, 0x4,
    0xff, 0x90, 0xaf, 0xff, 0x80, 0xc, 0xff, 0xfa,
    0x0, 0x6e, 0xff, 0xef, 0xff, 0xf1, 0x0, 0x3f,
    0xff, 0xfd, 0x63, 0x4d, 0xff, 0xff, 0xf7, 0x0,
    0x0, 0x6f, 0xff, 0xff, 0xff, 0xff, 0xff, 0xff,
    0x40, 0x0, 0x0, 0x4e, 0xff, 0xff, 0xff, 0xff,
    0xff, 0xff, 0xb4, 0x0, 0x0, 0x5, 0xad, 0xff,
    0xeb, 0x75, 0xef, 0xff, 0x80, 0x0, 0x0, 0x0,
    0x0, 0x0, 0x0, 0x1, 0xaf, 0xf1, 0x0, 0x0,
    0x0, 0x0, 0x0, 0x0, 0x0, 0x0, 0x24, 0x0,

    /* U+0052 "R" */
    0x1f, 0xff, 0xff, 0xff, 0xff, 0xfd, 0xa4, 0x0,
    0x0, 0x1f, 0xff, 0xff, 0xff, 0xff, 0xff, 0xff,
    0x90, 0x0, 0x1f, 0xff, 0xff, 0xff, 0xff, 0xff,
    0xff, 0xf5, 0x0, 0x1f, 0xff, 0xb3, 0x33, 0x33,
    0x5c, 0xff, 0xfd, 0x0, 0x1f, 0xff, 0xa0, 0x0,
    0x0, 0x0, 0xff, 0xff, 0x0, 0x1f, 0xff, 0xa0,
    0x0, 0x0, 0x0, 0xcf, 0xff, 0x10, 0x1f, 0xff,
    0xa0, 0x0, 0x0, 0x0, 0xef, 0xff, 0x0, 0x1f,
    0xff, 0xa0, 0x0, 0x0, 0x2a, 0xff, 0xfb, 0x0,
    0x1f, 0xff, 0xff, 0xff, 0xff, 0xff, 0xff, 0xf2,
    0x0, 0x1f, 0xff, 0xff, 0xff, 0xff, 0xff, 0xfd,
    0x30, 0x0, 0x1f, 0xff, 0xff, 0xff, 0xff, 0xfb,
    0x40, 0x0, 0x0, 0x1f, 0xff, 0xa0, 0x15, 0xef,
    0xff, 0x70, 0x0, 0x0, 0x1f, 0xff, 0xa0, 0x0,
    0x3f, 0xff, 0xf7, 0x0, 0x0, 0x1f, 0xff, 0xa0,
    0x0, 0x7, 0xff, 0xff, 0x30, 0x0, 0x1f, 0xff,
    0xa0, 0x0, 0x0, 0xcf, 0xff, 0xd0, 0x0, 0x1f,
    0xff, 0xa0, 0x0, 0x0, 0x2f, 0xff, 0xf8, 0x0,
    0x1f, 0xff, 0xa0, 0x0, 0x0, 0x7, 0xff, 0xff,
    0x20, 0x1f, 0xff, 0xa0, 0x0, 0x0, 0x0, 0xdf,
    0xff, 0xb0, 0x1f, 0xff, 0xa0, 0x0, 0x0, 0x0,
    0x3f, 0xff, 0xf5,

    /* U+0053 "S" */
    0x0, 0x0, 0x39, 0xde, 0xfe, 0xc9, 0x20, 0x0,
    0x0, 0x0, 0x9f, 0xff, 0xff, 0xff, 0xff, 0x80,
    0x0, 0x0, 0x8f, 0xff, 0xff, 0xff, 0xff, 0xff,
    0x70, 0x0, 0x1f, 0xff, 0xf8, 0x43, 0x4a, 0xff,
    0xff, 0x10, 0x4, 0xff, 0xf5, 0x0, 0x0, 0xa,
    0xff, 0xf5, 0x0, 0x5f, 0xff, 0x60, 0x0, 0x0,
    0x3b, 0xbb, 0x50, 0x2, 0xff, 0xff, 0x82, 0x0,
    0x0, 0x0, 0x0, 0x0, 0xb, 0xff, 0xff, 0xfe,
    0xa6, 0x10, 0x0, 0x0, 0x0, 0x1d, 0xff, 0xff,
    0xff, 0xff, 0xb3, 0x0, 0x0, 0x0, 0x8, 0xef,
    0xff, 0xff, 0xff, 0xf7, 0x0, 0x0, 0x0, 0x0,
    0x48, 0xdf, 0xff, 0xff, 0xf4, 0x0, 0x0, 0x0,
    0x0, 0x0, 0x15, 0xdf, 0xff, 0xc0, 0x6, 0x79,
    0x70, 0x0, 0x0, 0x0, 0xef, 0xff, 0x0, 0xef,
    0xff, 0x0, 0x0, 0x0, 0xc, 0xff, 0xf0, 0xa,
    0xff, 0xf9, 0x0, 0x0, 0x3, 0xff, 0xfe, 0x0,
    0x3f, 0xff, 0xfb, 0x64, 0x58, 0xff, 0xff, 0x90,
    0x0, 0x9f, 0xff, 0xff, 0xff, 0xff, 0xff, 0xe1,
    0x0, 0x0, 0x9f, 0xff, 0xff, 0xff, 0xff, 0xd2,
    0x0, 0x0, 0x0, 0x39, 0xce, 0xff, 0xda, 0x50,
    0x0, 0x0,

    /* U+0054 "T" */
    0x7f, 0xff, 0xff, 0xff, 0xff, 0xff, 0xff, 0xf5,
    0x7f, 0xff, 0xff, 0xff, 0xff, 0xff, 0xff, 0xf5,
    0x7f, 0xff, 0xff, 0xff, 0xff, 0xff, 0xff, 0xf5,
    0x13, 0x33, 0x33, 0xff, 0xfe, 0x33, 0x33, 0x31,
    0x0, 0x0, 0x0, 0xef, 0xfd, 0x0, 0x0, 0x0,
    0x0, 0x0, 0x0, 0xef, 0xfd, 0x0, 0x0, 0x0,
    0x0, 0x0, 0x0, 0xef, 0xfd, 0x0, 0x0, 0x0,
    0x0, 0x0, 0x0, 0xef, 0xfd, 0x0, 0x0, 0x0,
    0x0, 0x0, 0x0, 0xef, 0xfd, 0x0, 0x0, 0x0,
    0x0, 0x0, 0x0, 0xef, 0xfd, 0x0, 0x0, 0x0,
    0x0, 0x0, 0x0, 0xef, 0xfd, 0x0, 0x0, 0x0,
    0x0, 0x0, 0x0, 0xef, 0xfd, 0x0, 0x0, 0x0,
    0x0, 0x0, 0x0, 0xef, 0xfd, 0x0, 0x0, 0x0,
    0x0, 0x0, 0x0, 0xef, 0xfd, 0x0, 0x0, 0x0,
    0x0, 0x0, 0x0, 0xef, 0xfd, 0x0, 0x0, 0x0,
    0x0, 0x0, 0x0, 0xef, 0xfd, 0x0, 0x0, 0x0,
    0x0, 0x0, 0x0, 0xef, 0xfd, 0x0, 0x0, 0x0,
    0x0, 0x0, 0x0, 0xef, 0xfd, 0x0, 0x0, 0x0,
    0x0, 0x0, 0x0, 0xef, 0xfd, 0x0, 0x0, 0x0,

    /* U+0055 "U" */
    0x2f, 0xff, 0xa0, 0x0, 0x0, 0x0, 0xff, 0xfb,
    0x2f, 0xff, 0xa0, 0x0, 0x0, 0x0, 0xff, 0xfb,
    0x2f, 0xff, 0xa0, 0x0, 0x0, 0x0, 0xff, 0xfb,
    0x2f, 0xff, 0xa0, 0x0, 0x0, 0x0, 0xff, 0xfb,
    0x2f, 0xff, 0xa0, 0x0, 0x0, 0x0, 0xff, 0xfb,
    0x2f, 0xff, 0xa0, 0x0, 0x0, 0x0, 0xff, 0xfb,
    0x2f, 0xff, 0xa0, 0x0, 0x0, 0x0, 0xff, 0xfb,
    0x2f, 0xff, 0xa0, 0x0, 0x0, 0x0, 0xff, 0xfb,
    0x2f, 0xff, 0xa0, 0x0, 0x0, 0x0, 0xff, 0xfb,
    0x2f, 0xff, 0xa0, 0x0, 0x0, 0x0, 0xff, 0xfb,
    0x2f, 0xff, 0xa0, 0x0, 0x0, 0x0, 0xff, 0xfb,
    0x1f, 0xff, 0xa0, 0x0, 0x0, 0x1, 0xff, 0xfa,
    0xf, 0xff, 0xb0, 0x0, 0x0, 0x1, 0xff, 0xfa,
    0xf, 0xff, 0xe0, 0x0, 0x0, 0x4, 0xff, 0xf8,
    0xc, 0xff, 0xf6, 0x0, 0x0, 0xb, 0xff, 0xf6,
    0x7, 0xff, 0xff, 0xa5, 0x46, 0xcf, 0xff, 0xf1,
    0x0, 0xdf, 0xff, 0xff, 0xff, 0xff, 0xff, 0x80,
    0x0, 0x1c, 0xff, 0xff, 0xff, 0xff, 0xf9, 0x0,
    0x0, 0x0, 0x6b, 0xef, 0xfe, 0xd9, 0x30, 0x0,

    /* U+0056 "V" */
    0xd, 0xff, 0xf3, 0x0, 0x0, 0x0, 0x0, 0xdf,
    0xff, 0x20, 0x7f, 0xff, 0x90, 0x0, 0x0, 0x0,
    0x2f, 0xff, 0xc0, 0x2, 0xff, 0xfe, 0x0, 0x0,
    0x0, 0x7, 0xff, 0xf6, 0x0, 0xc, 0xff, 0xf3,
    0x0, 0x0, 0x0, 0xcf, 0xff, 0x10, 0x0, 0x7f,
    0xff, 0x90, 0x0, 0x0, 0x2f, 0xff, 0xb0, 0x0,
    0x1, 0xff, 0xfe, 0x0, 0x0, 0x7, 0xff, 0xf6,
    0x0, 0x0, 0xb, 0xff, 0xf3, 0x0, 0x0, 0xcf,
    0xff, 0x0, 0x0, 0x0, 0x6f, 0xff, 0x90, 0x0,
    0x1f, 0xff, 0xa0, 0x0, 0x0, 0x1, 0xff, 0xfe,
    0x0, 0x6, 0xff, 0xf5, 0x0, 0x0, 0x0, 0xb,
    0xff, 0xf3, 0x0, 0xcf, 0xff, 0x0, 0x0, 0x0,
    0x0, 0x5f, 0xff, 0x90, 0x1f, 0xff, 0xa0, 0x0,
    0x0, 0x0, 0x0, 0xff, 0xfe, 0x6, 0xff, 0xf4,
    0x0, 0x0, 0x0, 0x0, 0xa, 0xff, 0xf3, 0xbf,
    0xfe, 0x0, 0x0, 0x0, 0x0, 0x0, 0x4f, 0xff,
    0xaf, 0xff, 0x90, 0x0, 0x0, 0x0, 0x0, 0x0,
    0xef, 0xff, 0xff, 0xf3, 0x0, 0x0, 0x0, 0x0,
    0x0, 0x9, 0xff, 0xff, 0xfe, 0x0, 0x0, 0x0,
    0x0, 0x0, 0x0, 0x3f, 0xff, 0xff, 0x80, 0x0,
    0x0, 0x0, 0x0, 0x0, 0x0, 0xef, 0xff, 0xf2,
    0x0, 0x0, 0x0, 0x0, 0x0, 0x0, 0x8, 0xff,
    0xfd, 0x0, 0x0, 0x0, 0x0,

    /* U+0057 "W" */
    0xcf, 0xff, 0x0, 0x0, 0x0, 0xff, 0xff, 0xb0,
    0x0, 0x0, 0x6f, 0xff, 0x68, 0xff, 0xf4, 0x0,
    0x0, 0x4f, 0xff, 0xff, 0x0, 0x0, 0x9, 0xff,
    0xf2, 0x5f, 0xff, 0x70, 0x0, 0x8, 0xff, 0xff,
    0xf3, 0x0, 0x0, 0xcf, 0xfe, 0x1, 0xff, 0xfa,
    0x0, 0x0, 0xcf, 0xff, 0xff, 0x70, 0x0, 0xf,
    0xff, 0xa0, 0xd, 0xff, 0xe0, 0x0, 0xf, 0xff,
    0xff, 0xfb, 0x0, 0x3, 0xff, 0xf7, 0x0, 0xaf,
    0xff, 0x10, 0x4, 0xff, 0xfa, 0xff, 0xf0, 0x0,
    0x7f, 0xff, 0x30, 0x6, 0xff, 0xf5, 0x0, 0x8f,
    0xfd, 0x4f, 0xff, 0x30, 0xa, 0xff, 0xf0, 0x0,
    0x2f, 0xff, 0x80, 0xd, 0xff, 0x90, 0xff, 0xf7,
    0x0, 0xef, 0xfb, 0x0, 0x0, 0xef, 0xfc, 0x1,
    0xff, 0xf5, 0xb, 0xff, 0xb0, 0x1f, 0xff, 0x70,
    0x0, 0xb, 0xff, 0xf0, 0x5f, 0xff, 0x10, 0x7f,
    0xfe, 0x5, 0xff, 0xf4, 0x0, 0x0, 0x7f, 0xff,
    0x29, 0xff, 0xd0, 0x3, 0xff, 0xf3, 0x8f, 0xff,
    0x0, 0x0, 0x3, 0xff, 0xf6, 0xdf, 0xf8, 0x0,
    0xf, 0xff, 0x7b, 0xff, 0xc0, 0x0, 0x0, 0xf,
    0xff, 0xbf, 0xff, 0x40, 0x0, 0xbf, 0xfb, 0xff,
    0xf8, 0x0, 0x0, 0x0, 0xcf, 0xff, 0xff, 0xf0,
    0x0, 0x6, 0xff, 0xff, 0xff, 0x40, 0x0, 0x0,
    0x8, 0xff, 0xff, 0xfc, 0x0, 0x0, 0x2f, 0xff,
    0xff, 0xf1, 0x0, 0x0, 0x0, 0x4f, 0xff, 0xff,
    0x80, 0x0, 0x0, 0xef, 0xff, 0xfd, 0x0, 0x0,
    0x0, 0x0, 0xff, 0xff, 0xf4, 0x0, 0x0, 0xa,
    0xff, 0xff, 0x90, 0x0, 0x0, 0x0, 0xd, 0xff,
    0xff, 0x0, 0x0, 0x0, 0x6f, 0xff, 0xf5, 0x0,
    0x0, 0x0, 0x0, 0x9f, 0xff, 0xb0, 0x0, 0x0,
    0x1, 0xff, 0xff, 0x10, 0x0, 0x0,

    /* U+0058 "X" */
    0x2f, 0xff, 0xf4, 0x0, 0x0, 0x0, 0xef, 0xff,
    0x60, 0x7, 0xff, 0xfd, 0x0, 0x0, 0x8, 0xff,
    0xfc, 0x0, 0x0, 0xcf, 0xff, 0x80, 0x0, 0x2f,
    0xff, 0xf2, 0x0, 0x0, 0x3f, 0xff, 0xf2, 0x0,
    0xbf, 0xff, 0x80, 0x0, 0x0, 0x8, 0xff, 0xfb,
    0x5, 0xff, 0xfd, 0x0, 0x0, 0x0, 0x0, 0xdf,
    0xff, 0x6e, 0xff, 0xf4, 0x0, 0x0, 0x0, 0x0,
    0x4f, 0xff, 0xff, 0xff, 0xa0, 0x0, 0x0, 0x0,
    0x0, 0xa, 0xff, 0xff, 0xfe, 0x10, 0x0, 0x0,
    0x0, 0x0, 0x1, 0xef, 0xff, 0xf6, 0x0, 0x0,
    0x0, 0x0, 0x0, 0x0, 0xdf, 0xff, 0xf2, 0x0,
    0x0, 0x0, 0x0, 0x0, 0x8, 0xff, 0xff, 0xfc,
    0x0, 0x0, 0x0, 0x0, 0x0, 0x3f, 0xff, 0xff,
    0xff, 0x60, 0x0, 0x0, 0x0, 0x0, 0xdf, 0xff,
    0xcf, 0xff, 0xf1, 0x0, 0x0, 0x0, 0x7, 0xff,
    0xfe, 0xa, 0xff, 0xfb, 0x0, 0x0, 0x0, 0x2f,
    0xff, 0xf5, 0x1, 0xff, 0xff, 0x50, 0x0, 0x0,
    0xcf, 0xff, 0xb0, 0x0, 0x6f, 0xff, 0xe1, 0x0,
    0x6, 0xff, 0xff, 0x10, 0x0, 0xc, 0xff, 0xfa,
    0x0, 0x1f, 0xff, 0xf7, 0x0, 0x0, 0x3, 0xff,
    0xff, 0x50, 0xaf, 0xff, 0xc0, 0x0, 0x0, 0x0,
    0x8f, 0xff, 0xe1,

    /* U+0059 "Y" */
    0xb, 0xff, 0xfa, 0x0, 0x0, 0x0, 0x4, 0xff,
    0xff, 0x10, 0x2f, 0xff, 0xf3, 0x0, 0x0, 0x0,
    0xdf, 0xff, 0x70, 0x0, 0x7f, 0xff, 0xd0, 0x0,
    0x0, 0x6f, 0xff, 0xc0, 0x0, 0x0, 0xdf, 0xff,
    0x60, 0x0, 0xe, 0xff, 0xf3, 0x0, 0x0, 0x3,
    0xff, 0xfe, 0x10, 0x8, 0xff, 0xf9, 0x0, 0x0,
    0x0, 0xa, 0xff, 0xf9, 0x2, 0xff, 0xfe, 0x0,
    0x0, 0x0, 0x0, 0x1e, 0xff, 0xf2, 0xaf, 0xff,
    0x50, 0x0, 0x0, 0x0, 0x0, 0x6f, 0xff, 0xdf,
    0xff, 0xb0, 0x0, 0x0, 0x0, 0x0, 0x0, 0xcf,
    0xff, 0xff, 0xf2, 0x0, 0x0, 0x0, 0x0, 0x0,
    0x2, 0xff, 0xff, 0xf7, 0x0, 0x0, 0x0, 0x0,
    0x0, 0x0, 0x8, 0xff, 0xfd, 0x0, 0x0, 0x0,
    0x0, 0x0, 0x0, 0x0, 0x3f, 0xff, 0x80, 0x0,
    0x0, 0x0, 0x0, 0x0, 0x0, 0x3, 0xff, 0xf8,
    0x0, 0x0, 0x0, 0x0, 0x0, 0x0, 0x0, 0x3f,
    0xff, 0x80, 0x0, 0x0, 0x0, 0x0, 0x0, 0x0,
    0x3, 0xff, 0xf8, 0x0, 0x0, 0x0, 0x0, 0x0,
    0x0, 0x0, 0x3f, 0xff, 0x80, 0x0, 0x0, 0x0,
    0x0, 0x0, 0x0, 0x3, 0xff, 0xf8, 0x0, 0x0,
    0x0, 0x0, 0x0, 0x0, 0x0, 0x3f, 0xff, 0x80,
    0x0, 0x0, 0x0, 0x0, 0x0, 0x0, 0x3, 0xff,
    0xf8, 0x0, 0x0, 0x0, 0x0,

    /* U+005A "Z" */
    0x9, 0xff, 0xff, 0xff, 0xff, 0xff, 0xff, 0xf0,
    0x9, 0xff, 0xff, 0xff, 0xff, 0xff, 0xff, 0xf0,
    0x9, 0xff, 0xff, 0xff, 0xff, 0xff, 0xff, 0xf0,
    0x1, 0x33, 0x33, 0x33, 0x36, 0xff, 0xff, 0x90,
    0x0, 0x0, 0x0, 0x0, 0x1e, 0xff, 0xfc, 0x0,
    0x0, 0x0, 0x0, 0x0, 0xbf, 0xff, 0xe1, 0x0,
    0x0, 0x0, 0x0, 0x8, 0xff, 0xff, 0x30, 0x0,
    0x0, 0x0, 0x0, 0x5f, 0xff, 0xf6, 0x0, 0x0,
    0x0, 0x0, 0x2, 0xff, 0xff, 0x90, 0x0, 0x0,
    0x0, 0x0, 0x1d, 0xff, 0xfc, 0x0, 0x0, 0x0,
    0x0, 0x0, 0xbf, 0xff, 0xe1, 0x0, 0x0, 0x0,
    0x0, 0x8, 0xff, 0xff, 0x40, 0x0, 0x0, 0x0,
    0x0, 0x4f, 0xff, 0xf7, 0x0, 0x0, 0x0, 0x0,
    0x2, 0xff, 0xff, 0xa0, 0x0, 0x0, 0x0, 0x0,
    0xd, 0xff, 0xfd, 0x0, 0x0, 0x0, 0x0, 0x0,
    0x9f, 0xff, 0xf5, 0x33, 0x33, 0x33, 0x33, 0x31,
    0xbf, 0xff, 0xff, 0xff, 0xff, 0xff, 0xff, 0xf6,
    0xbf, 0xff, 0xff, 0xff, 0xff, 0xff, 0xff, 0xf6,
    0xbf, 0xff, 0xff, 0xff, 0xff, 0xff, 0xff, 0xf6,

    /* U+005B "[" */
    0x2f, 0xff, 0xff, 0xf2, 0x2f, 0xff, 0xff, 0xf2,
    0x2f, 0xff, 0xed, 0xd2, 0x2f, 0xff, 0x40, 0x0,
    0x2f, 0xff, 0x40, 0x0, 0x2f, 0xff, 0x40, 0x0,
    0x2f, 0xff, 0x40, 0x0, 0x2f, 0xff, 0x40, 0x0,
    0x2f, 0xff, 0x40, 0x0, 0x2f, 0xff, 0x40, 0x0,
    0x2f, 0xff, 0x40, 0x0, 0x2f, 0xff, 0x40, 0x0,
    0x2f, 0xff, 0x40, 0x0, 0x2f, 0xff, 0x40, 0x0,
    0x2f, 0xff, 0x40, 0x0, 0x2f, 0xff, 0x40, 0x0,
    0x2f, 0xff, 0x40, 0x0, 0x2f, 0xff, 0x40, 0x0,
    0x2f, 0xff, 0x40, 0x0, 0x2f, 0xff, 0x40, 0x0,
    0x2f, 0xff, 0x40, 0x0, 0x2f, 0xff, 0xed, 0xd2,
    0x2f, 0xff, 0xff, 0xf2, 0x2f, 0xff, 0xff, 0xf2,

    /* U+005C "\\" */
    0xe, 0xfb, 0x0, 0x0, 0x0, 0xaf, 0xf0, 0x0,
    0x0, 0x6, 0xff, 0x30, 0x0, 0x0, 0x2f, 0xf7,
    0x0, 0x0, 0x0, 0xef, 0xb0, 0x0, 0x0, 0xb,
    0xfe, 0x0, 0x0, 0x0, 0x7f, 0xf2, 0x0, 0x0,
    0x3, 0xff, 0x60, 0x0, 0x0, 0xf, 0xfa, 0x0,
    0x0, 0x0, 0xbf, 0xe0, 0x0, 0x0, 0x7, 0xff,
    0x20, 0x0, 0x0, 0x3f, 0xf6, 0x0, 0x0, 0x0,
    0xff, 0xa0, 0x0, 0x0, 0xc, 0xfe, 0x0, 0x0,
    0x0, 0x8f, 0xf2, 0x0, 0x0, 0x4, 0xff, 0x60,
    0x0, 0x0, 0xf, 0xfa, 0x0, 0x0, 0x0, 0xcf,
    0xe0, 0x0, 0x0, 0x8, 0xff, 0x20,

    /* U+005D "]" */
    0x8f, 0xff, 0xff, 0xd8, 0xff, 0xff, 0xfd, 0x6d,
    0xde, 0xff, 0xd0, 0x0, 0x9f, 0xfd, 0x0, 0x9,
    0xff, 0xd0, 0x0, 0x9f, 0xfd, 0x0, 0x9, 0xff,
    0xd0, 0x0, 0x9f, 0xfd, 0x0, 0x9, 0xff, 0xd0,
    0x0, 0x9f, 0xfd, 0x0, 0x9, 0xff, 0xd0, 0x0,
    0x9f, 0xfd, 0x0, 0x9, 0xff, 0xd0, 0x0, 0x9f,
    0xfd, 0x0, 0x9, 0xff, 0xd0, 0x0, 0x9f, 0xfd,
    0x0, 0x9, 0xff, 0xd0, 0x0, 0x9f, 0xfd, 0x0,
    0x9, 0xff, 0xd0, 0x0, 0x9f, 0xfd, 0x0, 0x9,
    0xff, 0xd7, 0xdd, 0xff, 0xfd, 0x8f, 0xff, 0xff,
    0xd8, 0xff, 0xff, 0xfd,

    /* U+005E "^" */
    0x0, 0x0, 0x7, 0x88, 0x10, 0x0, 0x0, 0x0,
    0x3, 0xff, 0xf8, 0x0, 0x0, 0x0, 0x0, 0xaf,
    0xff, 0xe0, 0x0, 0x0, 0x0, 0x2f, 0xff, 0xff,
    0x60, 0x0, 0x0, 0x9, 0xff, 0xef, 0xfd, 0x0,
    0x0, 0x1, 0xff, 0xf4, 0xff, 0xf4, 0x0, 0x0,
    0x8f, 0xfd, 0xa, 0xff, 0xb0, 0x0, 0xe, 0xff,
    0x70, 0x4f, 0xff, 0x20, 0x6, 0xff, 0xf1, 0x0,
    0xdf, 0xf9, 0x0, 0xdf, 0xfa, 0x0, 0x7, 0xff,
    0xf1, 0x5f, 0xff, 0x40, 0x0, 0x1f, 0xff, 0x70,

    /* U+005F "_" */
    0x15, 0x55, 0x55, 0x55, 0x55, 0x55, 0x55, 0x53,
    0x3f, 0xff, 0xff, 0xff, 0xff, 0xff, 0xff, 0xf9,
    0x3f, 0xff, 0xff, 0xff, 0xff, 0xff, 0xff, 0xf9,

    /* U+0060 "`" */
    0x1c, 0xdd, 0x90, 0x0, 0x4f, 0xff, 0x20, 0x0,
    0x5f, 0xf9, 0x0, 0x0, 0x6f, 0xf1,

    /* U+0061 "a" */
    0x0, 0x3, 0xad, 0xff, 0xec, 0x70, 0x0, 0x0,
    0x6f, 0xff, 0xff, 0xff, 0xfd, 0x0, 0x2, 0xff,
    0xff, 0xcd, 0xff, 0xff, 0x70, 0x8, 0xff, 0xe2,
    0x0, 0x1e, 0xff, 0xb0, 0x0, 0x14, 0x40, 0x0,
    0xb, 0xff, 0xc0, 0x0, 0x0, 0x1, 0x47, 0xcf,
    0xff, 0xc0, 0x0, 0x18, 0xdf, 0xff, 0xff, 0xff,
    0xc0, 0x2, 0xef, 0xff, 0xeb, 0x7c, 0xff, 0xc0,
    0xb, 0xff, 0xe4, 0x0, 0xb, 0xff, 0xc0, 0xf,
    0xff, 0x90, 0x0, 0xd, 0xff, 0xc0, 0xf, 0xff,
    0xc0, 0x0, 0x6f, 0xff, 0xc0, 0xc, 0xff, 0xfd,
    0x9c, 0xff, 0xff, 0xd0, 0x3, 0xff, 0xff, 0xff,
    0xfc, 0xff, 0xf0, 0x0, 0x3a, 0xef, 0xeb, 0x41,
    0xff, 0xf5,

    /* U+0062 "b" */
    0x4f, 0xff, 0x40, 0x0, 0x0, 0x0, 0x0, 0x4f,
    0xff, 0x40, 0x0, 0x0, 0x0, 0x0, 0x4f, 0xff,
    0x40, 0x0, 0x0, 0x0, 0x0, 0x4f, 0xff, 0x40,
    0x0, 0x0, 0x0, 0x0, 0x4f, 0xff, 0x40, 0x0,
    0x0, 0x0, 0x0, 0x4f, 0xff, 0x42, 0xae, 0xfd,
    0x70, 0x0, 0x4f, 0xff, 0x9f, 0xff, 0xff, 0xfd,
    0x10, 0x4f, 0xff, 0xff, 0xed, 0xff, 0xff, 0xc0,
    0x4f, 0xff, 0xf7, 0x0, 0x2d, 0xff, 0xf4, 0x4f,
    0xff, 0xa0, 0x0, 0x3, 0xff, 0xf9, 0x4f, 0xff,
    0x50, 0x0, 0x0, 0xef, 0xfc, 0x4f, 0xff, 0x40,
    0x0, 0x0, 0xcf, 0xfd, 0x4f, 0xff, 0x40, 0x0,
    0x0, 0xcf, 0xfd, 0x4f, 0xff, 0x60, 0x0, 0x0,
    0xef, 0xfb, 0x4f, 0xff, 0xc0, 0x0, 0x3, 0xff,
    0xf8, 0x4f, 0xff, 0xf9, 0x0, 0x3d, 0xff, 0xf3,
    0x4f, 0xff, 0xff, 0xfe, 0xff, 0xff, 0xa0, 0x4f,
    0xff, 0x5f, 0xff, 0xff, 0xfc, 0x10, 0x4f, 0xff,
    0x2, 0xae, 0xfd, 0x70, 0x0,

    /* U+0063 "c" */
    0x0, 0x5, 0xbe, 0xff, 0xc7, 0x0, 0x0, 0xb,
    0xff, 0xff, 0xff, 0xfd, 0x20, 0xa, 0xff, 0xff,
    0xef, 0xff, 0xfc, 0x3, 0xff, 0xfc, 0x10, 0x9,
    0xff, 0xf5, 0x9f, 0xff, 0x20, 0x0, 0xd, 0xa7,
    0x3c, 0xff, 0xd0, 0x0, 0x0, 0x0, 0x0, 0xef,
    0xfc, 0x0, 0x0, 0x0, 0x0, 0xe, 0xff, 0xc0,
    0x0, 0x0, 0x0, 0x0, 0xcf, 0xfe, 0x0, 0x0,
    0x5, 0x41, 0x9, 0xff, 0xf3, 0x0, 0x0, 0xff,
    0xfa, 0x3f, 0xff, 0xe4, 0x1, 0xbf, 0xff, 0x50,
    0xaf, 0xff, 0xff, 0xff, 0xff, 0xc0, 0x0, 0xbf,
    0xff, 0xff, 0xff, 0xd1, 0x0, 0x0, 0x5b, 0xef,
    0xfc, 0x70, 0x0,

    /* U+0064 "d" */
    0x0, 0x0, 0x0, 0x0, 0x5, 0xff, 0xf3, 0x0,
    0x0, 0x0, 0x0, 0x5, 0xff, 0xf3, 0x0, 0x0,
    0x0, 0x0, 0x5, 0xff, 0xf3, 0x0, 0x0, 0x0,
    0x0, 0x5, 0xff, 0xf3, 0x0, 0x0, 0x0, 0x0,
    0x5, 0xff, 0xf3, 0x0, 0x8, 0xdf, 0xea, 0x25,
    0xff, 0xf3, 0x2, 0xdf, 0xff, 0xff, 0xf9, 0xff,
    0xf3, 0xd, 0xff, 0xff, 0xde, 0xff, 0xff, 0xf3,
    0x5f, 0xff, 0xc1, 0x0, 0x8f, 0xff, 0xf3, 0xaf,
    0xff, 0x20, 0x0, 0xc, 0xff, 0xf3, 0xdf, 0xfd,
    0x0, 0x0, 0x7, 0xff, 0xf3, 0xef, 0xfb, 0x0,
    0x0, 0x5, 0xff, 0xf3, 0xef, 0xfb, 0x0, 0x0,
    0x6, 0xff, 0xf3, 0xdf, 0xfd, 0x0, 0x0, 0x8,
    0xff, 0xf3, 0x9f, 0xff, 0x30, 0x0, 0xd, 0xff,
    0xf3, 0x4f, 0xff, 0xd2, 0x0, 0x9f, 0xff, 0xf3,
    0xb, 0xff, 0xff, 0xef, 0xff, 0xff, 0xf3, 0x1,
    0xcf, 0xff, 0xff, 0xf5, 0xff, 0xf3, 0x0, 0x7,
    0xdf, 0xe9, 0x21, 0xff, 0xf3,

    /* U+0065 "e" */
    0x0, 0x0, 0x7c, 0xff, 0xd8, 0x10, 0x0, 0x0,
    0x2d, 0xff, 0xff, 0xff, 0xf4, 0x0, 0x0, 0xdf,
    0xff, 0xed, 0xff, 0xff, 0x20, 0x7, 0xff, 0xf7,
    0x0, 0x2e, 0xff, 0xa0, 0xd, 0xff, 0xc0, 0x0,
    0x6, 0xff, 0xf0, 0xf, 0xff, 0xb3, 0x33, 0x35,
    0xff, 0xf3, 0x2f, 0xff, 0xff, 0xff, 0xff, 0xff,
    0xf5, 0x2f, 0xff, 0xff, 0xff, 0xff, 0xff, 0xf6,
    0x1f, 0xff, 0x90, 0x0, 0x0, 0x0, 0x0, 0xd,
    0xff, 0xc0, 0x0, 0x4, 0x75, 0x20, 0x8, 0xff,
    0xf8, 0x0, 0x1d, 0xff, 0xe0, 0x0, 0xef, 0xff,
    0xec, 0xff, 0xff, 0x60, 0x0, 0x2e, 0xff, 0xff,
    0xff, 0xf8, 0x0, 0x0, 0x0, 0x7c, 0xef, 0xeb,
    0x40, 0x0,

    /* U+0066 "f" */
    0x0, 0x3, 0xae, 0xfe, 0xb3, 0x0, 0x2f, 0xff,
    0xff, 0xf3, 0x0, 0x8f, 0xff, 0xed, 0xe0, 0x0,
    0xaf, 0xff, 0x0, 0x0, 0x0, 0xbf, 0xfd, 0x0,
    0x0, 0xbf, 0xff, 0xff, 0xff, 0x80, 0xbf, 0xff,
    0xff, 0xff, 0x80, 0x9d, 0xff, 0xff, 0xdd, 0x70,
    0x0, 0xbf, 0xfd, 0x0, 0x0, 0x0, 0xbf, 0xfd,
    0x0, 0x0, 0x0, 0xbf, 0xfd, 0x0, 0x0, 0x0,
    0xbf, 0xfd, 0x0, 0x0, 0x0, 0xbf, 0xfd, 0x0,
    0x0, 0x0, 0xbf, 0xfd, 0x0, 0x0, 0x0, 0xbf,
    0xfd, 0x0, 0x0, 0x0, 0xbf, 0xfd, 0x0, 0x0,
    0x0, 0xbf, 0xfd, 0x0, 0x0, 0x0, 0xbf, 0xfd,
    0x0, 0x0, 0x0, 0xbf, 0xfd, 0x0, 0x0,

    /* U+0067 "g" */
    0x0, 0x8, 0xdf, 0xea, 0x22, 0xff, 0xf3, 0x1,
    0xdf, 0xff, 0xff, 0xf6, 0xff, 0xf3, 0xc, 0xff,
    0xff, 0xce, 0xff, 0xff, 0xf3, 0x4f, 0xff, 0xc1,
    0x0, 0x7f, 0xff, 0xf3, 0xaf, 0xff, 0x20, 0x0,
    0xb, 0xff, 0xf3, 0xdf, 0xfd, 0x0, 0x0, 0x6,
    0xff, 0xf3, 0xef, 0xfb, 0x0, 0x0, 0x4, 0xff,
    0xf3, 0xef, 0xfb, 0x0, 0x0, 0x5, 0xff, 0xf3,
    0xdf, 0xfe, 0x0, 0x0, 0x7, 0xff, 0xf3, 0xaf,
    0xff, 0x30, 0x0, 0xe, 0xff, 0xf3, 0x4f, 0xff,
    0xd3, 0x1, 0xaf, 0xff, 0xf3, 0xc, 0xff, 0xff,
    0xff, 0xff, 0xff, 0xf3, 0x1, 0xdf, 0xff, 0xff,
    0xe7, 0xff, 0xf3, 0x0, 0x8, 0xdf, 0xe9, 0x15,
    0xff, 0xf2, 0x12, 0x10, 0x0, 0x0, 0x6, 0xff,
    0xf1, 0x6f, 0xff, 0xb0, 0x0, 0x1c, 0xff, 0xd0,
    0x2f, 0xff, 0xfe, 0xcd, 0xff, 0xff, 0x70, 0x7,
    0xff, 0xff, 0xff, 0xff, 0xfb, 0x0, 0x0, 0x39,
    0xdf, 0xff, 0xeb, 0x50, 0x0,

    /* U+0068 "h" */
    0x2f, 0xff, 0x60, 0x0, 0x0, 0x0, 0x0, 0x2f,
    0xff, 0x60, 0x0, 0x0, 0x0, 0x0, 0x2f, 0xff,
    0x60, 0x0, 0x0, 0x0, 0x0, 0x2f, 0xff, 0x60,
    0x0, 0x0, 0x0, 0x0, 0x2f, 0xff, 0x60, 0x0,
    0x0, 0x0, 0x0, 0x2f, 0xff, 0x61, 0x8d, 0xfe,
    0x92, 0x0, 0x2f, 0xff, 0x8e, 0xff, 0xff, 0xfe,
    0x20, 0x2f, 0xff, 0xff, 0xec, 0xff, 0xff, 0xb0,
    0x2f, 0xff, 0xf7, 0x0, 0x1e, 0xff, 0xf0, 0x2f,
    0xff, 0xc0, 0x0, 0x8, 0xff, 0xf1, 0x2f, 0xff,
    0x80, 0x0, 0x7, 0xff, 0xf1, 0x2f, 0xff, 0x70,
    0x0, 0x7, 0xff, 0xf2, 0x2f, 0xff, 0x60, 0x0,
    0x7, 0xff, 0xf2, 0x2f, 0xff, 0x60, 0x0, 0x7,
    0xff, 0xf2, 0x2f, 0xff, 0x60, 0x0, 0x7, 0xff,
    0xf2, 0x2f, 0xff, 0x60, 0x0, 0x7, 0xff, 0xf2,
    0x2f, 0xff, 0x60, 0x0, 0x7, 0xff, 0xf2, 0x2f,
    0xff, 0x60, 0x0, 0x7, 0xff, 0xf2, 0x2f, 0xff,
    0x60, 0x0, 0x7, 0xff, 0xf2,

    /* U+0069 "i" */
    0x2f, 0xff, 0x72, 0xff, 0xf7, 0x2f, 0xff, 0x70,
    0x55, 0x52, 0x0, 0x0, 0x2, 0xff, 0xf7, 0x2f,
    0xff, 0x72, 0xff, 0xf7, 0x2f, 0xff, 0x72, 0xff,
    0xf7, 0x2f, 0xff, 0x72, 0xff, 0xf7, 0x2f, 0xff,
    0x72, 0xff, 0xf7, 0x2f, 0xff, 0x72, 0xff, 0xf7,
    0x2f, 0xff, 0x72, 0xff, 0xf7, 0x2f, 0xff, 0x70,

    /* U+006A "j" */
    0x0, 0x3, 0xff, 0xf5, 0x0, 0x3, 0xff, 0xf5,
    0x0, 0x3, 0xff, 0xf5, 0x0, 0x1, 0x55, 0x52,
    0x0, 0x0, 0x0, 0x0, 0x0, 0x3, 0xff, 0xf5,
    0x0, 0x3, 0xff, 0xf5, 0x0, 0x3, 0xff, 0xf5,
    0x0, 0x3, 0xff, 0xf5, 0x0, 0x3, 0xff, 0xf5,
    0x0, 0x3, 0xff, 0xf5, 0x0, 0x3, 0xff, 0xf5,
    0x0, 0x3, 0xff, 0xf5, 0x0, 0x3, 0xff, 0xf5,
    0x0, 0x3, 0xff, 0xf5, 0x0, 0x3, 0xff, 0xf5,
    0x0, 0x3, 0xff, 0xf5, 0x0, 0x3, 0xff, 0xf5,
    0x0, 0x3, 0xff, 0xf5, 0x0, 0x4, 0xff, 0xf5,
    0x4, 0x6d, 0xff, 0xf3, 0xc, 0xff, 0xff, 0xf1,
    0xf, 0xff, 0xff, 0x90, 0x1c, 0xef, 0xd7, 0x0,

    /* U+006B "k" */
    0x4f, 0xff, 0x50, 0x0, 0x0, 0x0, 0x0, 0x4f,
    0xff, 0x50, 0x0, 0x0, 0x0, 0x0, 0x4f, 0xff,
    0x50, 0x0, 0x0, 0x0, 0x0, 0x4f, 0xff, 0x50,
    0x0, 0x0, 0x0, 0x0, 0x4f, 0xff, 0x50, 0x0,
    0x0, 0x0, 0x0, 0x4f, 0xff, 0x50, 0x1, 0xdf,
    0xff, 0x60, 0x4f, 0xff, 0x50, 0xc, 0xff, 0xf8,
    0x0, 0x4f, 0xff, 0x50, 0xaf, 0xff, 0x90, 0x0,
    0x4f, 0xff, 0x57, 0xff, 0xfb, 0x0, 0x0, 0x4f,
    0xff, 0xaf, 0xff, 0xc0, 0x0, 0x0, 0x4f, 0xff,
    0xff, 0xff, 0x70, 0x0, 0x0, 0x4f, 0xff, 0xff,
    0xff, 0xf1, 0x0, 0x0, 0x4f, 0xff, 0xff, 0xff,
    0xf9, 0x0, 0x0, 0x4f, 0xff, 0xf4, 0x9f, 0xff,
    0x20, 0x0, 0x4f, 0xff, 0x60, 0x1f, 0xff, 0xb0,
    0x0, 0x4f, 0xff, 0x50, 0x8, 0xff, 0xf4, 0x0,
    0x4f, 0xff, 0x50, 0x1, 0xef, 0xfc, 0x0, 0x4f,
    0xff, 0x50, 0x0, 0x7f, 0xff, 0x50, 0x4f, 0xff,
    0x50, 0x0, 0xe, 0xff, 0xe0,

    /* U+006C "l" */
    0x2f, 0xff, 0x72, 0xff, 0xf7, 0x2f, 0xff, 0x72,
    0xff, 0xf7, 0x2f, 0xff, 0x72, 0xff, 0xf7, 0x2f,
    0xff, 0x72, 0xff, 0xf7, 0x2f, 0xff, 0x72, 0xff,
    0xf7, 0x2f, 0xff, 0x72, 0xff, 0xf7, 0x2f, 0xff,
    0x72, 0xff, 0xf7, 0x2f, 0xff, 0x72, 0xff, 0xf7,
    0x2f, 0xff, 0x72, 0xff, 0xf7, 0x2f, 0xff, 0x70,

    /* U+006D "m" */
    0x6f, 0xfe, 0x4, 0xbe, 0xfc, 0x50, 0x4, 0xbf,
    0xfc, 0x50, 0x6, 0xff, 0xe8, 0xff, 0xff, 0xff,
    0x77, 0xff, 0xff, 0xff, 0x70, 0x6f, 0xff, 0xff,
    0xdd, 0xff, 0xff, 0xff, 0xde, 0xff, 0xff, 0x16,
    0xff, 0xfe, 0x30, 0xa, 0xff, 0xff, 0x50, 0x9,
    0xff, 0xf5, 0x6f, 0xff, 0x70, 0x0, 0x5f, 0xff,
    0xa0, 0x0, 0x3f, 0xff, 0x66, 0xff, 0xf4, 0x0,
    0x4, 0xff, 0xf6, 0x0, 0x2, 0xff, 0xf6, 0x6f,
    0xff, 0x30, 0x0, 0x4f, 0xff, 0x50, 0x0, 0x2f,
    0xff, 0x76, 0xff, 0xf2, 0x0, 0x4, 0xff, 0xf5,
    0x0, 0x2, 0xff, 0xf7, 0x6f, 0xff, 0x20, 0x0,
    0x4f, 0xff, 0x50, 0x0, 0x2f, 0xff, 0x76, 0xff,
    0xf2, 0x0, 0x4, 0xff, 0xf5, 0x0, 0x2, 0xff,
    0xf7, 0x6f, 0xff, 0x20, 0x0, 0x4f, 0xff, 0x50,
    0x0, 0x2f, 0xff, 0x76, 0xff, 0xf2, 0x0, 0x4,
    0xff, 0xf5, 0x0, 0x2, 0xff, 0xf7, 0x6f, 0xff,
    0x20, 0x0, 0x4f, 0xff, 0x50, 0x0, 0x2f, 0xff,
    0x76, 0xff, 0xf2, 0x0, 0x4, 0xff, 0xf5, 0x0,
    0x2, 0xff, 0xf7,

    /* U+006E "n" */
    0x2f, 0xff, 0x21, 0x8d, 0xfe, 0xa2, 0x0, 0x2f,
    0xff, 0x5e, 0xff, 0xff, 0xff, 0x30, 0x2f, 0xff,
    0xff, 0xec, 0xff, 0xff, 0xb0, 0x2f, 0xff, 0xf7,
    0x0, 0x2e, 0xff, 0xf0, 0x2f, 0xff, 0xc0, 0x0,
    0x9, 0xff, 0xf1, 0x2f, 0xff, 0x80, 0x0, 0x7,
    0xff, 0xf1, 0x2f, 0xff, 0x60, 0x0, 0x7, 0xff,
    0xf2, 0x2f, 0xff, 0x60, 0x0, 0x7, 0xff, 0xf2,
    0x2f, 0xff, 0x60, 0x0, 0x7, 0xff, 0xf2, 0x2f,
    0xff, 0x60, 0x0, 0x7, 0xff, 0xf2, 0x2f, 0xff,
    0x60, 0x0, 0x7, 0xff, 0xf2, 0x2f, 0xff, 0x60,
    0x0, 0x7, 0xff, 0xf2, 0x2f, 0xff, 0x60, 0x0,
    0x7, 0xff, 0xf2, 0x2f, 0xff, 0x60, 0x0, 0x7,
    0xff, 0xf2,

    /* U+006F "o" */
    0x0, 0x2, 0x8d, 0xff, 0xd9, 0x20, 0x0, 0x0,
    0x7f, 0xff, 0xff, 0xff, 0xf7, 0x0, 0x6, 0xff,
    0xff, 0xff, 0xff, 0xff, 0x60, 0x1f, 0xff, 0xf5,
    0x0, 0x5f, 0xff, 0xf1, 0x8f, 0xff, 0x50, 0x0,
    0x6, 0xff, 0xf8, 0xcf, 0xfe, 0x0, 0x0, 0x0,
    0xef, 0xfc, 0xef, 0xfc, 0x0, 0x0, 0x0, 0xcf,
    0xfe, 0xef, 0xfc, 0x0, 0x0, 0x0, 0xcf, 0xfe,
    0xcf, 0xfe, 0x0, 0x0, 0x0, 0xef, 0xfc, 0x8f,
    0xff, 0x60, 0x0, 0x6, 0xff, 0xf8, 0x2f, 0xff,
    0xf5, 0x0, 0x5f, 0xff, 0xf1, 0x7, 0xff, 0xff,
    0xff, 0xff, 0xff, 0x60, 0x0, 0x7f, 0xff, 0xff,
    0xff, 0xf6, 0x0, 0x0, 0x2, 0x8d, 0xff, 0xd9,
    0x10, 0x0,

    /* U+0070 "p" */
    0x3f, 0xff, 0x12, 0xae, 0xfd, 0x70, 0x0, 0x3f,
    0xff, 0x6f, 0xff, 0xff, 0xfd, 0x10, 0x3f, 0xff,
    0xff, 0xfe, 0xff, 0xff, 0xb0, 0x3f, 0xff, 0xf9,
    0x0, 0x2d, 0xff, 0xf4, 0x3f, 0xff, 0xc0, 0x0,
    0x3, 0xff, 0xf9, 0x3f, 0xff, 0x70, 0x0, 0x0,
    0xdf, 0xfc, 0x3f, 0xff, 0x50, 0x0, 0x0, 0xbf,
    0xfe, 0x3f, 0xff, 0x50, 0x0, 0x0, 0xbf, 0xfe,
    0x3f, 0xff, 0x70, 0x0, 0x0, 0xdf, 0xfc, 0x3f,
    0xff, 0xd0, 0x0, 0x2, 0xff, 0xf9, 0x3f, 0xff,
    0xfa, 0x10, 0x2d, 0xff, 0xf3, 0x3f, 0xff, 0xff,
    0xfe, 0xff, 0xff, 0xb0, 0x3f, 0xff, 0x8e, 0xff,
    0xff, 0xfc, 0x10, 0x3f, 0xff, 0x51, 0xae, 0xfd,
    0x70, 0x0, 0x3f, 0xff, 0x50, 0x0, 0x0, 0x0,
    0x0, 0x3f, 0xff, 0x50, 0x0, 0x0, 0x0, 0x0,
    0x3f, 0xff, 0x50, 0x0, 0x0, 0x0, 0x0, 0x3f,
    0xff, 0x50, 0x0, 0x0, 0x0, 0x0, 0x3f, 0xff,
    0x50, 0x0, 0x0, 0x0, 0x0,

    /* U+0071 "q" */
    0x0, 0x7, 0xcf, 0xeb, 0x30, 0xff, 0xf4, 0x1,
    0xcf, 0xff, 0xff, 0xf5, 0xff, 0xf4, 0xb, 0xff,
    0xff, 0xdf, 0xff, 0xff, 0xf4, 0x3f, 0xff, 0xe3,
    0x0, 0x7f, 0xff, 0xf4, 0x8f, 0xff, 0x40, 0x0,
    0xa, 0xff, 0xf4, 0xbf, 0xff, 0x0, 0x0, 0x5,
    0xff, 0xf4, 0xdf, 0xfd, 0x0, 0x0, 0x3, 0xff,
    0xf4, 0xcf, 0xfd, 0x0, 0x0, 0x3, 0xff, 0xf4,
    0xbf, 0xfe, 0x0, 0x0, 0x6, 0xff, 0xf4, 0x8f,
    0xff, 0x30, 0x0, 0xc, 0xff, 0xf4, 0x2f, 0xff,
    0xd3, 0x0, 0x9f, 0xff, 0xf4, 0xa, 0xff, 0xff,
    0xef, 0xff, 0xff, 0xf4, 0x0, 0xcf, 0xff, 0xff,
    0xf9, 0xff, 0xf4, 0x0, 0x7, 0xdf, 0xea, 0x25,
    0xff, 0xf4, 0x0, 0x0, 0x0, 0x0, 0x5, 0xff,
    0xf4, 0x0, 0x0, 0x0, 0x0, 0x5, 0xff, 0xf4,
    0x0, 0x0, 0x0, 0x0, 0x5, 0xff, 0xf4, 0x0,
    0x0, 0x0, 0x0, 0x5, 0xff, 0xf4, 0x0, 0x0,
    0x0, 0x0, 0x5, 0xff, 0xf4,

    /* U+0072 "r" */
    0x4f, 0xff, 0x7, 0xef, 0xd3, 0x4f, 0xff, 0x8f,
    0xff, 0xf1, 0x4f, 0xff, 0xff, 0xff, 0xc0, 0x4f,
    0xff, 0xfa, 0x47, 0x50, 0x4f, 0xff, 0xd0, 0x0,
    0x0, 0x4f, 0xff, 0x80, 0x0, 0x0, 0x4f, 0xff,
    0x60, 0x0, 0x0, 0x4f, 0xff, 0x50, 0x0, 0x0,
    0x4f, 0xff, 0x40, 0x0, 0x0, 0x4f, 0xff, 0x40,
    0x0, 0x0, 0x4f, 0xff, 0x40, 0x0, 0x0, 0x4f,
    0xff, 0x40, 0x0, 0x0, 0x4f, 0xff, 0x40, 0x0,
    0x0, 0x4f, 0xff, 0x40, 0x0, 0x0,

    /* U+0073 "s" */
    0x0, 0x6, 0xbe, 0xff, 0xea, 0x40, 0x0, 0x0,
    0xcf, 0xff, 0xff, 0xff, 0xf7, 0x0, 0x8, 0xff,
    0xfc, 0x9a, 0xff, 0xff, 0x30, 0xd, 0xff, 0x80,
    0x0, 0x1e, 0xfc, 0x60, 0xd, 0xff, 0xd5, 0x10,
    0x1, 0x0, 0x0, 0x9, 0xff, 0xff, 0xfc, 0x94,
    0x0, 0x0, 0x1, 0xdf, 0xff, 0xff, 0xff, 0xe7,
    0x0, 0x0, 0x7, 0xdf, 0xff, 0xff, 0xff, 0x90,
    0x0, 0x0, 0x2, 0x6a, 0xef, 0xff, 0xf1, 0x14,
    0x79, 0x30, 0x0, 0x9, 0xff, 0xf2, 0x2f, 0xff,
    0xc0, 0x0, 0x9, 0xff, 0xf1, 0xa, 0xff, 0xfe,
    0xba, 0xdf, 0xff, 0xa0, 0x0, 0xbf, 0xff, 0xff,
    0xff, 0xfc, 0x0, 0x0, 0x5, 0xae, 0xff, 0xeb,
    0x50, 0x0,

    /* U+0074 "t" */
    0x0, 0x0, 0x26, 0x0, 0x0, 0x1, 0x9f, 0x90,
    0x0, 0x0, 0xef, 0xf9, 0x0, 0x0, 0xf, 0xff,
    0x90, 0x0, 0x0, 0xff, 0xf9, 0x0, 0x9, 0xff,
    0xff, 0xff, 0xf0, 0x9f, 0xff, 0xff, 0xff, 0x8,
    0xef, 0xff, 0xfe, 0xe0, 0x0, 0xff, 0xf9, 0x0,
    0x0, 0xf, 0xff, 0x90, 0x0, 0x0, 0xff, 0xf9,
    0x0, 0x0, 0xf, 0xff, 0x90, 0x0, 0x0, 0xff,
    0xf9, 0x0, 0x0, 0xf, 0xff, 0x90, 0x0, 0x0,
    0xff, 0xf9, 0x0, 0x0, 0xe, 0xff, 0xc1, 0x30,
    0x0, 0xdf, 0xff, 0xff, 0x20, 0x8, 0xff, 0xff,
    0xf3, 0x0, 0x8, 0xdf, 0xeb, 0x20,

    /* U+0075 "u" */
    0x3f, 0xff, 0x50, 0x0, 0x8, 0xff, 0xf0, 0x3f,
    0xff, 0x50, 0x0, 0x8, 0xff, 0xf0, 0x3f, 0xff,
    0x50, 0x0, 0x8, 0xff, 0xf0, 0x3f, 0xff, 0x50,
    0x0, 0x8, 0xff, 0xf0, 0x3f, 0xff, 0x50, 0x0,
    0x8, 0xff, 0xf0, 0x3f, 0xff, 0x50, 0x0, 0x8,
    0xff, 0xf0, 0x3f, 0xff, 0x50, 0x0, 0x8, 0xff,
    0xf0, 0x3f, 0xff, 0x50, 0x0, 0x8, 0xff, 0xf0,
    0x3f, 0xff, 0x60, 0x0, 0x9, 0xff, 0xf0, 0x2f,
    0xff, 0x70, 0x0, 0xd, 0xff, 0xf0, 0xf, 0xff,
    0xd1, 0x0, 0x8f, 0xff, 0xf0, 0xc, 0xff, 0xff,
    0xce, 0xff, 0xff, 0xf0, 0x3, 0xff, 0xff, 0xff,
    0xd6, 0xff, 0xf0, 0x0, 0x2a, 0xef, 0xd7, 0x4,
    0xff, 0xf0,

    /* U+0076 "v" */
    0xaf, 0xff, 0x10, 0x0, 0x0, 0xbf, 0xfe, 0x4,
    0xff, 0xf6, 0x0, 0x0, 0x1f, 0xff, 0x90, 0xe,
    0xff, 0xc0, 0x0, 0x6, 0xff, 0xf2, 0x0, 0x8f,
    0xff, 0x20, 0x0, 0xcf, 0xfc, 0x0, 0x1, 0xff,
    0xf7, 0x0, 0x2f, 0xff, 0x60, 0x0, 0xb, 0xff,
    0xd0, 0x8, 0xff, 0xf1, 0x0, 0x0, 0x5f, 0xff,
    0x30, 0xdf, 0xfa, 0x0, 0x0, 0x0, 0xef, 0xf8,
    0x3f, 0xff, 0x40, 0x0, 0x0, 0x8, 0xff, 0xd8,
    0xff, 0xe0, 0x0, 0x0, 0x0, 0x2f, 0xff, 0xef,
    0xf8, 0x0, 0x0, 0x0, 0x0, 0xcf, 0xff, 0xff,
    0x20, 0x0, 0x0, 0x0, 0x6, 0xff, 0xff, 0xb0,
    0x0, 0x0, 0x0, 0x0, 0xf, 0xff, 0xf5, 0x0,
    0x0, 0x0, 0x0, 0x0, 0x9f, 0xff, 0x0, 0x0,
    0x0,

    /* U+0077 "w" */
    0xbf, 0xfb, 0x0, 0x0, 0xbf, 0xff, 0x0, 0x0,
    0x7f, 0xff, 0x17, 0xff, 0xf0, 0x0, 0xe, 0xff,
    0xf3, 0x0, 0xb, 0xff, 0xc0, 0x2f, 0xff, 0x40,
    0x3, 0xff, 0xff, 0x70, 0x0, 0xff, 0xf7, 0x0,
    0xdf, 0xf8, 0x0, 0x7f, 0xff, 0xfb, 0x0, 0x4f,
    0xff, 0x20, 0x8, 0xff, 0xd0, 0xb, 0xff, 0xff,
    0xf0, 0x9, 0xff, 0xd0, 0x0, 0x3f, 0xff, 0x10,
    0xff, 0xfc, 0xff, 0x30, 0xdf, 0xf8, 0x0, 0x0,
    0xef, 0xf5, 0x3f, 0xfb, 0x7f, 0xf7, 0x2f, 0xff,
    0x30, 0x0, 0x9, 0xff, 0xa7, 0xff, 0x73, 0xff,
    0xb6, 0xff, 0xe0, 0x0, 0x0, 0x4f, 0xfe, 0xbf,
    0xf3, 0xf, 0xff, 0xbf, 0xf9, 0x0, 0x0, 0x0,
    0xff, 0xff, 0xff, 0x0, 0xbf, 0xff, 0xff, 0x40,
    0x0, 0x0, 0xb, 0xff, 0xff, 0xb0, 0x7, 0xff,
    0xff, 0xf0, 0x0, 0x0, 0x0, 0x6f, 0xff, 0xf7,
    0x0, 0x3f, 0xff, 0xfa, 0x0, 0x0, 0x0, 0x1,
    0xff, 0xff, 0x30, 0x0, 0xef, 0xff, 0x50, 0x0,
    0x0, 0x0, 0xc, 0xff, 0xf0, 0x0, 0xa, 0xff,
    0xf0, 0x0, 0x0,

    /* U+0078 "x" */
    0x4f, 0xff, 0xe1, 0x0, 0xb, 0xff, 0xf7, 0x0,
    0x9f, 0xff, 0xa0, 0x6, 0xff, 0xfc, 0x0, 0x0,
    0xef, 0xff, 0x41, 0xef, 0xff, 0x20, 0x0, 0x4,
    0xff, 0xfd, 0xbf, 0xff, 0x60, 0x0, 0x0, 0x8,
    0xff, 0xff, 0xff, 0xb0, 0x0, 0x0, 0x0, 0xd,
    0xff, 0xff, 0xe1, 0x0, 0x0, 0x0, 0x0, 0x3f,
    0xff, 0xf6, 0x0, 0x0, 0x0, 0x0, 0x7, 0xff,
    0xff, 0xc0, 0x0, 0x0, 0x0, 0x2, 0xff, 0xff,
    0xff, 0x70, 0x0, 0x0, 0x0, 0xcf, 0xff, 0xff,
    0xff, 0x30, 0x0, 0x0, 0x7f, 0xff, 0x86, 0xff,
    0xfd, 0x0, 0x0, 0x2f, 0xff, 0xd0, 0xb, 0xff,
    0xf8, 0x0, 0xc, 0xff, 0xf4, 0x0, 0x2f, 0xff,
    0xf3, 0x8, 0xff, 0xfa, 0x0, 0x0, 0x7f, 0xff,
    0xd0,

    /* U+0079 "y" */
    0xaf, 0xff, 0x20, 0x0, 0x0, 0xdf, 0xfd, 0x4,
    0xff, 0xf7, 0x0, 0x0, 0x2f, 0xff, 0x70, 0xd,
    0xff, 0xc0, 0x0, 0x7, 0xff, 0xf2, 0x0, 0x7f,
    0xff, 0x20, 0x0, 0xcf, 0xfc, 0x0, 0x1, 0xff,
    0xf7, 0x0, 0x2f, 0xff, 0x60, 0x0, 0xb, 0xff,
    0xd0, 0x7, 0xff, 0xf0, 0x0, 0x0, 0x5f, 0xff,
    0x20, 0xcf, 0xfa, 0x0, 0x0, 0x0, 0xff, 0xf8,
    0x1f, 0xff, 0x40, 0x0, 0x0, 0x9, 0xff, 0xd7,
    0xff, 0xe0, 0x0, 0x0, 0x0, 0x3f, 0xff, 0xef,
    0xf9, 0x0, 0x0, 0x0, 0x0, 0xdf, 0xff, 0xff,
    0x30, 0x0, 0x0, 0x0, 0x7, 0xff, 0xff, 0xd0,
    0x0, 0x0, 0x0, 0x0, 0x1f, 0xff, 0xf7, 0x0,
    0x0, 0x0, 0x0, 0x0, 0xcf, 0xff, 0x10, 0x0,
    0x0, 0x0, 0x0, 0x1f, 0xff, 0xb0, 0x0, 0x0,
    0x0, 0x0, 0x1b, 0xff, 0xf5, 0x0, 0x0, 0x0,
    0xe, 0xef, 0xff, 0xfd, 0x0, 0x0, 0x0, 0x0,
    0xcf, 0xff, 0xff, 0x30, 0x0, 0x0, 0x0, 0x8,
    0xef, 0xda, 0x30, 0x0, 0x0, 0x0, 0x0,

    /* U+007A "z" */
    0x1f, 0xff, 0xff, 0xff, 0xff, 0xff, 0x11, 0xff,
    0xff, 0xff, 0xff, 0xff, 0xf1, 0x1f, 0xff, 0xff,
    0xff, 0xff, 0xff, 0x0, 0x0, 0x0, 0x3, 0xff,
    0xff, 0x40, 0x0, 0x0, 0x1, 0xef, 0xff, 0x70,
    0x0, 0x0, 0x0, 0xdf, 0xff, 0xa0, 0x0, 0x0,
    0x0, 0xaf, 0xff, 0xc0, 0x0, 0x0, 0x0, 0x8f,
    0xff, 0xe1, 0x0, 0x0, 0x0, 0x5f, 0xff, 0xf3,
    0x0, 0x0, 0x0, 0x3f, 0xff, 0xf5, 0x0, 0x0,
    0x0, 0x1e, 0xff, 0xf8, 0x22, 0x22, 0x22, 0x18,
    0xff, 0xff, 0xff, 0xff, 0xff, 0xf7, 0x9f, 0xff,
    0xff, 0xff, 0xff, 0xff, 0x79, 0xff, 0xff, 0xff,
    0xff, 0xff, 0xf7,

    /* U+007B "{" */
    0x0, 0x0, 0x7, 0xcf, 0xf7, 0x0, 0x0, 0xbf,
    0xff, 0xf7, 0x0, 0x2, 0xff, 0xff, 0xf7, 0x0,
    0x5, 0xff, 0xf5, 0x10, 0x0, 0x6, 0xff, 0xe0,
    0x0, 0x0, 0x7, 0xff, 0xd0, 0x0, 0x0, 0x7,
    0xff, 0xc0, 0x0, 0x0, 0x8, 0xff, 0xb0, 0x0,
    0x0, 0xd, 0xff, 0x90, 0x0, 0x1, 0x7f, 0xff,
    0x50, 0x0, 0x3f, 0xff, 0xfb, 0x0, 0x0, 0x3f,
    0xff, 0xc0, 0x0, 0x0, 0x3f, 0xff, 0xf8, 0x0,
    0x0, 0x3, 0xaf, 0xff, 0x30, 0x0, 0x0, 0xe,
    0xff, 0x80, 0x0, 0x0, 0x9, 0xff, 0xa0, 0x0,
    0x0, 0x7, 0xff, 0xc0, 0x0, 0x0, 0x7, 0xff,
    0xc0, 0x0, 0x0, 0x7, 0xff, 0xd0, 0x0, 0x0,
    0x6, 0xff, 0xe0, 0x0, 0x0, 0x5, 0xff, 0xf7,
    0x20, 0x0, 0x2, 0xff, 0xff, 0xf7, 0x0, 0x0,
    0x9f, 0xff, 0xf7, 0x0, 0x0, 0x6, 0xce, 0xf7,

    /* U+007C "|" */
    0xcf, 0xf1, 0xcf, 0xf1, 0xcf, 0xf1, 0xcf, 0xf1,
    0xcf, 0xf1, 0xcf, 0xf1, 0xcf, 0xf1, 0xcf, 0xf1,
    0xcf, 0xf1, 0xcf, 0xf1, 0xcf, 0xf1, 0xcf, 0xf1,
    0xcf, 0xf1, 0xcf, 0xf1, 0xcf, 0xf1, 0xcf, 0xf1,
    0xcf, 0xf1, 0xcf, 0xf1, 0xcf, 0xf1, 0xcf, 0xf1,
    0xcf, 0xf1, 0xcf, 0xf1, 0xcf, 0xf1, 0xcf, 0xf1,

    /* U+007D "}" */
    0x6f, 0xfc, 0x70, 0x0, 0x0, 0x6f, 0xff, 0xfb,
    0x0, 0x0, 0x6f, 0xff, 0xff, 0x30, 0x0, 0x1,
    0x5f, 0xff, 0x60, 0x0, 0x0, 0xd, 0xff, 0x70,
    0x0, 0x0, 0xd, 0xff, 0x70, 0x0, 0x0, 0xc,
    0xff, 0x70, 0x0, 0x0, 0xb, 0xff, 0x80, 0x0,
    0x0, 0x9, 0xff, 0xc0, 0x0, 0x0, 0x5, 0xff,
    0xf8, 0x10, 0x0, 0x0, 0xbf, 0xff, 0xf4, 0x0,
    0x0, 0xc, 0xff, 0xf4, 0x0, 0x0, 0x8f, 0xff,
    0xf4, 0x0, 0x2, 0xff, 0xfa, 0x30, 0x0, 0x8,
    0xff, 0xe0, 0x0, 0x0, 0xa, 0xff, 0x90, 0x0,
    0x0, 0xb, 0xff, 0x70, 0x0, 0x0, 0xc, 0xff,
    0x70, 0x0, 0x0, 0xd, 0xff, 0x70, 0x0, 0x0,
    0xe, 0xff, 0x60, 0x0, 0x2, 0x7f, 0xff, 0x50,
    0x0, 0x6f, 0xff, 0xff, 0x20, 0x0, 0x6f, 0xff,
    0xfa, 0x0, 0x0, 0x6f, 0xfc, 0x60, 0x0, 0x0,

    /* U+007E "~" */
    0x0, 0x0, 0x0, 0x0, 0x0, 0x0, 0x0, 0x0,
    0x7, 0xdf, 0xeb, 0x60, 0x0, 0x0, 0x64, 0xd,
    0xff, 0xff, 0xff, 0xfa, 0x66, 0xcf, 0x52, 0xff,
    0xff, 0xff, 0xff, 0xff, 0xff, 0xf5, 0x2f, 0xc7,
    0x58, 0xdf, 0xff, 0xff, 0xfe, 0x22, 0x70, 0x0,
    0x0, 0x39, 0xdf, 0xd8, 0x10, 0x0, 0x0, 0x0,
    0x0, 0x0, 0x0, 0x0, 0x0,

    /* U+00AB "«" */
    0x0, 0x1, 0xbc, 0x90, 0x1b, 0xc9, 0x0, 0x0,
    0xaf, 0xf4, 0xa, 0xff, 0x40, 0x0, 0x5f, 0xfb,
    0x5, 0xff, 0xb0, 0x0, 0x1e, 0xff, 0x31, 0xef,
    0xf2, 0x0, 0xb, 0xff, 0x90, 0xbf, 0xf9, 0x0,
    0x6, 0xff, 0xf1, 0x6f, 0xff, 0x10, 0x0, 0x7f,
    0xfe, 0x7, 0xff, 0xe0, 0x0, 0x0, 0xcf, 0xf8,
    0xc, 0xff, 0x80, 0x0, 0x2, 0xff, 0xf1, 0x2f,
    0xff, 0x10, 0x0, 0x7, 0xff, 0xa0, 0x7f, 0xfa,
    0x0, 0x0, 0xc, 0xff, 0x30, 0xcf, 0xf3, 0x0,
    0x0, 0x2f, 0xfc, 0x2, 0xff, 0xb0,

    /* U+00BB "»" */
    0x5c, 0xc5, 0x5, 0xcc, 0x40, 0x0, 0x0, 0xef,
    0xe1, 0xe, 0xfe, 0x10, 0x0, 0x6, 0xff, 0xa0,
    0x6f, 0xfa, 0x0, 0x0, 0xd, 0xff, 0x50, 0xdf,
    0xf5, 0x0, 0x0, 0x4f, 0xfe, 0x14, 0xff, 0xe1,
    0x0, 0x0, 0xbf, 0xfb, 0xb, 0xff, 0xa0, 0x0,
    0x8, 0xff, 0xe0, 0x9f, 0xfd, 0x0, 0x2, 0xff,
    0xf4, 0x2f, 0xff, 0x30, 0x0, 0xaf, 0xf8, 0xb,
    0xff, 0x80, 0x0, 0x3f, 0xfd, 0x4, 0xff, 0xd0,
    0x0, 0xc, 0xff, 0x30, 0xdf, 0xf2, 0x0, 0x6,
    0xff, 0x70, 0x6f, 0xf7, 0x0, 0x0,

    /* U+0400 "Ѐ" */
    0x0, 0x0, 0x5d, 0xdd, 0x50, 0x0, 0x0, 0x0,
    0x0, 0x0, 0x9, 0xff, 0xc0, 0x0, 0x0, 0x0,
    0x0, 0x0, 0x0, 0xaf, 0xf4, 0x0, 0x0, 0x0,
    0x0, 0x0, 0x0, 0xb, 0xfb, 0x0, 0x0, 0x0,
    0x0, 0x0, 0x0, 0x0, 0x0, 0x0, 0x0, 0x0,
    0x1f, 0xff, 0xff, 0xff, 0xff, 0xff, 0xff, 0xb0,
    0x1f, 0xff, 0xff, 0xff, 0xff, 0xff, 0xff, 0xb0,
    0x1f, 0xff, 0xff, 0xff, 0xff, 0xff, 0xff, 0xb0,
    0x1f, 0xff, 0xb3, 0x33, 0x33, 0x33, 0x33, 0x20,
    0x1f, 0xff, 0xa0, 0x0, 0x0, 0x0, 0x0, 0x0,
    0x1f, 0xff, 0xa0, 0x0, 0x0, 0x0, 0x0, 0x0,
    0x1f, 0xff, 0xa0, 0x0, 0x0, 0x0, 0x0, 0x0,
    0x1f, 0xff, 0xb3, 0x33, 0x33, 0x33, 0x33, 0x0,
    0x1f, 0xff, 0xff, 0xff, 0xff, 0xff, 0xff, 0x0,
    0x1f, 0xff, 0xff, 0xff, 0xff, 0xff, 0xff, 0x0,
    0x1f, 0xff, 0xff, 0xff, 0xff, 0xff, 0xff, 0x0,
    0x1f, 0xff, 0xa0, 0x0, 0x0, 0x0, 0x0, 0x0,
    0x1f, 0xff, 0xa0, 0x0, 0x0, 0x0, 0x0, 0x0,
    0x1f, 0xff, 0xa0, 0x0, 0x0, 0x0, 0x0, 0x0,
    0x1f, 0xff, 0xa0, 0x0, 0x0, 0x0, 0x0, 0x0,
    0x1f, 0xff, 0xb3, 0x33, 0x33, 0x33, 0x33, 0x30,
    0x1f, 0xff, 0xff, 0xff, 0xff, 0xff, 0xff, 0xf0,
    0x1f, 0xff, 0xff, 0xff, 0xff, 0xff, 0xff, 0xf0,
    0x1f, 0xff, 0xff, 0xff, 0xff, 0xff, 0xff, 0xf0,

    /* U+0401 "Ё" */
    0x0, 0x0, 0x11, 0x10, 0x1, 0x11, 0x0, 0x0,
    0x0, 0x7, 0xff, 0x90, 0xf, 0xff, 0x0, 0x0,
    0x0, 0x7, 0xff, 0x90, 0xf, 0xff, 0x0, 0x0,
    0x0, 0x7, 0xff, 0x90, 0xf, 0xff, 0x0, 0x0,
    0x0, 0x0, 0x0, 0x0, 0x0, 0x0, 0x0, 0x0,
    0x1f, 0xff, 0xff, 0xff, 0xff, 0xff, 0xff, 0xb0,
    0x1f, 0xff, 0xff, 0xff, 0xff, 0xff, 0xff, 0xb0,
    0x1f, 0xff, 0xff, 0xff, 0xff, 0xff, 0xff, 0xb0,
    0x1f, 0xff, 0xb3, 0x33, 0x33, 0x33, 0x33, 0x20,
    0x1f, 0xff, 0xa0, 0x0, 0x0, 0x0, 0x0, 0x0,
    0x1f, 0xff, 0xa0, 0x0, 0x0, 0x0, 0x0, 0x0,
    0x1f, 0xff, 0xa0, 0x0, 0x0, 0x0, 0x0, 0x0,
    0x1f, 0xff, 0xb3, 0x33, 0x33, 0x33, 0x33, 0x0,
    0x1f, 0xff, 0xff, 0xff, 0xff, 0xff, 0xff, 0x0,
    0x1f, 0xff, 0xff, 0xff, 0xff, 0xff, 0xff, 0x0,
    0x1f, 0xff, 0xff, 0xff, 0xff, 0xff, 0xff, 0x0,
    0x1f, 0xff, 0xa0, 0x0, 0x0, 0x0, 0x0, 0x0,
    0x1f, 0xff, 0xa0, 0x0, 0x0, 0x0, 0x0, 0x0,
    0x1f, 0xff, 0xa0, 0x0, 0x0, 0x0, 0x0, 0x0,
    0x1f, 0xff, 0xa0, 0x0, 0x0, 0x0, 0x0, 0x0,
    0x1f, 0xff, 0xb3, 0x33, 0x33, 0x33, 0x33, 0x30,
    0x1f, 0xff, 0xff, 0xff, 0xff, 0xff, 0xff, 0xf0,
    0x1f, 0xff, 0xff, 0xff, 0xff, 0xff, 0xff, 0xf0,
    0x1f, 0xff, 0xff, 0xff, 0xff, 0xff, 0xff, 0xf0,

    /* U+0402 "Ђ" */
    0x6f, 0xff, 0xff, 0xff, 0xff, 0xff, 0xff, 0xf6,
    0x0, 0x0, 0x0, 0x6f, 0xff, 0xff, 0xff, 0xff,
    0xff, 0xff, 0xf6, 0x0, 0x0, 0x0, 0x6f, 0xff,
    0xff, 0xff, 0xff, 0xff, 0xff, 0xf6, 0x0, 0x0,
    0x0, 0x13, 0x33, 0x33, 0xef, 0xfe, 0x33, 0x33,
    0x31, 0x0, 0x0, 0x0, 0x0, 0x0, 0x0, 0xef,
    0xfd, 0x0, 0x0, 0x0, 0x0, 0x0, 0x0, 0x0,
    0x0, 0x0, 0xef, 0xfd, 0x0, 0x0, 0x0, 0x0,
    0x0, 0x0, 0x0, 0x0, 0x0, 0xef, 0xfd, 0x5,
    0xad, 0xff, 0xea, 0x40, 0x0, 0x0, 0x0, 0x0,
    0xef, 0xff, 0xef, 0xff, 0xff, 0xff, 0xfb, 0x0,
    0x0, 0x0, 0x0, 0xef, 0xff, 0xff, 0xff, 0xff,
    0xff, 0xff, 0xb0, 0x0, 0x0, 0x0, 0xef, 0xff,
    0xff, 0xd9, 0x78, 0xdf, 0xff, 0xf5, 0x0, 0x0,
    0x0, 0xef, 0xff, 0xa3, 0x0, 0x0, 0x9, 0xff,
    0xfb, 0x0, 0x0, 0x0, 0xef, 0xfd, 0x0, 0x0,
    0x0, 0x0, 0xef, 0xfe, 0x0, 0x0, 0x0, 0xef,
    0xfd, 0x0, 0x0, 0x0, 0x0, 0xaf, 0xff, 0x0,
    0x0, 0x0, 0xef, 0xfd, 0x0, 0x0, 0x0, 0x0,
    0xbf, 0xfe, 0x0, 0x0, 0x0, 0xef, 0xfd, 0x0,
    0x0, 0x0, 0x2, 0xff, 0xfb, 0x0, 0x0, 0x0,
    0xef, 0xfd, 0x0, 0x1, 0x53, 0x6e, 0xff, 0xf5,
    0x0, 0x0, 0x0, 0xef, 0xfd, 0x0, 0x5, 0xff,
    0xff, 0xff, 0xc0, 0x0, 0x0, 0x0, 0xef, 0xfd,
    0x0, 0x8, 0xff, 0xff, 0xfc, 0x10, 0x0, 0x0,
    0x0, 0xef, 0xfd, 0x0, 0x7, 0xdf, 0xfc, 0x60,
    0x0,

    /* U+0403 "Ѓ" */
    0x0, 0x0, 0x0, 0xd, 0xdd, 0xa0, 0x0, 0x0,
    0x0, 0x0, 0x7, 0xff, 0xd1, 0x0, 0x0, 0x0,
    0x0, 0x0, 0xef, 0xe1, 0x0, 0x0, 0x0, 0x0,
    0x0, 0x5f, 0xe2, 0x0, 0x0, 0x0, 0x0, 0x0,
    0x0, 0x0, 0x0, 0x0, 0x0, 0x0, 0xff, 0xff,
    0xff, 0xff, 0xff, 0xff, 0xf1, 0xf, 0xff, 0xff,
    0xff, 0xff, 0xff, 0xff, 0x10, 0xff, 0xff, 0xff,
    0xff, 0xff, 0xff, 0xf1, 0xf, 0xff, 0xc3, 0x33,
    0x33, 0x33, 0x33, 0x0, 0xff, 0xfb, 0x0, 0x0,
    0x0, 0x0, 0x0, 0xf, 0xff, 0xb0, 0x0, 0x0,
    0x0, 0x0, 0x0, 0xff, 0xfb, 0x0, 0x0, 0x0,
    0x0, 0x0, 0xf, 0xff, 0xb0, 0x0, 0x0, 0x0,
    0x0, 0x0, 0xff, 0xfb, 0x0, 0x0, 0x0, 0x0,
    0x0, 0xf, 0xff, 0xb0, 0x0, 0x0, 0x0, 0x0,
    0x0, 0xff, 0xfb, 0x0, 0x0, 0x0, 0x0, 0x0,
    0xf, 0xff, 0xb0, 0x0, 0x0, 0x0, 0x0, 0x0,
    0xff, 0xfb, 0x0, 0x0, 0x0, 0x0, 0x0, 0xf,
    0xff, 0xb0, 0x0, 0x0, 0x0, 0x0, 0x0, 0xff,
    0xfb, 0x0, 0x0, 0x0, 0x0, 0x0, 0xf, 0xff,
    0xb0, 0x0, 0x0, 0x0, 0x0, 0x0, 0xff, 0xfb,
    0x0, 0x0, 0x0, 0x0, 0x0, 0xf, 0xff, 0xb0,
    0x0, 0x0, 0x0, 0x0, 0x0, 0xff, 0xfb, 0x0,
    0x0, 0x0, 0x0, 0x0,

    /* U+0404 "Є" */
    0x0, 0x0, 0x6, 0xbe, 0xff, 0xda, 0x40, 0x0,
    0x0, 0x0, 0x5e, 0xff, 0xff, 0xff, 0xff, 0xb1,
    0x0, 0x0, 0x6f, 0xff, 0xff, 0xff, 0xff, 0xff,
    0xd0, 0x0, 0x3f, 0xff, 0xfd, 0x75, 0x6c, 0xff,
    0xff, 0x90, 0xc, 0xff, 0xf9, 0x0, 0x0, 0x6,
    0xff, 0xff, 0x13, 0xff, 0xfd, 0x0, 0x0, 0x0,
    0xb, 0xfc, 0x81, 0x7f, 0xff, 0x60, 0x0, 0x0,
    0x0, 0x0, 0x0, 0xb, 0xff, 0xf5, 0x22, 0x22,
    0x20, 0x0, 0x0, 0x0, 0xcf, 0xff, 0xff, 0xff,
    0xff, 0x0, 0x0, 0x0, 0xd, 0xff, 0xff, 0xff,
    0xff, 0xf0, 0x0, 0x0, 0x0, 0xcf, 0xff, 0xff,
    0xff, 0xff, 0x0, 0x0, 0x0, 0xb, 0xff, 0xf2,
    0x0, 0x0, 0x0, 0x0, 0x0, 0x0, 0x8f, 0xff,
    0x60, 0x0, 0x0, 0x0, 0x8d, 0x84, 0x3, 0xff,
    0xfc, 0x0, 0x0, 0x0, 0xd, 0xff, 0xf3, 0xd,
    0xff, 0xf8, 0x0, 0x0, 0x9, 0xff, 0xfe, 0x0,
    0x4f, 0xff, 0xfb, 0x54, 0x6c, 0xff, 0xff, 0x60,
    0x0, 0x7f, 0xff, 0xff, 0xff, 0xff, 0xff, 0xa0,
    0x0, 0x0, 0x6f, 0xff, 0xff, 0xff, 0xff, 0x90,
    0x0, 0x0, 0x0, 0x18, 0xce, 0xff, 0xd9, 0x30,
    0x0, 0x0,

    /* U+0405 "Ѕ" */
    0x0, 0x0, 0x39, 0xde, 0xfe, 0xc9, 0x20, 0x0,
    0x0, 0x0, 0x9f, 0xff, 0xff, 0xff, 0xff, 0x80,
    0x0, 0x0, 0x8f, 0xff, 0xff, 0xff, 0xff, 0xff,
    0x70, 0x0, 0x1f, 0xff, 0xf8, 0x43, 0x4a, 0xff,
    0xff, 0x10, 0x4, 0xff, 0xf5, 0x0, 0x0, 0xa,
    0xff, 0xf5, 0x0, 0x5f, 0xff, 0x60, 0x0, 0x0,
    0x3b, 0xbb, 0x50, 0x2, 0xff, 0xff, 0x82, 0x0,
    0x0, 0x0, 0x0, 0x0, 0xb, 0xff, 0xff, 0xfe,
    0xa6, 0x10, 0x0, 0x0, 0x0, 0x1d, 0xff, 0xff,
    0xff, 0xff, 0xb3, 0x0, 0x0, 0x0, 0x8, 0xef,
    0xff, 0xff, 0xff, 0xf7, 0x0, 0x0, 0x0, 0x0,
    0x48, 0xdf, 0xff, 0xff, 0xf4, 0x0, 0x0, 0x0,
    0x0, 0x0, 0x15, 0xdf, 0xff, 0xc0, 0x6, 0x79,
    0x70, 0x0, 0x0, 0x0, 0xef, 0xff, 0x0, 0xef,
    0xff, 0x0, 0x0, 0x0, 0xc, 0xff, 0xf0, 0xa,
    0xff, 0xf9, 0x0, 0x0, 0x3, 0xff, 0xfe, 0x0,
    0x3f, 0xff, 0xfb, 0x64, 0x58, 0xff, 0xff, 0x90,
    0x0, 0x9f, 0xff, 0xff, 0xff, 0xff, 0xff, 0xe1,
    0x0, 0x0, 0x9f, 0xff, 0xff, 0xff, 0xff, 0xd2,
    0x0, 0x0, 0x0, 0x39, 0xce, 0xff, 0xda, 0x50,
    0x0, 0x0,

    /* U+0406 "І" */
    0x3f, 0xff, 0x83, 0xff, 0xf8, 0x3f, 0xff, 0x83,
    0xff, 0xf8, 0x3f, 0xff, 0x83, 0xff, 0xf8, 0x3f,
    0xff, 0x83, 0xff, 0xf8, 0x3f, 0xff, 0x83, 0xff,
    0xf8, 0x3f, 0xff, 0x83, 0xff, 0xf8, 0x3f, 0xff,
    0x83, 0xff, 0xf8, 0x3f, 0xff, 0x83, 0xff, 0xf8,
    0x3f, 0xff, 0x83, 0xff, 0xf8, 0x3f, 0xff, 0x80,

    /* U+0407 "Ї" */
    0x11, 0x10, 0x0, 0x11, 0x1b, 0xff, 0x60, 0x3f,
    0xfd, 0xbf, 0xf6, 0x3, 0xff, 0xdb, 0xff, 0x60,
    0x3f, 0xfd, 0x0, 0x0, 0x0, 0x0, 0x0, 0x3,
    0xff, 0xf8, 0x0, 0x0, 0x3f, 0xff, 0x80, 0x0,
    0x3, 0xff, 0xf8, 0x0, 0x0, 0x3f, 0xff, 0x80,
    0x0, 0x3, 0xff, 0xf8, 0x0, 0x0, 0x3f, 0xff,
    0x80, 0x0, 0x3, 0xff, 0xf8, 0x0, 0x0, 0x3f,
    0xff, 0x80, 0x0, 0x3, 0xff, 0xf8, 0x0, 0x0,
    0x3f, 0xff, 0x80, 0x0, 0x3, 0xff, 0xf8, 0x0,
    0x0, 0x3f, 0xff, 0x80, 0x0, 0x3, 0xff, 0xf8,
    0x0, 0x0, 0x3f, 0xff, 0x80, 0x0, 0x3, 0xff,
    0xf8, 0x0, 0x0, 0x3f, 0xff, 0x80, 0x0, 0x3,
    0xff, 0xf8, 0x0, 0x0, 0x3f, 0xff, 0x80, 0x0,
    0x3, 0xff, 0xf8, 0x0,

    /* U+0408 "Ј" */
    0x0, 0x0, 0x0, 0x0, 0x6f, 0xff, 0x50, 0x0,
    0x0, 0x0, 0x6, 0xff, 0xf5, 0x0, 0x0, 0x0,
    0x0, 0x6f, 0xff, 0x50, 0x0, 0x0, 0x0, 0x6,
    0xff, 0xf5, 0x0, 0x0, 0x0, 0x0, 0x6f, 0xff,
    0x50, 0x0, 0x0, 0x0, 0x6, 0xff, 0xf5, 0x0,
    0x0, 0x0, 0x0, 0x6f, 0xff, 0x50, 0x0, 0x0,
    0x0, 0x6, 0xff, 0xf5, 0x0, 0x0, 0x0, 0x0,
    0x6f, 0xff, 0x50, 0x0, 0x0, 0x0, 0x6, 0xff,
    0xf5, 0x0, 0x0, 0x0, 0x0, 0x6f, 0xff, 0x50,
    0x0, 0x0, 0x0, 0x6, 0xff, 0xf5, 0x13, 0x57,
    0x0, 0x0, 0x6f, 0xff, 0x58, 0xff, 0xf1, 0x0,
    0x7, 0xff, 0xf4, 0x6f, 0xff, 0x60, 0x0, 0xbf,
    0xff, 0x22, 0xff, 0xff, 0x75, 0x9f, 0xff, 0xd0,
    0xb, 0xff, 0xff, 0xff, 0xff, 0xf5, 0x0, 0x1d,
    0xff, 0xff, 0xff, 0xf8, 0x0, 0x0, 0x7, 0xcf,
    0xfd, 0xa3, 0x0, 0x0,

    /* U+0409 "Љ" */
    0x0, 0x3f, 0xff, 0xff, 0xff, 0xff, 0xff, 0xf7,
    0x0, 0x0, 0x0, 0x0, 0x0, 0x0, 0x0, 0x3f,
    0xff, 0xff, 0xff, 0xff, 0xff, 0xf7, 0x0, 0x0,
    0x0, 0x0, 0x0, 0x0, 0x0, 0x3f, 0xff, 0xff,
    0xff, 0xff, 0xff, 0xf7, 0x0, 0x0, 0x0, 0x0,
    0x0, 0x0, 0x0, 0x3f, 0xff, 0xa3, 0x33, 0x37,
    0xff, 0xf7, 0x0, 0x0, 0x0, 0x0, 0x0, 0x0,
    0x0, 0x3f, 0xff, 0x80, 0x0, 0x4, 0xff, 0xf7,
    0x0, 0x0, 0x0, 0x0, 0x0, 0x0, 0x0, 0x3f,
    0xff, 0x80, 0x0, 0x4, 0xff, 0xf7, 0x0, 0x0,
    0x0, 0x0, 0x0, 0x0, 0x0, 0x3f, 0xff, 0x80,
    0x0, 0x4, 0xff, 0xf7, 0x0, 0x0, 0x0, 0x0,
    0x0, 0x0, 0x0, 0x3f, 0xff, 0x80, 0x0, 0x4,
    0xff, 0xf8, 0x22, 0x22, 0x21, 0x0, 0x0, 0x0,
    0x0, 0x3f, 0xff, 0x80, 0x0, 0x4, 0xff, 0xff,
    0xff, 0xff, 0xff, 0xfb, 0x40, 0x0, 0x0, 0x3f,
    0xff, 0x80, 0x0, 0x4, 0xff, 0xff, 0xff, 0xff,
    0xff, 0xff, 0xf8, 0x0, 0x0, 0x3f, 0xff, 0x80,
    0x0, 0x4, 0xff, 0xff, 0xff, 0xff, 0xff, 0xff,
    0xff, 0x50, 0x0, 0x3f, 0xff, 0x80, 0x0, 0x4,
    0xff, 0xf7, 0x0, 0x0, 0x13, 0xbf, 0xff, 0xd0,
    0x0, 0x3f, 0xff, 0x80, 0x0, 0x4, 0xff, 0xf7,
    0x0, 0x0, 0x0, 0xe, 0xff, 0xf1, 0x0, 0x3f,
    0xff, 0x80, 0x0, 0x4, 0xff, 0xf7, 0x0, 0x0,
    0x0, 0xb, 0xff, 0xf2, 0x0, 0x3f, 0xff, 0x70,
    0x0, 0x4, 0xff, 0xf7, 0x0, 0x0, 0x0, 0xe,
    0xff, 0xf1, 0x10, 0x7f, 0xff, 0x60, 0x0, 0x4,
    0xff, 0xf7, 0x0, 0x0, 0x3, 0xbf, 0xff, 0xd0,
    0xaf, 0xff, 0xff, 0x20, 0x0, 0x4, 0xff, 0xff,
    0xff, 0xff, 0xff, 0xff, 0xff, 0x50, 0xaf, 0xff,
    0xf9, 0x0, 0x0, 0x4, 0xff, 0xff, 0xff, 0xff,
    0xff, 0xff, 0xf8, 0x0, 0xaf, 0xfd, 0x70, 0x0,
    0x0, 0x4, 0xff, 0xff, 0xff, 0xff, 0xff, 0xeb,
    0x40, 0x0,

    /* U+040A "Њ" */
    0xff, 0xfc, 0x0, 0x0, 0x3f, 0xff, 0x90, 0x0,
    0x0, 0x0, 0x0, 0x0, 0xf, 0xff, 0xc0, 0x0,
    0x3, 0xff, 0xf9, 0x0, 0x0, 0x0, 0x0, 0x0,
    0x0, 0xff, 0xfc, 0x0, 0x0, 0x3f, 0xff, 0x90,
    0x0, 0x0, 0x0, 0x0, 0x0, 0xf, 0xff, 0xc0,
    0x0, 0x3, 0xff, 0xf9, 0x0, 0x0, 0x0, 0x0,
    0x0, 0x0, 0xff, 0xfc, 0x0, 0x0, 0x3f, 0xff,
    0x90, 0x0, 0x0, 0x0, 0x0, 0x0, 0xf, 0xff,
    0xc0, 0x0, 0x3, 0xff, 0xf9, 0x0, 0x0, 0x0,
    0x0, 0x0, 0x0, 0xff, 0xfc, 0x0, 0x0, 0x3f,
    0xff, 0x90, 0x0, 0x0, 0x0, 0x0, 0x0, 0xf,
    0xff, 0xc3, 0x33, 0x35, 0xff, 0xfa, 0x33, 0x33,
    0x32, 0x0, 0x0, 0x0, 0xff, 0xff, 0xff, 0xff,
    0xff, 0xff, 0xff, 0xff, 0xff, 0xff, 0xc5, 0x0,
    0xf, 0xff, 0xff, 0xff, 0xff, 0xff, 0xff, 0xff,
    0xff, 0xff, 0xff, 0xfa, 0x0, 0xff, 0xff, 0xff,
    0xff, 0xff, 0xff, 0xff, 0xff, 0xff, 0xff, 0xff,
    0xf7, 0xf, 0xff, 0xc0, 0x0, 0x3, 0xff, 0xf9,
    0x0, 0x0, 0x3, 0xaf, 0xff, 0xe0, 0xff, 0xfc,
    0x0, 0x0, 0x3f, 0xff, 0x90, 0x0, 0x0, 0x0,
    0xcf, 0xff, 0x3f, 0xff, 0xc0, 0x0, 0x3, 0xff,
    0xf9, 0x0, 0x0, 0x0, 0x9, 0xff, 0xf4, 0xff,
    0xfc, 0x0, 0x0, 0x3f, 0xff, 0x90, 0x0, 0x0,
    0x0, 0xdf, 0xff, 0x3f, 0xff, 0xc0, 0x0, 0x3,
    0xff, 0xfa, 0x22, 0x22, 0x34, 0xcf, 0xff, 0xe0,
    0xff, 0xfc, 0x0, 0x0, 0x3f, 0xff, 0xff, 0xff,
    0xff, 0xff, 0xff, 0xf7, 0xf, 0xff, 0xc0, 0x0,
    0x3, 0xff, 0xff, 0xff, 0xff, 0xff, 0xff, 0xfa,
    0x0, 0xff, 0xfc, 0x0, 0x0, 0x3f, 0xff, 0xff,
    0xff, 0xff, 0xfe, 0xb5, 0x0, 0x0,

    /* U+040B "Ћ" */
    0x4f, 0xff, 0xff, 0xff, 0xff, 0xff, 0xff, 0xf7,
    0x0, 0x0, 0x4, 0xff, 0xff, 0xff, 0xff, 0xff,
    0xff, 0xff, 0x70, 0x0, 0x0, 0x4f, 0xff, 0xff,
    0xff, 0xff, 0xff, 0xff, 0xf7, 0x0, 0x0, 0x0,
    0x33, 0x33, 0x3d, 0xff, 0xf3, 0x33, 0x33, 0x10,
    0x0, 0x0, 0x0, 0x0, 0x0, 0xcf, 0xff, 0x0,
    0x0, 0x0, 0x0, 0x0, 0x0, 0x0, 0x0, 0xc,
    0xff, 0xf0, 0x0, 0x0, 0x0, 0x0, 0x0, 0x0,
    0x0, 0x0, 0xcf, 0xff, 0x38, 0xce, 0xfe, 0xb6,
    0x0, 0x0, 0x0, 0x0, 0xc, 0xff, 0xff, 0xff,
    0xff, 0xff, 0xfd, 0x20, 0x0, 0x0, 0x0, 0xcf,
    0xff, 0xff, 0xff, 0xff, 0xff, 0xfe, 0x0, 0x0,
    0x0, 0xc, 0xff, 0xff, 0x95, 0x34, 0x9f, 0xff,
    0xf8, 0x0, 0x0, 0x0, 0xcf, 0xff, 0x0, 0x0,
    0x0, 0x7f, 0xff, 0xc0, 0x0, 0x0, 0xc, 0xff,
    0xf0, 0x0, 0x0, 0x0, 0xff, 0xfd, 0x0, 0x0,
    0x0, 0xcf, 0xff, 0x0, 0x0, 0x0, 0xe, 0xff,
    0xe0, 0x0, 0x0, 0xc, 0xff, 0xf0, 0x0, 0x0,
    0x0, 0xef, 0xfe, 0x0, 0x0, 0x0, 0xcf, 0xff,
    0x0, 0x0, 0x0, 0xe, 0xff, 0xe0, 0x0, 0x0,
    0xc, 0xff, 0xf0, 0x0, 0x0, 0x0, 0xef, 0xfe,
    0x0, 0x0, 0x0, 0xcf, 0xff, 0x0, 0x0, 0x0,
    0xe, 0xff, 0xe0, 0x0, 0x0, 0xc, 0xff, 0xf0,
    0x0, 0x0, 0x0, 0xef, 0xfe, 0x0, 0x0, 0x0,
    0xcf, 0xff, 0x0, 0x0, 0x0, 0xe, 0xff, 0xe0,

    /* U+040C "Ќ" */
    0x0, 0x0, 0x0, 0x6d, 0xdd, 0x40, 0x0, 0x0,
    0x0, 0x0, 0xd, 0xff, 0x80, 0x0, 0x0, 0x0,
    0x0, 0x5, 0xff, 0x90, 0x0, 0x0, 0x0, 0x0,
    0x0, 0xcf, 0xa0, 0x0, 0x0, 0x0, 0x0, 0x0,
    0x0, 0x0, 0x0, 0x0, 0x0, 0x0, 0xff, 0xfb,
    0x0, 0x0, 0x6, 0xce, 0xf7, 0xf, 0xff, 0xb0,
    0x0, 0xa, 0xff, 0xff, 0x70, 0xff, 0xfb, 0x0,
    0x4, 0xff, 0xfe, 0xb4, 0xf, 0xff, 0xb0, 0x0,
    0xcf, 0xfa, 0x0, 0x0, 0xff, 0xfb, 0x0, 0x3f,
    0xff, 0x10, 0x0, 0xf, 0xff, 0xb0, 0x9, 0xff,
    0xa0, 0x0, 0x0, 0xff, 0xfb, 0x1, 0xff, 0xf4,
    0x0, 0x0, 0xf, 0xff, 0xb1, 0xbf, 0xfd, 0x0,
    0x0, 0x0, 0xff, 0xff, 0xff, 0xfe, 0x30, 0x0,
    0x0, 0xf, 0xff, 0xff, 0xff, 0xb2, 0x0, 0x0,
    0x0, 0xff, 0xfe, 0xcf, 0xff, 0xe2, 0x0, 0x0,
    0xf, 0xff, 0xb0, 0x7f, 0xff, 0xd0, 0x0, 0x0,
    0xff, 0xfb, 0x0, 0xdf, 0xff, 0x60, 0x0, 0xf,
    0xff, 0xb0, 0x5, 0xff, 0xfe, 0x0, 0x0, 0xff,
    0xfb, 0x0, 0xc, 0xff, 0xf7, 0x0, 0xf, 0xff,
    0xb0, 0x0, 0x5f, 0xff, 0xe0, 0x0, 0xff, 0xfb,
    0x0, 0x0, 0xef, 0xff, 0x60, 0xf, 0xff, 0xb0,
    0x0, 0x7, 0xff, 0xfe, 0x0, 0xff, 0xfb, 0x0,
    0x0, 0xf, 0xff, 0xf6,

    /* U+040D "Ѝ" */
    0x0, 0x0, 0x7d, 0xdd, 0x30, 0x0, 0x0, 0x0,
    0x0, 0x0, 0xa, 0xff, 0xb0, 0x0, 0x0, 0x0,
    0x0, 0x0, 0x0, 0xbf, 0xf2, 0x0, 0x0, 0x0,
    0x0, 0x0, 0x0, 0xc, 0xf9, 0x0, 0x0, 0x0,
    0x0, 0x0, 0x0, 0x0, 0x0, 0x0, 0x0, 0x0,
    0x1f, 0xff, 0x70, 0x0, 0x0, 0x4, 0xff, 0xfc,
    0x1f, 0xff, 0x70, 0x0, 0x0, 0xd, 0xff, 0xfc,
    0x1f, 0xff, 0x70, 0x0, 0x0, 0x7f, 0xff, 0xfc,
    0x1f, 0xff, 0x70, 0x0, 0x1, 0xff, 0xff, 0xfc,
    0x1f, 0xff, 0x70, 0x0, 0xa, 0xff, 0xff, 0xfc,
    0x1f, 0xff, 0x70, 0x0, 0x4f, 0xff, 0xff, 0xfc,
    0x1f, 0xff, 0x70, 0x0, 0xdf, 0xff, 0xff, 0xfc,
    0x1f, 0xff, 0x70, 0x7, 0xff, 0xfa, 0xcf, 0xfc,
    0x1f, 0xff, 0x70, 0x1f, 0xff, 0xf1, 0xcf, 0xfc,
    0x1f, 0xff, 0x70, 0xaf, 0xff, 0x70, 0xcf, 0xfc,
    0x1f, 0xff, 0x74, 0xff, 0xfd, 0x0, 0xcf, 0xfc,
    0x1f, 0xff, 0x7d, 0xff, 0xf4, 0x0, 0xcf, 0xfc,
    0x1f, 0xff, 0xdf, 0xff, 0xa0, 0x0, 0xcf, 0xfc,
    0x1f, 0xff, 0xff, 0xff, 0x10, 0x0, 0xcf, 0xfc,
    0x1f, 0xff, 0xff, 0xf6, 0x0, 0x0, 0xcf, 0xfc,
    0x1f, 0xff, 0xff, 0xd0, 0x0, 0x0, 0xcf, 0xfc,
    0x1f, 0xff, 0xff, 0x30, 0x0, 0x0, 0xcf, 0xfc,
    0x1f, 0xff, 0xf9, 0x0, 0x0, 0x0, 0xcf, 0xfc,
    0x1f, 0xff, 0xe1, 0x0, 0x0, 0x0, 0xcf, 0xfc,

    /* U+040E "Ў" */
    0x0, 0x0, 0x8f, 0x30, 0x0, 0x9f, 0x20, 0x0,
    0x0, 0x0, 0x4, 0xfc, 0x20, 0x4f, 0xe0, 0x0,
    0x0, 0x0, 0x0, 0xa, 0xff, 0xff, 0xf5, 0x0,
    0x0, 0x0, 0x0, 0x0, 0x7, 0xcd, 0xb4, 0x0,
    0x0, 0x0, 0x0, 0x0, 0x0, 0x0, 0x0, 0x0,
    0x0, 0x0, 0xb, 0xff, 0xf6, 0x0, 0x0, 0x0,
    0xe, 0xff, 0xe0, 0x3f, 0xff, 0xd0, 0x0, 0x0,
    0x5, 0xff, 0xf8, 0x0, 0xbf, 0xff, 0x50, 0x0,
    0x0, 0xbf, 0xff, 0x10, 0x3, 0xff, 0xfc, 0x0,
    0x0, 0x1f, 0xff, 0xa0, 0x0, 0xb, 0xff, 0xf3,
    0x0, 0x7, 0xff, 0xf3, 0x0, 0x0, 0x3f, 0xff,
    0xa0, 0x0, 0xdf, 0xfb, 0x0, 0x0, 0x0, 0xbf,
    0xff, 0x10, 0x3f, 0xff, 0x40, 0x0, 0x0, 0x3,
    0xff, 0xf8, 0x9, 0xff, 0xd0, 0x0, 0x0, 0x0,
    0xa, 0xff, 0xf1, 0xff, 0xf6, 0x0, 0x0, 0x0,
    0x0, 0x2f, 0xff, 0xcf, 0xfe, 0x0, 0x0, 0x0,
    0x0, 0x0, 0xaf, 0xff, 0xff, 0x80, 0x0, 0x0,
    0x0, 0x0, 0x2, 0xff, 0xff, 0xf1, 0x0, 0x0,
    0x0, 0x0, 0x0, 0xa, 0xff, 0xfa, 0x0, 0x0,
    0x0, 0x0, 0x0, 0x0, 0x4f, 0xff, 0x30, 0x0,
    0x0, 0x0, 0x0, 0x0, 0x9, 0xff, 0xc0, 0x0,
    0x0, 0x0, 0x0, 0x0, 0x16, 0xff, 0xf4, 0x0,
    0x0, 0x0, 0x0, 0x9, 0xff, 0xff, 0xfb, 0x0,
    0x0, 0x0, 0x0, 0x0, 0x9f, 0xff, 0xfe, 0x10,
    0x0, 0x0, 0x0, 0x0, 0x7, 0xef, 0xfb, 0x20,
    0x0, 0x0, 0x0, 0x0,

    /* U+040F "Џ" */
    0x1f, 0xff, 0xb0, 0x0, 0x0, 0x0, 0xff, 0xfc,
    0x1f, 0xff, 0xb0, 0x0, 0x0, 0x0, 0xff, 0xfc,
    0x1f, 0xff, 0xb0, 0x0, 0x0, 0x0, 0xff, 0xfc,
    0x1f, 0xff, 0xb0, 0x0, 0x0, 0x0, 0xff, 0xfc,
    0x1f, 0xff, 0xb0, 0x0, 0x0, 0x0, 0xff, 0xfc,
    0x1f, 0xff, 0xb0, 0x0, 0x0, 0x0, 0xff, 0xfc,
    0x1f, 0xff, 0xb0, 0x0, 0x0, 0x0, 0xff, 0xfc,
    0x1f, 0xff, 0xb0, 0x0, 0x0, 0x0, 0xff, 0xfc,
    0x1f, 0xff, 0xb0, 0x0, 0x0, 0x0, 0xff, 0xfc,
    0x1f, 0xff, 0xb0, 0x0, 0x0, 0x0, 0xff, 0xfc,
    0x1f, 0xff, 0xb0, 0x0, 0x0, 0x0, 0xff, 0xfc,
    0x1f, 0xff, 0xb0, 0x0, 0x0, 0x0, 0xff, 0xfc,
    0x1f, 0xff, 0xb0, 0x0, 0x0, 0x0, 0xff, 0xfc,
    0x1f, 0xff, 0xb0, 0x0, 0x0, 0x0, 0xff, 0xfc,
    0x1f, 0xff, 0xb0, 0x0, 0x0, 0x0, 0xff, 0xfc,
    0x1f, 0xff, 0xc3, 0x33, 0x33, 0x33, 0xff, 0xfc,
    0x1f, 0xff, 0xff, 0xff, 0xff, 0xff, 0xff, 0xfc,
    0x1f, 0xff, 0xff, 0xff, 0xff, 0xff, 0xff, 0xfc,
    0x1f, 0xff, 0xff, 0xff, 0xff, 0xff, 0xff, 0xfc,
    0x0, 0x0, 0x0, 0x3f, 0xfe, 0x0, 0x0, 0x0,
    0x0, 0x0, 0x0, 0x3f, 0xfe, 0x0, 0x0, 0x0,
    0x0, 0x0, 0x0, 0x3f, 0xfe, 0x0, 0x0, 0x0,
    0x0, 0x0, 0x0, 0x3f, 0xfe, 0x0, 0x0, 0x0,
    0x0, 0x0, 0x0, 0x3f, 0xfe, 0x0, 0x0, 0x0,

    /* U+0410 "А" */
    0x0, 0x0, 0x0, 0xe, 0xff, 0xf6, 0x0, 0x0,
    0x0, 0x0, 0x0, 0x0, 0x5, 0xff, 0xff, 0xc0,
    0x0, 0x0, 0x0, 0x0, 0x0, 0x0, 0xbf, 0xff,
    0xff, 0x30, 0x0, 0x0, 0x0, 0x0, 0x0, 0x1f,
    0xff, 0xff, 0xf9, 0x0, 0x0, 0x0, 0x0, 0x0,
    0x7, 0xff, 0xfe, 0xff, 0xf0, 0x0, 0x0, 0x0,
    0x0, 0x0, 0xdf, 0xfd, 0x7f, 0xff, 0x60, 0x0,
    0x0, 0x0, 0x0, 0x3f, 0xff, 0x82, 0xff, 0xfc,
    0x0, 0x0, 0x0, 0x0, 0x9, 0xff, 0xf2, 0xc,
    0xff, 0xf2, 0x0, 0x0, 0x0, 0x0, 0xff, 0xfd,
    0x0, 0x6f, 0xff, 0x80, 0x0, 0x0, 0x0, 0x6f,
    0xff, 0x70, 0x1, 0xff, 0xfe, 0x0, 0x0, 0x0,
    0xc, 0xff, 0xf2, 0x0, 0xb, 0xff, 0xf5, 0x0,
    0x0, 0x2, 0xff, 0xfd, 0x33, 0x33, 0x8f, 0xff,
    0xb0, 0x0, 0x0, 0x8f, 0xff, 0xff, 0xff, 0xff,
    0xff, 0xff, 0x20, 0x0, 0xe, 0xff, 0xff, 0xff,
    0xff, 0xff, 0xff, 0xf8, 0x0, 0x4, 0xff, 0xff,
    0xff, 0xff, 0xff, 0xff, 0xff, 0xe0, 0x0, 0xaf,
    0xff, 0x50, 0x0, 0x0, 0x0, 0xdf, 0xff, 0x40,
    0x1f, 0xff, 0xe0, 0x0, 0x0, 0x0, 0x6, 0xff,
    0xfb, 0x6, 0xff, 0xf8, 0x0, 0x0, 0x0, 0x0,
    0xf, 0xff, 0xf1, 0xcf, 0xff, 0x20, 0x0, 0x0,
    0x0, 0x0, 0x9f, 0xff, 0x70,

    /* U+0411 "Б" */
    0xf, 0xff, 0xff, 0xff, 0xff, 0xff, 0xff, 0xe0,
    0x0, 0xff, 0xff, 0xff, 0xff, 0xff, 0xff, 0xfe,
    0x0, 0xf, 0xff, 0xff, 0xff, 0xff, 0xff, 0xff,
    0xe0, 0x0, 0xff, 0xfc, 0x22, 0x22, 0x22, 0x22,
    0x22, 0x0, 0xf, 0xff, 0xb0, 0x0, 0x0, 0x0,
    0x0, 0x0, 0x0, 0xff, 0xfb, 0x0, 0x0, 0x0,
    0x0, 0x0, 0x0, 0xf, 0xff, 0xb0, 0x0, 0x0,
    0x0, 0x0, 0x0, 0x0, 0xff, 0xfc, 0x22, 0x22,
    0x21, 0x0, 0x0, 0x0, 0xf, 0xff, 0xff, 0xff,
    0xff, 0xff, 0xd7, 0x0, 0x0, 0xff, 0xff, 0xff,
    0xff, 0xff, 0xff, 0xfd, 0x10, 0xf, 0xff, 0xff,
    0xff, 0xff, 0xff, 0xff, 0xfa, 0x0, 0xff, 0xfb,
    0x0, 0x0, 0x2, 0x8f, 0xff, 0xf2, 0xf, 0xff,
    0xb0, 0x0, 0x0, 0x0, 0x9f, 0xff, 0x60, 0xff,
    0xfb, 0x0, 0x0, 0x0, 0x7, 0xff, 0xf7, 0xf,
    0xff, 0xb0, 0x0, 0x0, 0x0, 0xbf, 0xff, 0x50,
    0xff, 0xfc, 0x22, 0x22, 0x34, 0xaf, 0xff, 0xf2,
    0xf, 0xff, 0xff, 0xff, 0xff, 0xff, 0xff, 0xf9,
    0x0, 0xff, 0xff, 0xff, 0xff, 0xff, 0xff, 0xfb,
    0x0, 0xf, 0xff, 0xff, 0xff, 0xff, 0xfe, 0xb6,
    0x0, 0x0,

    /* U+0412 "В" */
    0x1f, 0xff, 0xff, 0xff, 0xff, 0xec, 0x81, 0x0,
    0x1, 0xff, 0xff, 0xff, 0xff, 0xff, 0xff, 0xe2,
    0x0, 0x1f, 0xff, 0xff, 0xff, 0xff, 0xff, 0xff,
    0xd0, 0x1, 0xff, 0xfb, 0x22, 0x22, 0x25, 0xef,
    0xff, 0x50, 0x1f, 0xff, 0xa0, 0x0, 0x0, 0x4,
    0xff, 0xf8, 0x1, 0xff, 0xfa, 0x0, 0x0, 0x0,
    0x1f, 0xff, 0x80, 0x1f, 0xff, 0xa0, 0x0, 0x0,
    0x5, 0xff, 0xf4, 0x1, 0xff, 0xfb, 0x22, 0x22,
    0x36, 0xef, 0xfc, 0x0, 0x1f, 0xff, 0xff, 0xff,
    0xff, 0xff, 0xfd, 0x10, 0x1, 0xff, 0xff, 0xff,
    0xff, 0xff, 0xff, 0x92, 0x0, 0x1f, 0xff, 0xff,
    0xff, 0xff, 0xff, 0xff, 0xf3, 0x1, 0xff, 0xfa,
    0x0, 0x0, 0x2, 0x8f, 0xff, 0xe0, 0x1f, 0xff,
    0xa0, 0x0, 0x0, 0x0, 0x9f, 0xff, 0x51, 0xff,
    0xfa, 0x0, 0x0, 0x0, 0x6, 0xff, 0xf7, 0x1f,
    0xff, 0xa0, 0x0, 0x0, 0x0, 0xaf, 0xff, 0x61,
    0xff, 0xfb, 0x22, 0x22, 0x34, 0x9f, 0xff, 0xf2,
    0x1f, 0xff, 0xff, 0xff, 0xff, 0xff, 0xff, 0xfa,
    0x1, 0xff, 0xff, 0xff, 0xff, 0xff, 0xff, 0xfc,
    0x10, 0x1f, 0xff, 0xff, 0xff, 0xff, 0xfe, 0xb6,
    0x0, 0x0,

    /* U+0413 "Г" */
    0xef, 0xff, 0xff, 0xff, 0xff, 0xff, 0xbe, 0xff,
    0xff, 0xff, 0xff, 0xff, 0xfb, 0xef, 0xff, 0xff,
    0xff, 0xff, 0xff, 0xbe, 0xff, 0xd2, 0x22, 0x22,
    0x22, 0x21, 0xef, 0xfd, 0x0, 0x0, 0x0, 0x0,
    0xe, 0xff, 0xd0, 0x0, 0x0, 0x0, 0x0, 0xef,
    0xfd, 0x0, 0x0, 0x0, 0x0, 0xe, 0xff, 0xd0,
    0x0, 0x0, 0x0, 0x0, 0xef, 0xfd, 0x0, 0x0,
    0x0, 0x0, 0xe, 0xff, 0xd0, 0x0, 0x0, 0x0,
    0x0, 0xef, 0xfd, 0x0, 0x0, 0x0, 0x0, 0xe,
    0xff, 0xd0, 0x0, 0x0, 0x0, 0x0, 0xef, 0xfd,
    0x0, 0x0, 0x0, 0x0, 0xe, 0xff, 0xd0, 0x0,
    0x0, 0x0, 0x0, 0xef, 0xfd, 0x0, 0x0, 0x0,
    0x0, 0xe, 0xff, 0xd0, 0x0, 0x0, 0x0, 0x0,
    0xef, 0xfd, 0x0, 0x0, 0x0, 0x0, 0xe, 0xff,
    0xd0, 0x0, 0x0, 0x0, 0x0, 0xef, 0xfd, 0x0,
    0x0, 0x0, 0x0, 0x0,

    /* U+0414 "Д" */
    0x0, 0x0, 0x9f, 0xff, 0xff, 0xff, 0xff, 0xff,
    0xf4, 0x0, 0x0, 0x9, 0xff, 0xff, 0xff, 0xff,
    0xff, 0xff, 0x40, 0x0, 0x0, 0x9f, 0xff, 0xff,
    0xff, 0xff, 0xff, 0xf4, 0x0, 0x0, 0xa, 0xff,
    0xf2, 0x22, 0x22, 0x9f, 0xff, 0x40, 0x0, 0x0,
    0xaf, 0xff, 0x0, 0x0, 0x8, 0xff, 0xf4, 0x0,
    0x0, 0xa, 0xff, 0xe0, 0x0, 0x0, 0x8f, 0xff,
    0x40, 0x0, 0x0, 0xbf, 0xfe, 0x0, 0x0, 0x8,
    0xff, 0xf4, 0x0, 0x0, 0xc, 0xff, 0xd0, 0x0,
    0x0, 0x8f, 0xff, 0x40, 0x0, 0x0, 0xdf, 0xfc,
    0x0, 0x0, 0x8, 0xff, 0xf4, 0x0, 0x0, 0xe,
    0xff, 0xb0, 0x0, 0x0, 0x8f, 0xff, 0x40, 0x0,
    0x0, 0xff, 0xf9, 0x0, 0x0, 0x8, 0xff, 0xf4,
    0x0, 0x0, 0x3f, 0xff, 0x70, 0x0, 0x0, 0x8f,
    0xff, 0x40, 0x0, 0x6, 0xff, 0xf4, 0x0, 0x0,
    0x8, 0xff, 0xf4, 0x0, 0x0, 0xaf, 0xff, 0x10,
    0x0, 0x0, 0x8f, 0xff, 0x40, 0x0, 0xf, 0xff,
    0xd0, 0x0, 0x0, 0x8, 0xff, 0xf4, 0x0, 0x27,
    0xff, 0xfa, 0x22, 0x22, 0x22, 0x9f, 0xff, 0x62,
    0x1f, 0xff, 0xff, 0xff, 0xff, 0xff, 0xff, 0xff,
    0xff, 0xe1, 0xff, 0xff, 0xff, 0xff, 0xff, 0xff,
    0xff, 0xff, 0xfe, 0x1f, 0xff, 0xff, 0xff, 0xff,
    0xff, 0xff, 0xff, 0xff, 0xe1, 0xff, 0xf0, 0x0,
    0x0, 0x0, 0x0, 0x0, 0x3f, 0xfe, 0x1f, 0xff,
    0x0, 0x0, 0x0, 0x0, 0x0, 0x3, 0xff, 0xe1,
    0xff, 0xf0, 0x0, 0x0, 0x0, 0x0, 0x0, 0x3f,
    0xfe, 0x1f, 0xff, 0x0, 0x0, 0x0, 0x0, 0x0,
    0x3, 0xff, 0xe0, 0x22, 0x20, 0x0, 0x0, 0x0,
    0x0, 0x0, 0x2, 0x21,

    /* U+0415 "Е" */
    0x1f, 0xff, 0xff, 0xff, 0xff, 0xff, 0xff, 0xb0,
    0x1f, 0xff, 0xff, 0xff, 0xff, 0xff, 0xff, 0xb0,
    0x1f, 0xff, 0xff, 0xff, 0xff, 0xff, 0xff, 0xb0,
    0x1f, 0xff, 0xb3, 0x33, 0x33, 0x33, 0x33, 0x20,
    0x1f, 0xff, 0xa0, 0x0, 0x0, 0x0, 0x0, 0x0,
    0x1f, 0xff, 0xa0, 0x0, 0x0, 0x0, 0x0, 0x0,
    0x1f, 0xff, 0xa0, 0x0, 0x0, 0x0, 0x0, 0x0,
    0x1f, 0xff, 0xb3, 0x33, 0x33, 0x33, 0x33, 0x0,
    0x1f, 0xff, 0xff, 0xff, 0xff, 0xff, 0xff, 0x0,
    0x1f, 0xff, 0xff, 0xff, 0xff, 0xff, 0xff, 0x0,
    0x1f, 0xff, 0xff, 0xff, 0xff, 0xff, 0xff, 0x0,
    0x1f, 0xff, 0xa0, 0x0, 0x0, 0x0, 0x0, 0x0,
    0x1f, 0xff, 0xa0, 0x0, 0x0, 0x0, 0x0, 0x0,
    0x1f, 0xff, 0xa0, 0x0, 0x0, 0x0, 0x0, 0x0,
    0x1f, 0xff, 0xa0, 0x0, 0x0, 0x0, 0x0, 0x0,
    0x1f, 0xff, 0xb3, 0x33, 0x33, 0x33, 0x33, 0x30,
    0x1f, 0xff, 0xff, 0xff, 0xff, 0xff, 0xff, 0xf0,
    0x1f, 0xff, 0xff, 0xff, 0xff, 0xff, 0xff, 0xf0,
    0x1f, 0xff, 0xff, 0xff, 0xff, 0xff, 0xff, 0xf0,

    /* U+0416 "Ж" */
    0x8f, 0xeb, 0x60, 0x0, 0x1, 0xff, 0xf9, 0x0,
    0x0, 0x29, 0xdf, 0xf0, 0x8f, 0xff, 0xf8, 0x0,
    0x1, 0xff, 0xf9, 0x0, 0x2, 0xef, 0xff, 0xf0,
    0x6d, 0xff, 0xff, 0x30, 0x1, 0xff, 0xf9, 0x0,
    0xb, 0xff, 0xfe, 0xc0, 0x0, 0x1c, 0xff, 0xb0,
    0x1, 0xff, 0xf9, 0x0, 0x3f, 0xff, 0x50, 0x0,
    0x0, 0x3, 0xff, 0xf2, 0x1, 0xff, 0xf9, 0x0,
    0xaf, 0xfb, 0x0, 0x0, 0x0, 0x0, 0xcf, 0xf8,
    0x1, 0xff, 0xf9, 0x1, 0xff, 0xf4, 0x0, 0x0,
    0x0, 0x0, 0x6f, 0xfe, 0x1, 0xff, 0xf9, 0x7,
    0xff, 0xe0, 0x0, 0x0, 0x0, 0x0, 0xe, 0xff,
    0x91, 0xff, 0xf9, 0x2e, 0xff, 0x70, 0x0, 0x0,
    0x0, 0x0, 0x4, 0xff, 0xff, 0xff, 0xff, 0xff,
    0xfc, 0x0, 0x0, 0x0, 0x0, 0x0, 0x2, 0xbf,
    0xff, 0xff, 0xff, 0xff, 0xf6, 0x0, 0x0, 0x0,
    0x0, 0x0, 0x2e, 0xff, 0xfd, 0xff, 0xfe, 0xef,
    0xff, 0x90, 0x0, 0x0, 0x0, 0x0, 0xdf, 0xff,
    0x71, 0xff, 0xf9, 0x1e, 0xff, 0xf5, 0x0, 0x0,
    0x0, 0x7, 0xff, 0xfc, 0x1, 0xff, 0xf9, 0x5,
    0xff, 0xfe, 0x0, 0x0, 0x0, 0x1e, 0xff, 0xf4,
    0x1, 0xff, 0xf9, 0x0, 0xcf, 0xff, 0x70, 0x0,
    0x0, 0x8f, 0xff, 0xc0, 0x1, 0xff, 0xf9, 0x0,
    0x4f, 0xff, 0xf0, 0x0, 0x0, 0xef, 0xff, 0x40,
    0x1, 0xff, 0xf9, 0x0, 0xc, 0xff, 0xf7, 0x0,
    0x7, 0xff, 0xfd, 0x0, 0x1, 0xff, 0xf9, 0x0,
    0x5, 0xff, 0xfe, 0x0, 0xe, 0xff, 0xf6, 0x0,
    0x1, 0xff, 0xf9, 0x0, 0x0, 0xef, 0xff, 0x70,
    0x7f, 0xff, 0xe0, 0x0, 0x1, 0xff, 0xf9, 0x0,
    0x0, 0x6f, 0xff, 0xe0,

    /* U+0417 "З" */
    0x0, 0x1, 0x8c, 0xef, 0xfd, 0x93, 0x0, 0x0,
    0x5, 0xff, 0xff, 0xff, 0xff, 0xf9, 0x0, 0x3,
    0xff, 0xff, 0xff, 0xff, 0xff, 0xf8, 0x0, 0xbf,
    0xff, 0xc4, 0x23, 0xbf, 0xff, 0xf0, 0xa, 0xef,
    0xe0, 0x0, 0x0, 0xcf, 0xff, 0x20, 0x0, 0x13,
    0x0, 0x0, 0x9, 0xff, 0xf1, 0x0, 0x0, 0x0,
    0x0, 0x0, 0xdf, 0xfb, 0x0, 0x0, 0x0, 0x0,
    0x14, 0xcf, 0xfd, 0x10, 0x0, 0x0, 0x0, 0x8f,
    0xff, 0xfa, 0x10, 0x0, 0x0, 0x0, 0x8, 0xff,
    0xff, 0xf8, 0x0, 0x0, 0x0, 0x0, 0x7e, 0xff,
    0xff, 0xfb, 0x0, 0x0, 0x0, 0x0, 0x0, 0x4d,
    0xff, 0xf6, 0x0, 0x0, 0x0, 0x0, 0x0, 0x3f,
    0xff, 0xb0, 0x4, 0x91, 0x0, 0x0, 0x0, 0xff,
    0xfd, 0x3e, 0xff, 0x90, 0x0, 0x0, 0x6f, 0xff,
    0xc0, 0xef, 0xff, 0x94, 0x23, 0x8f, 0xff, 0xf7,
    0x6, 0xff, 0xff, 0xff, 0xff, 0xff, 0xfe, 0x0,
    0x8, 0xff, 0xff, 0xff, 0xff, 0xfd, 0x20, 0x0,
    0x3, 0x9d, 0xff, 0xfd, 0xa5, 0x0, 0x0,

    /* U+0418 "И" */
    0x1f, 0xff, 0x70, 0x0, 0x0, 0x4, 0xff, 0xfc,
    0x1f, 0xff, 0x70, 0x0, 0x0, 0xd, 0xff, 0xfc,
    0x1f, 0xff, 0x70, 0x0, 0x0, 0x7f, 0xff, 0xfc,
    0x1f, 0xff, 0x70, 0x0, 0x1, 0xff, 0xff, 0xfc,
    0x1f, 0xff, 0x70, 0x0, 0xa, 0xff, 0xff, 0xfc,
    0x1f, 0xff, 0x70, 0x0, 0x4f, 0xff, 0xff, 0xfc,
    0x1f, 0xff, 0x70, 0x0, 0xdf, 0xff, 0xff, 0xfc,
    0x1f, 0xff, 0x70, 0x7, 0xff, 0xfa, 0xcf, 0xfc,
    0x1f, 0xff, 0x70, 0x1f, 0xff, 0xf1, 0xcf, 0xfc,
    0x1f, 0xff, 0x70, 0xaf, 0xff, 0x70, 0xcf, 0xfc,
    0x1f, 0xff, 0x74, 0xff, 0xfd, 0x0, 0xcf, 0xfc,
    0x1f, 0xff, 0x7d, 0xff, 0xf4, 0x0, 0xcf, 0xfc,
    0x1f, 0xff, 0xdf, 0xff, 0xa0, 0x0, 0xcf, 0xfc,
    0x1f, 0xff, 0xff, 0xff, 0x10, 0x0, 0xcf, 0xfc,
    0x1f, 0xff, 0xff, 0xf6, 0x0, 0x0, 0xcf, 0xfc,
    0x1f, 0xff, 0xff, 0xd0, 0x0, 0x0, 0xcf, 0xfc,
    0x1f, 0xff, 0xff, 0x30, 0x0, 0x0, 0xcf, 0xfc,
    0x1f, 0xff, 0xf9, 0x0, 0x0, 0x0, 0xcf, 0xfc,
    0x1f, 0xff, 0xe1, 0x0, 0x0, 0x0, 0xcf, 0xfc,

    /* U+0419 "Й" */
    0x0, 0x0, 0x48, 0x10, 0x0, 0x38, 0x20, 0x0,
    0x0, 0x0, 0x5f, 0xa0, 0x1, 0xdf, 0x10, 0x0,
    0x0, 0x0, 0xc, 0xff, 0xef, 0xf8, 0x0, 0x0,
    0x0, 0x0, 0x1, 0x9d, 0xfd, 0x60, 0x0, 0x0,
    0x0, 0x0, 0x0, 0x0, 0x0, 0x0, 0x0, 0x0,
    0x1f, 0xff, 0x70, 0x0, 0x0, 0x4, 0xff, 0xfc,
    0x1f, 0xff, 0x70, 0x0, 0x0, 0xd, 0xff, 0xfc,
    0x1f, 0xff, 0x70, 0x0, 0x0, 0x7f, 0xff, 0xfc,
    0x1f, 0xff, 0x70, 0x0, 0x1, 0xff, 0xff, 0xfc,
    0x1f, 0xff, 0x70, 0x0, 0xa, 0xff, 0xff, 0xfc,
    0x1f, 0xff, 0x70, 0x0, 0x4f, 0xff, 0xff, 0xfc,
    0x1f, 0xff, 0x70, 0x0, 0xdf, 0xff, 0xff, 0xfc,
    0x1f, 0xff, 0x70, 0x7, 0xff, 0xfa, 0xcf, 0xfc,
    0x1f, 0xff, 0x70, 0x1f, 0xff, 0xf1, 0xcf, 0xfc,
    0x1f, 0xff, 0x70, 0xaf, 0xff, 0x70, 0xcf, 0xfc,
    0x1f, 0xff, 0x74, 0xff, 0xfd, 0x0, 0xcf, 0xfc,
    0x1f, 0xff, 0x7d, 0xff, 0xf4, 0x0, 0xcf, 0xfc,
    0x1f, 0xff, 0xdf, 0xff, 0xa0, 0x0, 0xcf, 0xfc,
    0x1f, 0xff, 0xff, 0xff, 0x10, 0x0, 0xcf, 0xfc,
    0x1f, 0xff, 0xff, 0xf6, 0x0, 0x0, 0xcf, 0xfc,
    0x1f, 0xff, 0xff, 0xd0, 0x0, 0x0, 0xcf, 0xfc,
    0x1f, 0xff, 0xff, 0x30, 0x0, 0x0, 0xcf, 0xfc,
    0x1f, 0xff, 0xf9, 0x0, 0x0, 0x0, 0xcf, 0xfc,
    0x1f, 0xff, 0xe1, 0x0, 0x0, 0x0, 0xcf, 0xfc,

    /* U+041A "К" */
    0xf, 0xff, 0xb0, 0x0, 0x0, 0x6c, 0xef, 0x70,
    0xff, 0xfb, 0x0, 0x0, 0xaf, 0xff, 0xf7, 0xf,
    0xff, 0xb0, 0x0, 0x4f, 0xff, 0xeb, 0x40, 0xff,
    0xfb, 0x0, 0xc, 0xff, 0xa0, 0x0, 0xf, 0xff,
    0xb0, 0x3, 0xff, 0xf1, 0x0, 0x0, 0xff, 0xfb,
    0x0, 0x9f, 0xfa, 0x0, 0x0, 0xf, 0xff, 0xb0,
    0x1f, 0xff, 0x40, 0x0, 0x0, 0xff, 0xfb, 0x1b,
    0xff, 0xd0, 0x0, 0x0, 0xf, 0xff, 0xff, 0xff,
    0xe3, 0x0, 0x0, 0x0, 0xff, 0xff, 0xff, 0xfb,
    0x20, 0x0, 0x0, 0xf, 0xff, 0xec, 0xff, 0xfe,
    0x20, 0x0, 0x0, 0xff, 0xfb, 0x7, 0xff, 0xfd,
    0x0, 0x0, 0xf, 0xff, 0xb0, 0xd, 0xff, 0xf6,
    0x0, 0x0, 0xff, 0xfb, 0x0, 0x5f, 0xff, 0xe0,
    0x0, 0xf, 0xff, 0xb0, 0x0, 0xcf, 0xff, 0x70,
    0x0, 0xff, 0xfb, 0x0, 0x5, 0xff, 0xfe, 0x0,
    0xf, 0xff, 0xb0, 0x0, 0xe, 0xff, 0xf6, 0x0,
    0xff, 0xfb, 0x0, 0x0, 0x7f, 0xff, 0xe0, 0xf,
    0xff, 0xb0, 0x0, 0x0, 0xff, 0xff, 0x60,

    /* U+041B "Л" */
    0x0, 0xc, 0xff, 0xff, 0xff, 0xff, 0xff, 0xff,
    0x40, 0x0, 0xcf, 0xff, 0xff, 0xff, 0xff, 0xff,
    0xf4, 0x0, 0xc, 0xff, 0xff, 0xff, 0xff, 0xff,
    0xff, 0x40, 0x0, 0xcf, 0xfe, 0x33, 0x33, 0x39,
    0xff, 0xf4, 0x0, 0xc, 0xff, 0xe0, 0x0, 0x0,
    0x8f, 0xff, 0x40, 0x0, 0xcf, 0xfe, 0x0, 0x0,
    0x8, 0xff, 0xf4, 0x0, 0xc, 0xff, 0xe0, 0x0,
    0x0, 0x8f, 0xff, 0x40, 0x0, 0xcf, 0xfe, 0x0,
    0x0, 0x8, 0xff, 0xf4, 0x0, 0xc, 0xff, 0xe0,
    0x0, 0x0, 0x8f, 0xff, 0x40, 0x0, 0xcf, 0xfe,
    0x0, 0x0, 0x8, 0xff, 0xf4, 0x0, 0xc, 0xff,
    0xe0, 0x0, 0x0, 0x8f, 0xff, 0x40, 0x0, 0xcf,
    0xfe, 0x0, 0x0, 0x8, 0xff, 0xf4, 0x0, 0xc,
    0xff, 0xe0, 0x0, 0x0, 0x8f, 0xff, 0x40, 0x0,
    0xcf, 0xfd, 0x0, 0x0, 0x8, 0xff, 0xf4, 0x0,
    0xc, 0xff, 0xd0, 0x0, 0x0, 0x8f, 0xff, 0x40,
    0x2, 0xff, 0xfb, 0x0, 0x0, 0x8, 0xff, 0xf4,
    0x9f, 0xff, 0xff, 0x80, 0x0, 0x0, 0x8f, 0xff,
    0x49, 0xff, 0xff, 0xf2, 0x0, 0x0, 0x8, 0xff,
    0xf4, 0x9f, 0xfe, 0xb3, 0x0, 0x0, 0x0, 0x8f,
    0xff, 0x40,

    /* U+041C "М" */
    0x2f, 0xff, 0xff, 0x90, 0x0, 0x0, 0xe, 0xff,
    0xff, 0xd2, 0xff, 0xff, 0xfd, 0x0, 0x0, 0x3,
    0xff, 0xff, 0xfd, 0x2f, 0xff, 0xff, 0xf1, 0x0,
    0x0, 0x7f, 0xff, 0xff, 0xd2, 0xff, 0xff, 0xff,
    0x60, 0x0, 0xb, 0xff, 0xff, 0xfd, 0x2f, 0xff,
    0xef, 0xfa, 0x0, 0x0, 0xff, 0xfe, 0xff, 0xd2,
    0xff, 0xfa, 0xff, 0xe0, 0x0, 0x3f, 0xff, 0xbf,
    0xfd, 0x2f, 0xff, 0x6f, 0xff, 0x20, 0x7, 0xff,
    0xba, 0xff, 0xd2, 0xff, 0xf5, 0xdf, 0xf6, 0x0,
    0xcf, 0xf7, 0xaf, 0xfd, 0x2f, 0xff, 0x59, 0xff,
    0xa0, 0xf, 0xff, 0x3a, 0xff, 0xd2, 0xff, 0xf5,
    0x5f, 0xfe, 0x4, 0xff, 0xf0, 0xaf, 0xfd, 0x2f,
    0xff, 0x51, 0xff, 0xf3, 0x8f, 0xfb, 0xa, 0xff,
    0xd2, 0xff, 0xf5, 0xd, 0xff, 0x7c, 0xff, 0x70,
    0xaf, 0xfd, 0x2f, 0xff, 0x50, 0x9f, 0xfc, 0xff,
    0xf3, 0xa, 0xff, 0xd2, 0xff, 0xf5, 0x5, 0xff,
    0xff, 0xff, 0x0, 0xaf, 0xfd, 0x2f, 0xff, 0x50,
    0x1f, 0xff, 0xff, 0xb0, 0xa, 0xff, 0xd2, 0xff,
    0xf5, 0x0, 0xdf, 0xff, 0xf7, 0x0, 0xaf, 0xfd,
    0x2f, 0xff, 0x50, 0x9, 0xff, 0xff, 0x30, 0xa,
    0xff, 0xd2, 0xff, 0xf5, 0x0, 0x5f, 0xff, 0xf0,
    0x0, 0xaf, 0xfd, 0x2f, 0xff, 0x50, 0x1, 0xff,
    0xfb, 0x0, 0xa, 0xff, 0xd0,

    /* U+041D "Н" */
    0x1f, 0xff, 0xa0, 0x0, 0x0, 0x0, 0xff, 0xfc,
    0x1f, 0xff, 0xa0, 0x0, 0x0, 0x0, 0xff, 0xfc,
    0x1f, 0xff, 0xa0, 0x0, 0x0, 0x0, 0xff, 0xfc,
    0x1f, 0xff, 0xa0, 0x0, 0x0, 0x0, 0xff, 0xfc,
    0x1f, 0xff, 0xa0, 0x0, 0x0, 0x0, 0xff, 0xfc,
    0x1f, 0xff, 0xa0, 0x0, 0x0, 0x0, 0xff, 0xfc,
    0x1f, 0xff, 0xa0, 0x0, 0x0, 0x0, 0xff, 0xfc,
    0x1f, 0xff, 0xb3, 0x33, 0x33, 0x33, 0xff, 0xfc,
    0x1f, 0xff, 0xff, 0xff, 0xff, 0xff, 0xff, 0xfc,
    0x1f, 0xff, 0xff, 0xff, 0xff, 0xff, 0xff, 0xfc,
    0x1f, 0xff, 0xff, 0xff, 0xff, 0xff, 0xff, 0xfc,
    0x1f, 0xff, 0xa0, 0x0, 0x0, 0x0, 0xff, 0xfc,
    0x1f, 0xff, 0xa0, 0x0, 0x0, 0x0, 0xff, 0xfc,
    0x1f, 0xff, 0xa0, 0x0, 0x0, 0x0, 0xff, 0xfc,
    0x1f, 0xff, 0xa0, 0x0, 0x0, 0x0, 0xff, 0xfc,
    0x1f, 0xff, 0xa0, 0x0, 0x0, 0x0, 0xff, 0xfc,
    0x1f, 0xff, 0xa0, 0x0, 0x0, 0x0, 0xff, 0xfc,
    0x1f, 0xff, 0xa0, 0x0, 0x0, 0x0, 0xff, 0xfc,
    0x1f, 0xff, 0xa0, 0x0, 0x0, 0x0, 0xff, 0xfc,

    /* U+041E "О" */
    0x0, 0x0, 0x5, 0xad, 0xff, 0xeb, 0x71, 0x0,
    0x0, 0x0, 0x0, 0x4e, 0xff, 0xff, 0xff, 0xff,
    0xf7, 0x0, 0x0, 0x0, 0x5f, 0xff, 0xff, 0xff,
    0xff, 0xff, 0xfa, 0x0, 0x0, 0x3f, 0xff, 0xfe,
    0x85, 0x46, 0xcf, 0xff, 0xf7, 0x0, 0xc, 0xff,
    0xfb, 0x0, 0x0, 0x0, 0x7f, 0xff, 0xf1, 0x3,
    0xff, 0xfe, 0x0, 0x0, 0x0, 0x0, 0xaf, 0xff,
    0x80, 0x8f, 0xff, 0x70, 0x0, 0x0, 0x0, 0x2,
    0xff, 0xfc, 0xb, 0xff, 0xf3, 0x0, 0x0, 0x0,
    0x0, 0xe, 0xff, 0xf0, 0xcf, 0xff, 0x0, 0x0,
    0x0, 0x0, 0x0, 0xcf, 0xff, 0x1d, 0xff, 0xf0,
    0x0, 0x0, 0x0, 0x0, 0xb, 0xff, 0xf2, 0xcf,
    0xff, 0x10, 0x0, 0x0, 0x0, 0x0, 0xcf, 0xff,
    0x1b, 0xff, 0xf3, 0x0, 0x0, 0x0, 0x0, 0xe,
    0xff, 0xf0, 0x8f, 0xff, 0x70, 0x0, 0x0, 0x0,
    0x3, 0xff, 0xfd, 0x3, 0xff, 0xfe, 0x10, 0x0,
    0x0, 0x0, 0xaf, 0xff, 0x80, 0xc, 0xff, 0xfc,
    0x10, 0x0, 0x0, 0x8f, 0xff, 0xf1, 0x0, 0x3f,
    0xff, 0xfe, 0x85, 0x47, 0xdf, 0xff, 0xf8, 0x0,
    0x0, 0x6f, 0xff, 0xff, 0xff, 0xff, 0xff, 0xfa,
    0x0, 0x0, 0x0, 0x4d, 0xff, 0xff, 0xff, 0xff,
    0xf7, 0x0, 0x0, 0x0, 0x0, 0x5, 0xad, 0xff,
    0xeb, 0x71, 0x0, 0x0, 0x0,

    /* U+041F "П" */
    0x1f, 0xff, 0xff, 0xff, 0xff, 0xff, 0xff, 0xfc,
    0x1f, 0xff, 0xff, 0xff, 0xff, 0xff, 0xff, 0xfc,
    0x1f, 0xff, 0xff, 0xff, 0xff, 0xff, 0xff, 0xfc,
    0x1f, 0xff, 0xc2, 0x22, 0x22, 0x22, 0xff, 0xfc,
    0x1f, 0xff, 0xb0, 0x0, 0x0, 0x0, 0xff, 0xfc,
    0x1f, 0xff, 0xb0, 0x0, 0x0, 0x0, 0xff, 0xfc,
    0x1f, 0xff, 0xb0, 0x0, 0x0, 0x0, 0xff, 0xfc,
    0x1f, 0xff, 0xb0, 0x0, 0x0, 0x0, 0xff, 0xfc,
    0x1f, 0xff, 0xb0, 0x0, 0x0, 0x0, 0xff, 0xfc,
    0x1f, 0xff, 0xb0, 0x0, 0x0, 0x0, 0xff, 0xfc,
    0x1f, 0xff, 0xb0, 0x0, 0x0, 0x0, 0xff, 0xfc,
    0x1f, 0xff, 0xb0, 0x0, 0x0, 0x0, 0xff, 0xfc,
    0x1f, 0xff, 0xb0, 0x0, 0x0, 0x0, 0xff, 0xfc,
    0x1f, 0xff, 0xb0, 0x0, 0x0, 0x0, 0xff, 0xfc,
    0x1f, 0xff, 0xb0, 0x0, 0x0, 0x0, 0xff, 0xfc,
    0x1f, 0xff, 0xb0, 0x0, 0x0, 0x0, 0xff, 0xfc,
    0x1f, 0xff, 0xb0, 0x0, 0x0, 0x0, 0xff, 0xfc,
    0x1f, 0xff, 0xb0, 0x0, 0x0, 0x0, 0xff, 0xfc,
    0x1f, 0xff, 0xb0, 0x0, 0x0, 0x0, 0xff, 0xfc,

    /* U+0420 "Р" */
    0x1f, 0xff, 0xff, 0xff, 0xfe, 0xda, 0x30, 0x0,
    0x1f, 0xff, 0xff, 0xff, 0xff, 0xff, 0xf7, 0x0,
    0x1f, 0xff, 0xff, 0xff, 0xff, 0xff, 0xff, 0x40,
    0x1f, 0xff, 0xb3, 0x33, 0x47, 0xef, 0xff, 0xb0,
    0x1f, 0xff, 0xa0, 0x0, 0x0, 0x2f, 0xff, 0xf0,
    0x1f, 0xff, 0xa0, 0x0, 0x0, 0xc, 0xff, 0xf2,
    0x1f, 0xff, 0xa0, 0x0, 0x0, 0xc, 0xff, 0xf1,
    0x1f, 0xff, 0xa0, 0x0, 0x0, 0x3f, 0xff, 0xf0,
    0x1f, 0xff, 0xb3, 0x33, 0x48, 0xff, 0xff, 0xa0,
    0x1f, 0xff, 0xff, 0xff, 0xff, 0xff, 0xff, 0x20,
    0x1f, 0xff, 0xff, 0xff, 0xff, 0xff, 0xf4, 0x0,
    0x1f, 0xff, 0xff, 0xff, 0xfe, 0xc8, 0x10, 0x0,
    0x1f, 0xff, 0xa0, 0x0, 0x0, 0x0, 0x0, 0x0,
    0x1f, 0xff, 0xa0, 0x0, 0x0, 0x0, 0x0, 0x0,
    0x1f, 0xff, 0xa0, 0x0, 0x0, 0x0, 0x0, 0x0,
    0x1f, 0xff, 0xa0, 0x0, 0x0, 0x0, 0x0, 0x0,
    0x1f, 0xff, 0xa0, 0x0, 0x0, 0x0, 0x0, 0x0,
    0x1f, 0xff, 0xa0, 0x0, 0x0, 0x0, 0x0, 0x0,
    0x1f, 0xff, 0xa0, 0x0, 0x0, 0x0, 0x0, 0x0,

    /* U+0421 "С" */
    0x0, 0x0, 0x5, 0xad, 0xff, 0xda, 0x40, 0x0,
    0x0, 0x0, 0x3d, 0xff, 0xff, 0xff, 0xff, 0xb1,
    0x0, 0x0, 0x4f, 0xff, 0xff, 0xff, 0xff, 0xff,
    0xd0, 0x0, 0x2f, 0xff, 0xfd, 0x74, 0x6a, 0xff,
    0xff, 0x90, 0xa, 0xff, 0xfa, 0x0, 0x0, 0x5,
    0xff, 0xff, 0x11, 0xff, 0xfd, 0x0, 0x0, 0x0,
    0xa, 0xfe, 0xa2, 0x6f, 0xff, 0x70, 0x0, 0x0,
    0x0, 0x11, 0x0, 0x9, 0xff, 0xf4, 0x0, 0x0,
    0x0, 0x0, 0x0, 0x0, 0xbf, 0xff, 0x20, 0x0,
    0x0, 0x0, 0x0, 0x0, 0xb, 0xff, 0xf1, 0x0,
    0x0, 0x0, 0x0, 0x0, 0x0, 0xbf, 0xff, 0x20,
    0x0, 0x0, 0x0, 0x0, 0x0, 0xa, 0xff, 0xf4,
    0x0, 0x0, 0x0, 0x0, 0x0, 0x0, 0x6f, 0xff,
    0x70, 0x0, 0x0, 0x0, 0x6e, 0x94, 0x2, 0xff,
    0xfd, 0x0, 0x0, 0x0, 0xc, 0xff, 0xf4, 0xb,
    0xff, 0xf9, 0x0, 0x0, 0x7, 0xff, 0xfe, 0x0,
    0x2f, 0xff, 0xfd, 0x64, 0x6b, 0xff, 0xff, 0x60,
    0x0, 0x5f, 0xff, 0xff, 0xff, 0xff, 0xff, 0xa0,
    0x0, 0x0, 0x4e, 0xff, 0xff, 0xff, 0xff, 0x90,
    0x0, 0x0, 0x0, 0x6, 0xbe, 0xff, 0xd9, 0x30,
    0x0, 0x0,

    /* U+0422 "Т" */
    0x7f, 0xff, 0xff, 0xff, 0xff, 0xff, 0xff, 0xf5,
    0x7f, 0xff, 0xff, 0xff, 0xff, 0xff, 0xff, 0xf5,
    0x7f, 0xff, 0xff, 0xff, 0xff, 0xff, 0xff, 0xf5,
    0x13, 0x33, 0x33, 0xff, 0xfe, 0x33, 0x33, 0x31,
    0x0, 0x0, 0x0, 0xef, 0xfd, 0x0, 0x0, 0x0,
    0x0, 0x0, 0x0, 0xef, 0xfd, 0x0, 0x0, 0x0,
    0x0, 0x0, 0x0, 0xef, 0xfd, 0x0, 0x0, 0x0,
    0x0, 0x0, 0x0, 0xef, 0xfd, 0x0, 0x0, 0x0,
    0x0, 0x0, 0x0, 0xef, 0xfd, 0x0, 0x0, 0x0,
    0x0, 0x0, 0x0, 0xef, 0xfd, 0x0, 0x0, 0x0,
    0x0, 0x0, 0x0, 0xef, 0xfd, 0x0, 0x0, 0x0,
    0x0, 0x0, 0x0, 0xef, 0xfd, 0x0, 0x0, 0x0,
    0x0, 0x0, 0x0, 0xef, 0xfd, 0x0, 0x0, 0x0,
    0x0, 0x0, 0x0, 0xef, 0xfd, 0x0, 0x0, 0x0,
    0x0, 0x0, 0x0, 0xef, 0xfd, 0x0, 0x0, 0x0,
    0x0, 0x0, 0x0, 0xef, 0xfd, 0x0, 0x0, 0x0,
    0x0, 0x0, 0x0, 0xef, 0xfd, 0x0, 0x0, 0x0,
    0x0, 0x0, 0x0, 0xef, 0xfd, 0x0, 0x0, 0x0,
    0x0, 0x0, 0x0, 0xef, 0xfd, 0x0, 0x0, 0x0,

    /* U+0423 "У" */
    0xbf, 0xff, 0x60, 0x0, 0x0, 0x0, 0xef, 0xfe,
    0x3, 0xff, 0xfd, 0x0, 0x0, 0x0, 0x5f, 0xff,
    0x80, 0xb, 0xff, 0xf5, 0x0, 0x0, 0xb, 0xff,
    0xf1, 0x0, 0x3f, 0xff, 0xc0, 0x0, 0x1, 0xff,
    0xfa, 0x0, 0x0, 0xbf, 0xff, 0x30, 0x0, 0x7f,
    0xff, 0x30, 0x0, 0x3, 0xff, 0xfa, 0x0, 0xd,
    0xff, 0xb0, 0x0, 0x0, 0xb, 0xff, 0xf1, 0x3,
    0xff, 0xf4, 0x0, 0x0, 0x0, 0x3f, 0xff, 0x80,
    0x9f, 0xfd, 0x0, 0x0, 0x0, 0x0, 0xaf, 0xff,
    0x1f, 0xff, 0x60, 0x0, 0x0, 0x0, 0x2, 0xff,
    0xfc, 0xff, 0xe0, 0x0, 0x0, 0x0, 0x0, 0xa,
    0xff, 0xff, 0xf8, 0x0, 0x0, 0x0, 0x0, 0x0,
    0x2f, 0xff, 0xff, 0x10, 0x0, 0x0, 0x0, 0x0,
    0x0, 0xaf, 0xff, 0xa0, 0x0, 0x0, 0x0, 0x0,
    0x0, 0x4, 0xff, 0xf3, 0x0, 0x0, 0x0, 0x0,
    0x0, 0x0, 0x9f, 0xfc, 0x0, 0x0, 0x0, 0x0,
    0x0, 0x1, 0x6f, 0xff, 0x40, 0x0, 0x0, 0x0,
    0x0, 0x9f, 0xff, 0xff, 0xb0, 0x0, 0x0, 0x0,
    0x0, 0x9, 0xff, 0xff, 0xe1, 0x0, 0x0, 0x0,
    0x0, 0x0, 0x7e, 0xff, 0xb2, 0x0, 0x0, 0x0,
    0x0, 0x0,

    /* U+0424 "Ф" */
    0x0, 0x0, 0x0, 0x0, 0xcf, 0xff, 0x0, 0x0,
    0x0, 0x0, 0x0, 0x0, 0x0, 0x0, 0xc, 0xff,
    0xf0, 0x0, 0x0, 0x0, 0x0, 0x0, 0x0, 0x6b,
    0xef, 0xff, 0xff, 0xfe, 0xb8, 0x10, 0x0, 0x0,
    0x5, 0xff, 0xff, 0xff, 0xff, 0xff, 0xff, 0xff,
    0x70, 0x0, 0x4, 0xff, 0xff, 0xff, 0xff, 0xff,
    0xff, 0xff, 0xff, 0x70, 0x0, 0xef, 0xff, 0xb5,
    0x2c, 0xff, 0xf2, 0x4a, 0xff, 0xff, 0x20, 0x6f,
    0xff, 0xa0, 0x0, 0xcf, 0xff, 0x0, 0x7, 0xff,
    0xf8, 0xa, 0xff, 0xf1, 0x0, 0xc, 0xff, 0xf0,
    0x0, 0xe, 0xff, 0xd0, 0xcf, 0xfd, 0x0, 0x0,
    0xcf, 0xff, 0x0, 0x0, 0xaf, 0xff, 0xd, 0xff,
    0xc0, 0x0, 0xc, 0xff, 0xf0, 0x0, 0x9, 0xff,
    0xf0, 0xcf, 0xfd, 0x0, 0x0, 0xcf, 0xff, 0x0,
    0x0, 0xaf, 0xff, 0xa, 0xff, 0xf1, 0x0, 0xc,
    0xff, 0xf0, 0x0, 0xe, 0xff, 0xd0, 0x5f, 0xff,
    0xa0, 0x0, 0xcf, 0xff, 0x0, 0x7, 0xff, 0xf9,
    0x0, 0xef, 0xff, 0xc5, 0x2c, 0xff, 0xf2, 0x5a,
    0xff, 0xff, 0x20, 0x4, 0xff, 0xff, 0xff, 0xff,
    0xff, 0xff, 0xff, 0xff, 0x70, 0x0, 0x5, 0xff,
    0xff, 0xff, 0xff, 0xff, 0xff, 0xff, 0x70, 0x0,
    0x0, 0x1, 0x7b, 0xef, 0xff, 0xff, 0xfe, 0xc8,
    0x10, 0x0, 0x0, 0x0, 0x0, 0x0, 0xc, 0xff,
    0xf0, 0x0, 0x0, 0x0, 0x0, 0x0, 0x0, 0x0,
    0x0, 0xcf, 0xff, 0x0, 0x0, 0x0, 0x0, 0x0,

    /* U+0425 "Х" */
    0x2f, 0xff, 0xf4, 0x0, 0x0, 0x0, 0xef, 0xff,
    0x60, 0x7, 0xff, 0xfd, 0x0, 0x0, 0x8, 0xff,
    0xfc, 0x0, 0x0, 0xcf, 0xff, 0x80, 0x0, 0x2f,
    0xff, 0xf2, 0x0, 0x0, 0x3f, 0xff, 0xf2, 0x0,
    0xbf, 0xff, 0x80, 0x0, 0x0, 0x8, 0xff, 0xfb,
    0x5, 0xff, 0xfd, 0x0, 0x0, 0x0, 0x0, 0xdf,
    0xff, 0x6e, 0xff, 0xf4, 0x0, 0x0, 0x0, 0x0,
    0x4f, 0xff, 0xff, 0xff, 0xa0, 0x0, 0x0, 0x0,
    0x0, 0xa, 0xff, 0xff, 0xfe, 0x10, 0x0, 0x0,
    0x0, 0x0, 0x1, 0xef, 0xff, 0xf6, 0x0, 0x0,
    0x0, 0x0, 0x0, 0x0, 0xdf, 0xff, 0xf2, 0x0,
    0x0, 0x0, 0x0, 0x0, 0x8, 0xff, 0xff, 0xfc,
    0x0, 0x0, 0x0, 0x0, 0x0, 0x3f, 0xff, 0xff,
    0xff, 0x60, 0x0, 0x0, 0x0, 0x0, 0xdf, 0xff,
    0xcf, 0xff, 0xf1, 0x0, 0x0, 0x0, 0x7, 0xff,
    0xfe, 0xa, 0xff, 0xfb, 0x0, 0x0, 0x0, 0x2f,
    0xff, 0xf5, 0x1, 0xff, 0xff, 0x50, 0x0, 0x0,
    0xcf, 0xff, 0xb0, 0x0, 0x6f, 0xff, 0xe1, 0x0,
    0x6, 0xff, 0xff, 0x10, 0x0, 0xc, 0xff, 0xfa,
    0x0, 0x1f, 0xff, 0xf7, 0x0, 0x0, 0x3, 0xff,
    0xff, 0x50, 0xaf, 0xff, 0xc0, 0x0, 0x0, 0x0,
    0x8f, 0xff, 0xe1,

    /* U+0426 "Ц" */
    0xf, 0xff, 0xb0, 0x0, 0x0, 0x0, 0xff, 0xfc,
    0x0, 0xf, 0xff, 0xb0, 0x0, 0x0, 0x0, 0xff,
    0xfc, 0x0, 0xf, 0xff, 0xb0, 0x0, 0x0, 0x0,
    0xff, 0xfc, 0x0, 0xf, 0xff, 0xb0, 0x0, 0x0,
    0x0, 0xff, 0xfc, 0x0, 0xf, 0xff, 0xb0, 0x0,
    0x0, 0x0, 0xff, 0xfc, 0x0, 0xf, 0xff, 0xb0,
    0x0, 0x0, 0x0, 0xff, 0xfc, 0x0, 0xf, 0xff,
    0xb0, 0x0, 0x0, 0x0, 0xff, 0xfc, 0x0, 0xf,
    0xff, 0xb0, 0x0, 0x0, 0x0, 0xff, 0xfc, 0x0,
    0xf, 0xff, 0xb0, 0x0, 0x0, 0x0, 0xff, 0xfc,
    0x0, 0xf, 0xff, 0xb0, 0x0, 0x0, 0x0, 0xff,
    0xfc, 0x0, 0xf, 0xff, 0xb0, 0x0, 0x0, 0x0,
    0xff, 0xfc, 0x0, 0xf, 0xff, 0xb0, 0x0, 0x0,
    0x0, 0xff, 0xfc, 0x0, 0xf, 0xff, 0xb0, 0x0,
    0x0, 0x0, 0xff, 0xfc, 0x0, 0xf, 0xff, 0xb0,
    0x0, 0x0, 0x0, 0xff, 0xfc, 0x0, 0xf, 0xff,
    0xb0, 0x0, 0x0, 0x0, 0xff, 0xfc, 0x0, 0xf,
    0xff, 0xc2, 0x22, 0x22, 0x22, 0xff, 0xfc, 0x20,
    0xf, 0xff, 0xff, 0xff, 0xff, 0xff, 0xff, 0xff,
    0xf5, 0xf, 0xff, 0xff, 0xff, 0xff, 0xff, 0xff,
    0xff, 0xf5, 0xf, 0xff, 0xff, 0xff, 0xff, 0xff,
    0xff, 0xff, 0xf5, 0x0, 0x0, 0x0, 0x0, 0x0,
    0x0, 0x0, 0xdf, 0xf5, 0x0, 0x0, 0x0, 0x0,
    0x0, 0x0, 0x0, 0xdf, 0xf5, 0x0, 0x0, 0x0,
    0x0, 0x0, 0x0, 0x0, 0xdf, 0xf5, 0x0, 0x0,
    0x0, 0x0, 0x0, 0x0, 0x0, 0xdf, 0xf5, 0x0,
    0x0, 0x0, 0x0, 0x0, 0x0, 0x0, 0x12, 0x20,

    /* U+0427 "Ч" */
    0x6f, 0xff, 0x50, 0x0, 0x0, 0x7, 0xff, 0xf4,
    0x6f, 0xff, 0x50, 0x0, 0x0, 0x7, 0xff, 0xf4,
    0x6f, 0xff, 0x50, 0x0, 0x0, 0x7, 0xff, 0xf4,
    0x6f, 0xff, 0x50, 0x0, 0x0, 0x7, 0xff, 0xf4,
    0x6f, 0xff, 0x50, 0x0, 0x0, 0x7, 0xff, 0xf4,
    0x6f, 0xff, 0x50, 0x0, 0x0, 0x7, 0xff, 0xf4,
    0x6f, 0xff, 0x60, 0x0, 0x0, 0x7, 0xff, 0xf4,
    0x4f, 0xff, 0x90, 0x0, 0x0, 0x7, 0xff, 0xf4,
    0x1f, 0xff, 0xf8, 0x20, 0x2, 0x7e, 0xff, 0xf4,
    0xb, 0xff, 0xff, 0xff, 0xff, 0xff, 0xff, 0xf4,
    0x1, 0xcf, 0xff, 0xff, 0xff, 0xff, 0xff, 0xf4,
    0x0, 0x6, 0xcf, 0xff, 0xfc, 0x79, 0xff, 0xf4,
    0x0, 0x0, 0x0, 0x12, 0x0, 0x7, 0xff, 0xf4,
    0x0, 0x0, 0x0, 0x0, 0x0, 0x7, 0xff, 0xf4,
    0x0, 0x0, 0x0, 0x0, 0x0, 0x7, 0xff, 0xf4,
    0x0, 0x0, 0x0, 0x0, 0x0, 0x7, 0xff, 0xf4,
    0x0, 0x0, 0x0, 0x0, 0x0, 0x7, 0xff, 0xf4,
    0x0, 0x0, 0x0, 0x0, 0x0, 0x7, 0xff, 0xf4,
    0x0, 0x0, 0x0, 0x0, 0x0, 0x7, 0xff, 0xf4,

    /* U+0428 "Ш" */
    0xf, 0xff, 0xb0, 0x0, 0x0, 0xef, 0xfd, 0x0,
    0x0, 0x9, 0xff, 0xf2, 0xf, 0xff, 0xb0, 0x0,
    0x0, 0xef, 0xfd, 0x0, 0x0, 0x9, 0xff, 0xf2,
    0xf, 0xff, 0xb0, 0x0, 0x0, 0xef, 0xfd, 0x0,
    0x0, 0x9, 0xff, 0xf2, 0xf, 0xff, 0xb0, 0x0,
    0x0, 0xef, 0xfd, 0x0, 0x0, 0x9, 0xff, 0xf2,
    0xf, 0xff, 0xb0, 0x0, 0x0, 0xef, 0xfd, 0x0,
    0x0, 0x9, 0xff, 0xf2, 0xf, 0xff, 0xb0, 0x0,
    0x0, 0xef, 0xfd, 0x0, 0x0, 0x9, 0xff, 0xf2,
    0xf, 0xff, 0xb0, 0x0, 0x0, 0xef, 0xfd, 0x0,
    0x0, 0x9, 0xff, 0xf2, 0xf, 0xff, 0xb0, 0x0,
    0x0, 0xef, 0xfd, 0x0, 0x0, 0x9, 0xff, 0xf2,
    0xf, 0xff, 0xb0, 0x0, 0x0, 0xef, 0xfd, 0x0,
    0x0, 0x9, 0xff, 0xf2, 0xf, 0xff, 0xb0, 0x0,
    0x0, 0xef, 0xfd, 0x0, 0x0, 0x9, 0xff, 0xf2,
    0xf, 0xff, 0xb0, 0x0, 0x0, 0xef, 0xfd, 0x0,
    0x0, 0x9, 0xff, 0xf2, 0xf, 0xff, 0xb0, 0x0,
    0x0, 0xef, 0xfd, 0x0, 0x0, 0x9, 0xff, 0xf2,
    0xf, 0xff, 0xb0, 0x0, 0x0, 0xef, 0xfd, 0x0,
    0x0, 0x9, 0xff, 0xf2, 0xf, 0xff, 0xb0, 0x0,
    0x0, 0xef, 0xfd, 0x0, 0x0, 0x9, 0xff, 0xf2,
    0xf, 0xff, 0xb0, 0x0, 0x0, 0xef, 0xfd, 0x0,
    0x0, 0x9, 0xff, 0xf2, 0xf, 0xff, 0xc3, 0x33,
    0x33, 0xef, 0xfd, 0x33, 0x33, 0x3a, 0xff, 0xf2,
    0xf, 0xff, 0xff, 0xff, 0xff, 0xff, 0xff, 0xff,
    0xff, 0xff, 0xff, 0xf2, 0xf, 0xff, 0xff, 0xff,
    0xff, 0xff, 0xff, 0xff, 0xff, 0xff, 0xff, 0xf2,
    0xf, 0xff, 0xff, 0xff, 0xff, 0xff, 0xff, 0xff,
    0xff, 0xff, 0xff, 0xf2,

    /* U+0429 "Щ" */
    0xf, 0xff, 0xb0, 0x0, 0x0, 0xef, 0xfd, 0x0,
    0x0, 0x9, 0xff, 0xf2, 0x0, 0xff, 0xfb, 0x0,
    0x0, 0xe, 0xff, 0xd0, 0x0, 0x0, 0x9f, 0xff,
    0x20, 0xf, 0xff, 0xb0, 0x0, 0x0, 0xef, 0xfd,
    0x0, 0x0, 0x9, 0xff, 0xf2, 0x0, 0xff, 0xfb,
    0x0, 0x0, 0xe, 0xff, 0xd0, 0x0, 0x0, 0x9f,
    0xff, 0x20, 0xf, 0xff, 0xb0, 0x0, 0x0, 0xef,
    0xfd, 0x0, 0x0, 0x9, 0xff, 0xf2, 0x0, 0xff,
    0xfb, 0x0, 0x0, 0xe, 0xff, 0xd0, 0x0, 0x0,
    0x9f, 0xff, 0x20, 0xf, 0xff, 0xb0, 0x0, 0x0,
    0xef, 0xfd, 0x0, 0x0, 0x9, 0xff, 0xf2, 0x0,
    0xff, 0xfb, 0x0, 0x0, 0xe, 0xff, 0xd0, 0x0,
    0x0, 0x9f, 0xff, 0x20, 0xf, 0xff, 0xb0, 0x0,
    0x0, 0xef, 0xfd, 0x0, 0x0, 0x9, 0xff, 0xf2,
    0x0, 0xff, 0xfb, 0x0, 0x0, 0xe, 0xff, 0xd0,
    0x0, 0x0, 0x9f, 0xff, 0x20, 0xf, 0xff, 0xb0,
    0x0, 0x0, 0xef, 0xfd, 0x0, 0x0, 0x9, 0xff,
    0xf2, 0x0, 0xff, 0xfb, 0x0, 0x0, 0xe, 0xff,
    0xd0, 0x0, 0x0, 0x9f, 0xff, 0x20, 0xf, 0xff,
    0xb0, 0x0, 0x0, 0xef, 0xfd, 0x0, 0x0, 0x9,
    0xff, 0xf2, 0x0, 0xff, 0xfb, 0x0, 0x0, 0xe,
    0xff, 0xd0, 0x0, 0x0, 0x9f, 0xff, 0x20, 0xf,
    0xff, 0xb0, 0x0, 0x0, 0xef, 0xfd, 0x0, 0x0,
    0x9, 0xff, 0xf2, 0x0, 0xff, 0xfc, 0x22, 0x22,
    0x2e, 0xff, 0xd2, 0x22, 0x22, 0xaf, 0xff, 0x42,
    0xf, 0xff, 0xff, 0xff, 0xff, 0xff, 0xff, 0xff,
    0xff, 0xff, 0xff, 0xff, 0xd0, 0xff, 0xff, 0xff,
    0xff, 0xff, 0xff, 0xff, 0xff, 0xff, 0xff, 0xff,
    0xfd, 0xf, 0xff, 0xff, 0xff, 0xff, 0xff, 0xff,
    0xff, 0xff, 0xff, 0xff, 0xff, 0xd0, 0x0, 0x0,
    0x0, 0x0, 0x0, 0x0, 0x0, 0x0, 0x0, 0x0,
    0x4f, 0xfd, 0x0, 0x0, 0x0, 0x0, 0x0, 0x0,
    0x0, 0x0, 0x0, 0x0, 0x4, 0xff, 0xd0, 0x0,
    0x0, 0x0, 0x0, 0x0, 0x0, 0x0, 0x0, 0x0,
    0x0, 0x4f, 0xfd, 0x0, 0x0, 0x0, 0x0, 0x0,
    0x0, 0x0, 0x0, 0x0, 0x0, 0x4, 0xff, 0xd0,
    0x0, 0x0, 0x0, 0x0, 0x0, 0x0, 0x0, 0x0,
    0x0, 0x0, 0x2, 0x21,

    /* U+042A "Ъ" */
    0xaf, 0xff, 0xff, 0xff, 0xfa, 0x0, 0x0, 0x0,
    0x0, 0x0, 0x0, 0xaf, 0xff, 0xff, 0xff, 0xfa,
    0x0, 0x0, 0x0, 0x0, 0x0, 0x0, 0xaf, 0xff,
    0xff, 0xff, 0xfa, 0x0, 0x0, 0x0, 0x0, 0x0,
    0x0, 0x12, 0x22, 0x24, 0xff, 0xfa, 0x0, 0x0,
    0x0, 0x0, 0x0, 0x0, 0x0, 0x0, 0x2, 0xff,
    0xfa, 0x0, 0x0, 0x0, 0x0, 0x0, 0x0, 0x0,
    0x0, 0x2, 0xff, 0xfa, 0x0, 0x0, 0x0, 0x0,
    0x0, 0x0, 0x0, 0x0, 0x2, 0xff, 0xfa, 0x0,
    0x0, 0x0, 0x0, 0x0, 0x0, 0x0, 0x0, 0x2,
    0xff, 0xfb, 0x22, 0x22, 0x21, 0x0, 0x0, 0x0,
    0x0, 0x0, 0x2, 0xff, 0xff, 0xff, 0xff, 0xff,
    0xfc, 0x60, 0x0, 0x0, 0x0, 0x2, 0xff, 0xff,
    0xff, 0xff, 0xff, 0xff, 0xfb, 0x0, 0x0, 0x0,
    0x2, 0xff, 0xff, 0xff, 0xff, 0xff, 0xff, 0xff,
    0x80, 0x0, 0x0, 0x2, 0xff, 0xfa, 0x0, 0x0,
    0x3, 0x9f, 0xff, 0xf1, 0x0, 0x0, 0x2, 0xff,
    0xfa, 0x0, 0x0, 0x0, 0xb, 0xff, 0xf4, 0x0,
    0x0, 0x2, 0xff, 0xfa, 0x0, 0x0, 0x0, 0x8,
    0xff, 0xf5, 0x0, 0x0, 0x2, 0xff, 0xfa, 0x0,
    0x0, 0x0, 0xc, 0xff, 0xf4, 0x0, 0x0, 0x2,
    0xff, 0xfb, 0x22, 0x22, 0x35, 0xbf, 0xff, 0xf1,
    0x0, 0x0, 0x2, 0xff, 0xff, 0xff, 0xff, 0xff,
    0xff, 0xff, 0x80, 0x0, 0x0, 0x2, 0xff, 0xff,
    0xff, 0xff, 0xff, 0xff, 0xfa, 0x0, 0x0, 0x0,
    0x2, 0xff, 0xff, 0xff, 0xff, 0xff, 0xeb, 0x50,
    0x0,

    /* U+042B "Ы" */
    0xff, 0xfc, 0x0, 0x0, 0x0, 0x0, 0x0, 0x0,
    0x5, 0xff, 0xf7, 0xff, 0xfc, 0x0, 0x0, 0x0,
    0x0, 0x0, 0x0, 0x5, 0xff, 0xf7, 0xff, 0xfc,
    0x0, 0x0, 0x0, 0x0, 0x0, 0x0, 0x5, 0xff,
    0xf7, 0xff, 0xfc, 0x0, 0x0, 0x0, 0x0, 0x0,
    0x0, 0x5, 0xff, 0xf7, 0xff, 0xfc, 0x0, 0x0,
    0x0, 0x0, 0x0, 0x0, 0x5, 0xff, 0xf7, 0xff,
    0xfc, 0x0, 0x0, 0x0, 0x0, 0x0, 0x0, 0x5,
    0xff, 0xf7, 0xff, 0xfc, 0x0, 0x0, 0x0, 0x0,
    0x0, 0x0, 0x5, 0xff, 0xf7, 0xff, 0xfc, 0x22,
    0x22, 0x21, 0x0, 0x0, 0x0, 0x5, 0xff, 0xf7,
    0xff, 0xff, 0xff, 0xff, 0xff, 0xfc, 0x70, 0x0,
    0x5, 0xff, 0xf7, 0xff, 0xff, 0xff, 0xff, 0xff,
    0xff, 0xfc, 0x0, 0x5, 0xff, 0xf7, 0xff, 0xff,
    0xff, 0xff, 0xff, 0xff, 0xff, 0xa0, 0x5, 0xff,
    0xf7, 0xff, 0xfc, 0x0, 0x0, 0x2, 0x8f, 0xff,
    0xf2, 0x5, 0xff, 0xf7, 0xff, 0xfc, 0x0, 0x0,
    0x0, 0x9, 0xff, 0xf6, 0x5, 0xff, 0xf7, 0xff,
    0xfc, 0x0, 0x0, 0x0, 0x6, 0xff, 0xf7, 0x5,
    0xff, 0xf7, 0xff, 0xfc, 0x0, 0x0, 0x0, 0xa,
    0xff, 0xf5, 0x5, 0xff, 0xf7, 0xff, 0xfc, 0x22,
    0x22, 0x34, 0xaf, 0xff, 0xf2, 0x5, 0xff, 0xf7,
    0xff, 0xff, 0xff, 0xff, 0xff, 0xff, 0xff, 0xa0,
    0x5, 0xff, 0xf7, 0xff, 0xff, 0xff, 0xff, 0xff,
    0xff, 0xfc, 0x0, 0x5, 0xff, 0xf7, 0xff, 0xff,
    0xff, 0xff, 0xff, 0xec, 0x70, 0x0, 0x5, 0xff,
    0xf7,

    /* U+042C "Ь" */
    0xf, 0xff, 0xb0, 0x0, 0x0, 0x0, 0x0, 0x0,
    0x0, 0xff, 0xfb, 0x0, 0x0, 0x0, 0x0, 0x0,
    0x0, 0xf, 0xff, 0xb0, 0x0, 0x0, 0x0, 0x0,
    0x0, 0x0, 0xff, 0xfb, 0x0, 0x0, 0x0, 0x0,
    0x0, 0x0, 0xf, 0xff, 0xb0, 0x0, 0x0, 0x0,
    0x0, 0x0, 0x0, 0xff, 0xfb, 0x0, 0x0, 0x0,
    0x0, 0x0, 0x0, 0xf, 0xff, 0xb0, 0x0, 0x0,
    0x0, 0x0, 0x0, 0x0, 0xff, 0xfc, 0x22, 0x22,
    0x21, 0x0, 0x0, 0x0, 0xf, 0xff, 0xff, 0xff,
    0xff, 0xff, 0xd7, 0x0, 0x0, 0xff, 0xff, 0xff,
    0xff, 0xff, 0xff, 0xfc, 0x0, 0xf, 0xff, 0xff,
    0xff, 0xff, 0xff, 0xff, 0xfa, 0x0, 0xff, 0xfb,
    0x0, 0x0, 0x2, 0x8f, 0xff, 0xf2, 0xf, 0xff,
    0xb0, 0x0, 0x0, 0x0, 0x9f, 0xff, 0x60, 0xff,
    0xfb, 0x0, 0x0, 0x0, 0x7, 0xff, 0xf7, 0xf,
    0xff, 0xb0, 0x0, 0x0, 0x0, 0xbf, 0xff, 0x50,
    0xff, 0xfc, 0x22, 0x22, 0x34, 0xaf, 0xff, 0xf2,
    0xf, 0xff, 0xff, 0xff, 0xff, 0xff, 0xff, 0xf9,
    0x0, 0xff, 0xff, 0xff, 0xff, 0xff, 0xff, 0xfc,
    0x0, 0xf, 0xff, 0xff, 0xff, 0xff, 0xfe, 0xc6,
    0x0, 0x0,

    /* U+042D "Э" */
    0x0, 0x1, 0x7c, 0xef, 0xed, 0x93, 0x0, 0x0,
    0x0, 0x5, 0xff, 0xff, 0xff, 0xff, 0xfa, 0x10,
    0x0, 0x6, 0xff, 0xff, 0xff, 0xff, 0xff, 0xfd,
    0x10, 0x1, 0xff, 0xff, 0xe8, 0x55, 0x9f, 0xff,
    0xfa, 0x0, 0x8f, 0xff, 0xd1, 0x0, 0x0, 0x3f,
    0xff, 0xf4, 0x5, 0xae, 0xf3, 0x0, 0x0, 0x0,
    0x6f, 0xff, 0xb0, 0x0, 0x1, 0x0, 0x0, 0x0,
    0x0, 0xef, 0xff, 0x0, 0x0, 0x0, 0x1, 0x22,
    0x22, 0x2c, 0xff, 0xf3, 0x0, 0x0, 0x0, 0x7f,
    0xff, 0xff, 0xff, 0xff, 0x40, 0x0, 0x0, 0x7,
    0xff, 0xff, 0xff, 0xff, 0xf5, 0x0, 0x0, 0x0,
    0x7f, 0xff, 0xff, 0xff, 0xff, 0x50, 0x0, 0x0,
    0x0, 0x0, 0x0, 0xb, 0xff, 0xf3, 0x16, 0xbf,
    0x0, 0x0, 0x0, 0x0, 0xef, 0xff, 0xb, 0xff,
    0xf5, 0x0, 0x0, 0x0, 0x5f, 0xff, 0xc0, 0x6f,
    0xff, 0xe2, 0x0, 0x0, 0x2e, 0xff, 0xf5, 0x0,
    0xef, 0xff, 0xf9, 0x54, 0x8f, 0xff, 0xfb, 0x0,
    0x3, 0xff, 0xff, 0xff, 0xff, 0xff, 0xfd, 0x10,
    0x0, 0x4, 0xef, 0xff, 0xff, 0xff, 0xfb, 0x10,
    0x0, 0x0, 0x0, 0x6b, 0xef, 0xfd, 0xa4, 0x0,
    0x0, 0x0,

    /* U+042E "Ю" */
    0x1f, 0xff, 0xa0, 0x0, 0x0, 0x0, 0x5a, 0xdf,
    0xfe, 0xb6, 0x0, 0x0, 0x1, 0xff, 0xfa, 0x0,
    0x0, 0x2, 0xdf, 0xff, 0xff, 0xff, 0xfe, 0x40,
    0x0, 0x1f, 0xff, 0xa0, 0x0, 0x2, 0xef, 0xff,
    0xff, 0xff, 0xff, 0xff, 0x40, 0x1, 0xff, 0xfa,
    0x0, 0x0, 0xdf, 0xff, 0xf9, 0x55, 0x8f, 0xff,
    0xff, 0x10, 0x1f, 0xff, 0xa0, 0x0, 0x6f, 0xff,
    0xe2, 0x0, 0x0, 0x1d, 0xff, 0xf9, 0x1, 0xff,
    0xfa, 0x0, 0xc, 0xff, 0xf4, 0x0, 0x0, 0x0,
    0x2f, 0xff, 0xf0, 0x1f, 0xff, 0xa0, 0x1, 0xff,
    0xfd, 0x0, 0x0, 0x0, 0x0, 0xaf, 0xff, 0x41,
    0xff, 0xfb, 0x22, 0x5f, 0xff, 0x90, 0x0, 0x0,
    0x0, 0x6, 0xff, 0xf7, 0x1f, 0xff, 0xff, 0xff,
    0xff, 0xf7, 0x0, 0x0, 0x0, 0x0, 0x5f, 0xff,
    0x81, 0xff, 0xff, 0xff, 0xff, 0xff, 0x70, 0x0,
    0x0, 0x0, 0x4, 0xff, 0xf9, 0x1f, 0xff, 0xff,
    0xff, 0xff, 0xf7, 0x0, 0x0, 0x0, 0x0, 0x5f,
    0xff, 0x71, 0xff, 0xfa, 0x0, 0x3f, 0xff, 0x90,
    0x0, 0x0, 0x0, 0x7, 0xff, 0xf6, 0x1f, 0xff,
    0xa0, 0x0, 0xff, 0xfd, 0x0, 0x0, 0x0, 0x0,
    0xaf, 0xff, 0x41, 0xff, 0xfa, 0x0, 0xb, 0xff,
    0xf4, 0x0, 0x0, 0x0, 0x1f, 0xff, 0xe0, 0x1f,
    0xff, 0xa0, 0x0, 0x4f, 0xff, 0xe1, 0x0, 0x0,
    0xb, 0xff, 0xf9, 0x1, 0xff, 0xfa, 0x0, 0x0,
    0xcf, 0xff, 0xe7, 0x33, 0x6c, 0xff, 0xfe, 0x10,
    0x1f, 0xff, 0xa0, 0x0, 0x1, 0xef, 0xff, 0xff,
    0xff, 0xff, 0xff, 0x40, 0x1, 0xff, 0xfa, 0x0,
    0x0, 0x2, 0xdf, 0xff, 0xff, 0xff, 0xfe, 0x40,
    0x0, 0x1f, 0xff, 0xa0, 0x0, 0x0, 0x0, 0x6b,
    0xef, 0xfe, 0xc7, 0x10, 0x0, 0x0,

    /* U+042F "Я" */
    0x0, 0x0, 0x6b, 0xef, 0xff, 0xff, 0xff, 0xff,
    0xc0, 0x1, 0xdf, 0xff, 0xff, 0xff, 0xff, 0xff,
    0xfc, 0x0, 0xaf, 0xff, 0xff, 0xff, 0xff, 0xff,
    0xff, 0xc0, 0x2f, 0xff, 0xf9, 0x43, 0x33, 0x33,
    0xff, 0xfc, 0x5, 0xff, 0xfa, 0x0, 0x0, 0x0,
    0xf, 0xff, 0xc0, 0x6f, 0xff, 0x70, 0x0, 0x0,
    0x0, 0xff, 0xfc, 0x4, 0xff, 0xfa, 0x0, 0x0,
    0x0, 0xf, 0xff, 0xc0, 0xf, 0xff, 0xf7, 0x10,
    0x0, 0x0, 0xff, 0xfc, 0x0, 0x6f, 0xff, 0xff,
    0xff, 0xff, 0xff, 0xff, 0xc0, 0x0, 0x6f, 0xff,
    0xff, 0xff, 0xff, 0xff, 0xfc, 0x0, 0x0, 0x5,
    0xef, 0xff, 0xff, 0xff, 0xff, 0xc0, 0x0, 0x0,
    0xbf, 0xff, 0xc3, 0x0, 0xff, 0xfc, 0x0, 0x0,
    0xcf, 0xff, 0xd0, 0x0, 0xf, 0xff, 0xc0, 0x0,
    0x8f, 0xff, 0xf3, 0x0, 0x0, 0xff, 0xfc, 0x0,
    0x3f, 0xff, 0xf7, 0x0, 0x0, 0xf, 0xff, 0xc0,
    0xc, 0xff, 0xfd, 0x0, 0x0, 0x0, 0xff, 0xfc,
    0x6, 0xff, 0xff, 0x30, 0x0, 0x0, 0xf, 0xff,
    0xc1, 0xff, 0xff, 0x80, 0x0, 0x0, 0x0, 0xff,
    0xfc, 0xaf, 0xff, 0xd0, 0x0, 0x0, 0x0, 0xf,
    0xff, 0xc0,

    /* U+0430 "а" */
    0x0, 0x3, 0xad, 0xff, 0xec, 0x70, 0x0, 0x0,
    0x6f, 0xff, 0xff, 0xff, 0xfd, 0x0, 0x2, 0xff,
    0xff, 0xcd, 0xff, 0xff, 0x70, 0x8, 0xff, 0xe2,
    0x0, 0x1e, 0xff, 0xb0, 0x0, 0x14, 0x40, 0x0,
    0xb, 0xff, 0xc0, 0x0, 0x0, 0x1, 0x47, 0xcf,
    0xff, 0xc0, 0x0, 0x18, 0xdf, 0xff, 0xff, 0xff,
    0xc0, 0x2, 0xef, 0xff, 0xeb, 0x7c, 0xff, 0xc0,
    0xb, 0xff, 0xe4, 0x0, 0xb, 0xff, 0xc0, 0xf,
    0xff, 0x90, 0x0, 0xd, 0xff, 0xc0, 0xf, 0xff,
    0xc0, 0x0, 0x6f, 0xff, 0xc0, 0xc, 0xff, 0xfd,
    0x9c, 0xff, 0xff, 0xd0, 0x3, 0xff, 0xff, 0xff,
    0xfc, 0xff, 0xf0, 0x0, 0x3a, 0xef, 0xeb, 0x41,
    0xff, 0xf5,

    /* U+0431 "б" */
    0x0, 0x1, 0x7b, 0xef, 0xff, 0xff, 0xf4, 0x0,
    0x5f, 0xff, 0xff, 0xff, 0xff, 0xe0, 0x4, 0xff,
    0xff, 0xed, 0xdc, 0xb9, 0x20, 0xd, 0xff, 0x71,
    0x0, 0x0, 0x0, 0x0, 0x3f, 0xf6, 0x0, 0x0,
    0x0, 0x0, 0x0, 0x7f, 0xe0, 0x29, 0xdf, 0xea,
    0x30, 0x0, 0xaf, 0xb4, 0xff, 0xff, 0xff, 0xf7,
    0x0, 0xcf, 0xbf, 0xff, 0xee, 0xff, 0xff, 0x60,
    0xcf, 0xff, 0xf5, 0x0, 0x4f, 0xff, 0xf1, 0xdf,
    0xff, 0x70, 0x0, 0x6, 0xff, 0xf8, 0xcf, 0xff,
    0x0, 0x0, 0x0, 0xff, 0xfc, 0xcf, 0xfd, 0x0,
    0x0, 0x0, 0xdf, 0xfe, 0xaf, 0xfe, 0x0, 0x0,
    0x0, 0xdf, 0xfe, 0x8f, 0xff, 0x0, 0x0, 0x0,
    0xff, 0xfc, 0x5f, 0xff, 0x80, 0x0, 0x7, 0xff,
    0xf7, 0xe, 0xff, 0xf7, 0x11, 0x7f, 0xff, 0xf1,
    0x5, 0xff, 0xff, 0xff, 0xff, 0xff, 0x50, 0x0,
    0x5f, 0xff, 0xff, 0xff, 0xf6, 0x0, 0x0, 0x2,
    0x9d, 0xff, 0xd8, 0x10, 0x0,

    /* U+0432 "в" */
    0x1f, 0xff, 0xff, 0xff, 0xff, 0xd7, 0x0, 0x1f,
    0xff, 0xff, 0xff, 0xff, 0xff, 0xc0, 0x1f, 0xff,
    0xa5, 0x55, 0x7e, 0xff, 0xf4, 0x1f, 0xff, 0x80,
    0x0, 0x3, 0xff, 0xf7, 0x1f, 0xff, 0x80, 0x0,
    0x2, 0xff, 0xf6, 0x1f, 0xff, 0x80, 0x0, 0x3c,
    0xff, 0xf1, 0x1f, 0xff, 0xff, 0xff, 0xff, 0xfd,
    0x30, 0x1f, 0xff, 0xff, 0xff, 0xff, 0xfd, 0x50,
    0x1f, 0xff, 0x93, 0x34, 0x5b, 0xff, 0xf5, 0x1f,
    0xff, 0x80, 0x0, 0x0, 0xef, 0xfc, 0x1f, 0xff,
    0x80, 0x0, 0x0, 0xef, 0xff, 0x1f, 0xff, 0xa5,
    0x55, 0x6b, 0xff, 0xfc, 0x1f, 0xff, 0xff, 0xff,
    0xff, 0xff, 0xf4, 0x1f, 0xff, 0xff, 0xff, 0xff,
    0xeb, 0x30,

    /* U+0433 "г" */
    0x4f, 0xff, 0xff, 0xff, 0xfd, 0x4f, 0xff, 0xff,
    0xff, 0xfd, 0x4f, 0xff, 0xff, 0xff, 0xfc, 0x4f,
    0xff, 0x40, 0x0, 0x0, 0x4f, 0xff, 0x40, 0x0,
    0x0, 0x4f, 0xff, 0x40, 0x0, 0x0, 0x4f, 0xff,
    0x40, 0x0, 0x0, 0x4f, 0xff, 0x40, 0x0, 0x0,
    0x4f, 0xff, 0x40, 0x0, 0x0, 0x4f, 0xff, 0x40,
    0x0, 0x0, 0x4f, 0xff, 0x40, 0x0, 0x0, 0x4f,
    0xff, 0x40, 0x0, 0x0, 0x4f, 0xff, 0x40, 0x0,
    0x0, 0x4f, 0xff, 0x40, 0x0, 0x0,

    /* U+0434 "д" */
    0x0, 0x0, 0x6f, 0xff, 0xff, 0xff, 0xff, 0xf7,
    0x0, 0x0, 0x7, 0xff, 0xff, 0xff, 0xff, 0xff,
    0x70, 0x0, 0x0, 0x7f, 0xff, 0xff, 0xff, 0xff,
    0xf7, 0x0, 0x0, 0x9, 0xff, 0x90, 0x0, 0xf,
    0xff, 0x70, 0x0, 0x0, 0xaf, 0xf8, 0x0, 0x0,
    0xff, 0xf7, 0x0, 0x0, 0xb, 0xff, 0x70, 0x0,
    0xf, 0xff, 0x70, 0x0, 0x0, 0xef, 0xf5, 0x0,
    0x0, 0xff, 0xf7, 0x0, 0x0, 0x1f, 0xff, 0x20,
    0x0, 0xf, 0xff, 0x70, 0x0, 0x5, 0xff, 0xe0,
    0x0, 0x0, 0xff, 0xf7, 0x0, 0x0, 0xbf, 0xf9,
    0x0, 0x0, 0xf, 0xff, 0x70, 0x0, 0x4f, 0xff,
    0x20, 0x0, 0x1, 0xff, 0xf7, 0x1, 0xff, 0xff,
    0xff, 0xff, 0xff, 0xff, 0xff, 0xfe, 0x1f, 0xff,
    0xff, 0xff, 0xff, 0xff, 0xff, 0xff, 0xe1, 0xff,
    0xff, 0xff, 0xff, 0xff, 0xff, 0xff, 0xfe, 0x1f,
    0xfd, 0x0, 0x0, 0x0, 0x0, 0x0, 0xff, 0xe1,
    0xff, 0xd0, 0x0, 0x0, 0x0, 0x0, 0xf, 0xfe,
    0x1f, 0xfd, 0x0, 0x0, 0x0, 0x0, 0x0, 0xff,
    0xe0, 0x99, 0x70, 0x0, 0x0, 0x0, 0x0, 0x9,
    0x98,

    /* U+0435 "е" */
    0x0, 0x0, 0x7c, 0xff, 0xd8, 0x10, 0x0, 0x0,
    0x2d, 0xff, 0xff, 0xff, 0xf4, 0x0, 0x0, 0xdf,
    0xff, 0xed, 0xff, 0xff, 0x20, 0x7, 0xff, 0xf7,
    0x0, 0x2e, 0xff, 0xa0, 0xd, 0xff, 0xc0, 0x0,
    0x6, 0xff, 0xf0, 0xf, 0xff, 0xb3, 0x33, 0x35,
    0xff, 0xf3, 0x2f, 0xff, 0xff, 0xff, 0xff, 0xff,
    0xf5, 0x2f, 0xff, 0xff, 0xff, 0xff, 0xff, 0xf6,
    0x1f, 0xff, 0x90, 0x0, 0x0, 0x0, 0x0, 0xd,
    0xff, 0xc0, 0x0, 0x4, 0x75, 0x20, 0x8, 0xff,
    0xf8, 0x0, 0x1d, 0xff, 0xe0, 0x0, 0xef, 0xff,
    0xec, 0xff, 0xff, 0x60, 0x0, 0x2e, 0xff, 0xff,
    0xff, 0xf8, 0x0, 0x0, 0x0, 0x7c, 0xef, 0xeb,
    0x40, 0x0,

    /* U+0436 "ж" */
    0x9, 0xfe, 0xa1, 0x0, 0x8f, 0xff, 0x0, 0x6,
    0xdf, 0xf0, 0x9, 0xff, 0xfb, 0x0, 0x8f, 0xff,
    0x0, 0x5f, 0xff, 0xf0, 0x3, 0x7e, 0xff, 0x30,
    0x8f, 0xff, 0x0, 0xcf, 0xf9, 0x70, 0x0, 0x4,
    0xff, 0xa0, 0x8f, 0xff, 0x2, 0xff, 0xb0, 0x0,
    0x0, 0x0, 0xdf, 0xf0, 0x8f, 0xff, 0x9, 0xff,
    0x50, 0x0, 0x0, 0x0, 0x6f, 0xfb, 0xbf, 0xff,
    0x6f, 0xfd, 0x0, 0x0, 0x0, 0x0, 0x9, 0xff,
    0xff, 0xff, 0xff, 0xe2, 0x0, 0x0, 0x0, 0x0,
    0x4e, 0xff, 0xff, 0xff, 0xff, 0xf9, 0x0, 0x0,
    0x0, 0x2, 0xff, 0xf6, 0x9f, 0xff, 0x2d, 0xff,
    0x80, 0x0, 0x0, 0xb, 0xff, 0xc0, 0x8f, 0xff,
    0x4, 0xff, 0xf3, 0x0, 0x0, 0x4f, 0xff, 0x40,
    0x8f, 0xff, 0x0, 0xdf, 0xfb, 0x0, 0x0, 0xcf,
    0xfd, 0x0, 0x8f, 0xff, 0x0, 0x6f, 0xff, 0x30,
    0x4, 0xff, 0xf7, 0x0, 0x8f, 0xff, 0x0, 0xf,
    0xff, 0xb0, 0xc, 0xff, 0xf1, 0x0, 0x8f, 0xff,
    0x0, 0x9, 0xff, 0xf3,

    /* U+0437 "з" */
    0x0, 0x6, 0xce, 0xfe, 0xa3, 0x0, 0x1, 0xdf,
    0xff, 0xff, 0xff, 0x60, 0xb, 0xff, 0xf9, 0x8e,
    0xff, 0xf1, 0x9, 0xcf, 0x30, 0x2, 0xff, 0xf4,
    0x0, 0x0, 0x0, 0x1, 0xff, 0xf3, 0x0, 0x0,
    0x2, 0x6d, 0xff, 0xa0, 0x0, 0x0, 0x8, 0xff,
    0xf7, 0x0, 0x0, 0x0, 0x8, 0xff, 0xff, 0x90,
    0x0, 0x0, 0x0, 0x5, 0xff, 0xf7, 0x1, 0x44,
    0x0, 0x0, 0xbf, 0xfd, 0x7f, 0xff, 0x20, 0x0,
    0xdf, 0xfd, 0x1f, 0xff, 0xe8, 0x7c, 0xff, 0xf8,
    0x4, 0xff, 0xff, 0xff, 0xff, 0xb0, 0x0, 0x18,
    0xde, 0xfe, 0xb6, 0x0,

    /* U+0438 "и" */
    0x3f, 0xff, 0x30, 0x0, 0xa, 0xff, 0xf3, 0x3f,
    0xff, 0x30, 0x0, 0x4f, 0xff, 0xf3, 0x3f, 0xff,
    0x30, 0x0, 0xdf, 0xff, 0xf3, 0x3f, 0xff, 0x30,
    0x7, 0xff, 0xff, 0xf3, 0x3f, 0xff, 0x30, 0x2f,
    0xff, 0xff, 0xf3, 0x3f, 0xff, 0x30, 0xbf, 0xfb,
    0xff, 0xf3, 0x3f, 0xff, 0x35, 0xff, 0xd4, 0xff,
    0xf3, 0x3f, 0xff, 0x4e, 0xff, 0x33, 0xff, 0xf3,
    0x3f, 0xff, 0xcf, 0xf9, 0x3, 0xff, 0xf3, 0x3f,
    0xff, 0xff, 0xe1, 0x3, 0xff, 0xf3, 0x3f, 0xff,
    0xff, 0x60, 0x3, 0xff, 0xf3, 0x3f, 0xff, 0xfc,
    0x0, 0x3, 0xff, 0xf3, 0x3f, 0xff, 0xf2, 0x0,
    0x3, 0xff, 0xf3, 0x3f, 0xff, 0x80, 0x0, 0x3,
    0xff, 0xf3,

    /* U+0439 "й" */
    0x0, 0xb, 0xf0, 0x0, 0xc, 0xe0, 0x0, 0x0,
    0x7, 0xf9, 0x10, 0x7f, 0xa0, 0x0, 0x0, 0x0,
    0xdf, 0xff, 0xff, 0x20, 0x0, 0x0, 0x0, 0x19,
    0xdd, 0xa2, 0x0, 0x0, 0x0, 0x0, 0x0, 0x0,
    0x0, 0x0, 0x0, 0x3f, 0xff, 0x30, 0x0, 0xa,
    0xff, 0xf3, 0x3f, 0xff, 0x30, 0x0, 0x4f, 0xff,
    0xf3, 0x3f, 0xff, 0x30, 0x0, 0xdf, 0xff, 0xf3,
    0x3f, 0xff, 0x30, 0x7, 0xff, 0xff, 0xf3, 0x3f,
    0xff, 0x30, 0x2f, 0xff, 0xff, 0xf3, 0x3f, 0xff,
    0x30, 0xbf, 0xfb, 0xff, 0xf3, 0x3f, 0xff, 0x35,
    0xff, 0xd4, 0xff, 0xf3, 0x3f, 0xff, 0x4e, 0xff,
    0x33, 0xff, 0xf3, 0x3f, 0xff, 0xcf, 0xf9, 0x3,
    0xff, 0xf3, 0x3f, 0xff, 0xff, 0xe1, 0x3, 0xff,
    0xf3, 0x3f, 0xff, 0xff, 0x60, 0x3, 0xff, 0xf3,
    0x3f, 0xff, 0xfc, 0x0, 0x3, 0xff, 0xf3, 0x3f,
    0xff, 0xf2, 0x0, 0x3, 0xff, 0xf3, 0x3f, 0xff,
    0x80, 0x0, 0x3, 0xff, 0xf3,

    /* U+043A "к" */
    0x4f, 0xff, 0x40, 0x2, 0xbe, 0xf7, 0x4, 0xff,
    0xf4, 0x0, 0xdf, 0xff, 0x70, 0x4f, 0xff, 0x40,
    0x5f, 0xfd, 0x73, 0x4, 0xff, 0xf4, 0xb, 0xff,
    0x20, 0x0, 0x4f, 0xff, 0x42, 0xff, 0xc0, 0x0,
    0x4, 0xff, 0xf9, 0xdf, 0xf5, 0x0, 0x0, 0x4f,
    0xff, 0xff, 0xf8, 0x0, 0x0, 0x4, 0xff, 0xff,
    0xff, 0xe4, 0x0, 0x0, 0x4f, 0xff, 0x57, 0xff,
    0xf2, 0x0, 0x4, 0xff, 0xf4, 0xc, 0xff, 0xb0,
    0x0, 0x4f, 0xff, 0x40, 0x5f, 0xff, 0x30, 0x4,
    0xff, 0xf4, 0x0, 0xef, 0xfb, 0x0, 0x4f, 0xff,
    0x40, 0x7, 0xff, 0xf4, 0x4, 0xff, 0xf4, 0x0,
    0x1f, 0xff, 0xc0,

    /* U+043B "л" */
    0x0, 0x2f, 0xff, 0xff, 0xff, 0xff, 0xff, 0xc0,
    0x2, 0xff, 0xff, 0xff, 0xff, 0xff, 0xfc, 0x0,
    0x2f, 0xff, 0xff, 0xff, 0xff, 0xff, 0xc0, 0x2,
    0xff, 0xf5, 0x0, 0x0, 0xcf, 0xfc, 0x0, 0x2f,
    0xff, 0x50, 0x0, 0xc, 0xff, 0xc0, 0x2, 0xff,
    0xf5, 0x0, 0x0, 0xcf, 0xfc, 0x0, 0x2f, 0xff,
    0x50, 0x0, 0xc, 0xff, 0xc0, 0x2, 0xff, 0xf5,
    0x0, 0x0, 0xcf, 0xfc, 0x0, 0x2f, 0xff, 0x50,
    0x0, 0xc, 0xff, 0xc0, 0x3, 0xff, 0xf5, 0x0,
    0x0, 0xcf, 0xfc, 0x0, 0x4f, 0xff, 0x40, 0x0,
    0xc, 0xff, 0xc6, 0xad, 0xff, 0xf2, 0x0, 0x0,
    0xcf, 0xfc, 0xbf, 0xff, 0xfc, 0x0, 0x0, 0xc,
    0xff, 0xcb, 0xff, 0xfb, 0x10, 0x0, 0x0, 0xcf,
    0xfc,

    /* U+043C "м" */
    0xf, 0xff, 0xf8, 0x0, 0x0, 0x1, 0xff, 0xff,
    0x80, 0xff, 0xff, 0xe0, 0x0, 0x0, 0x6f, 0xff,
    0xf8, 0xf, 0xff, 0xff, 0x30, 0x0, 0xc, 0xff,
    0xff, 0x80, 0xff, 0xff, 0xf9, 0x0, 0x1, 0xff,
    0xff, 0xf8, 0xf, 0xff, 0xff, 0xe0, 0x0, 0x7f,
    0xff, 0xff, 0x80, 0xff, 0xfc, 0xff, 0x40, 0xc,
    0xff, 0xbf, 0xf8, 0xf, 0xff, 0x6f, 0xf9, 0x2,
    0xff, 0xd8, 0xff, 0x80, 0xff, 0xf1, 0xff, 0xe0,
    0x7f, 0xf8, 0x8f, 0xf8, 0xf, 0xff, 0xb, 0xff,
    0x4d, 0xff, 0x28, 0xff, 0x80, 0xff, 0xf0, 0x6f,
    0xfc, 0xff, 0xc0, 0x8f, 0xf8, 0xf, 0xff, 0x1,
    0xff, 0xff, 0xf7, 0x8, 0xff, 0x80, 0xff, 0xf0,
    0xb, 0xff, 0xff, 0x10, 0x8f, 0xf8, 0xf, 0xff,
    0x0, 0x5f, 0xff, 0xb0, 0x8, 0xff, 0x80, 0xff,
    0xf0, 0x0, 0xff, 0xf6, 0x0, 0x8f, 0xf8,

    /* U+043D "н" */
    0x4f, 0xff, 0x40, 0x0, 0x9, 0xff, 0xf4, 0xff,
    0xf4, 0x0, 0x0, 0x9f, 0xff, 0x4f, 0xff, 0x40,
    0x0, 0x9, 0xff, 0xf4, 0xff, 0xf4, 0x0, 0x0,
    0x9f, 0xff, 0x4f, 0xff, 0x40, 0x0, 0x9, 0xff,
    0xf4, 0xff, 0xff, 0xee, 0xee, 0xff, 0xff, 0x4f,
    0xff, 0xff, 0xff, 0xff, 0xff, 0xf4, 0xff, 0xff,
    0xff, 0xff, 0xff, 0xff, 0x4f, 0xff, 0x40, 0x0,
    0x9, 0xff, 0xf4, 0xff, 0xf4, 0x0, 0x0, 0x9f,
    0xff, 0x4f, 0xff, 0x40, 0x0, 0x9, 0xff, 0xf4,
    0xff, 0xf4, 0x0, 0x0, 0x9f, 0xff, 0x4f, 0xff,
    0x40, 0x0, 0x9, 0xff, 0xf4, 0xff, 0xf4, 0x0,
    0x0, 0x9f, 0xff,

    /* U+043E "о" */
    0x0, 0x2, 0x8d, 0xff, 0xd9, 0x20, 0x0, 0x0,
    0x7f, 0xff, 0xff, 0xff, 0xf7, 0x0, 0x6, 0xff,
    0xff, 0xff, 0xff, 0xff, 0x60, 0x1f, 0xff, 0xf5,
    0x0, 0x5f, 0xff, 0xf1, 0x8f, 0xff, 0x50, 0x0,
    0x6, 0xff, 0xf8, 0xcf, 0xfe, 0x0, 0x0, 0x0,
    0xef, 0xfc, 0xef, 0xfc, 0x0, 0x0, 0x0, 0xcf,
    0xfe, 0xef, 0xfc, 0x0, 0x0, 0x0, 0xcf, 0xfe,
    0xcf, 0xfe, 0x0, 0x0, 0x0, 0xef, 0xfc, 0x8f,
    0xff, 0x60, 0x0, 0x6, 0xff, 0xf8, 0x2f, 0xff,
    0xf5, 0x0, 0x5f, 0xff, 0xf1, 0x7, 0xff, 0xff,
    0xff, 0xff, 0xff, 0x60, 0x0, 0x7f, 0xff, 0xff,
    0xff, 0xf6, 0x0, 0x0, 0x2, 0x8d, 0xff, 0xd9,
    0x10, 0x0,

    /* U+043F "п" */
    0x4f, 0xff, 0xff, 0xff, 0xff, 0xff, 0xb4, 0xff,
    0xff, 0xff, 0xff, 0xff, 0xfb, 0x4f, 0xff, 0xff,
    0xff, 0xff, 0xff, 0xb4, 0xff, 0xf4, 0x0, 0x0,
    0xef, 0xfb, 0x4f, 0xff, 0x40, 0x0, 0xe, 0xff,
    0xb4, 0xff, 0xf4, 0x0, 0x0, 0xef, 0xfb, 0x4f,
    0xff, 0x40, 0x0, 0xe, 0xff, 0xb4, 0xff, 0xf4,
    0x0, 0x0, 0xef, 0xfb, 0x4f, 0xff, 0x40, 0x0,
    0xe, 0xff, 0xb4, 0xff, 0xf4, 0x0, 0x0, 0xef,
    0xfb, 0x4f, 0xff, 0x40, 0x0, 0xe, 0xff, 0xb4,
    0xff, 0xf4, 0x0, 0x0, 0xef, 0xfb, 0x4f, 0xff,
    0x40, 0x0, 0xe, 0xff, 0xb4, 0xff, 0xf4, 0x0,
    0x0, 0xef, 0xfb,

    /* U+0440 "р" */
    0x3f, 0xff, 0x12, 0xae, 0xfd, 0x70, 0x0, 0x3f,
    0xff, 0x6f, 0xff, 0xff, 0xfd, 0x10, 0x3f, 0xff,
    0xff, 0xfe, 0xff, 0xff, 0xb0, 0x3f, 0xff, 0xf9,
    0x0, 0x2d, 0xff, 0xf4, 0x3f, 0xff, 0xc0, 0x0,
    0x3, 0xff, 0xf9, 0x3f, 0xff, 0x70, 0x0, 0x0,
    0xdf, 0xfc, 0x3f, 0xff, 0x50, 0x0, 0x0, 0xbf,
    0xfe, 0x3f, 0xff, 0x50, 0x0, 0x0, 0xbf, 0xfe,
    0x3f, 0xff, 0x70, 0x0, 0x0, 0xdf, 0xfc, 0x3f,
    0xff, 0xd0, 0x0, 0x2, 0xff, 0xf9, 0x3f, 0xff,
    0xfa, 0x10, 0x2d, 0xff, 0xf3, 0x3f, 0xff, 0xff,
    0xfe, 0xff, 0xff, 0xb0, 0x3f, 0xff, 0x8e, 0xff,
    0xff, 0xfc, 0x10, 0x3f, 0xff, 0x51, 0xae, 0xfd,
    0x70, 0x0, 0x3f, 0xff, 0x50, 0x0, 0x0, 0x0,
    0x0, 0x3f, 0xff, 0x50, 0x0, 0x0, 0x0, 0x0,
    0x3f, 0xff, 0x50, 0x0, 0x0, 0x0, 0x0, 0x3f,
    0xff, 0x50, 0x0, 0x0, 0x0, 0x0, 0x3f, 0xff,
    0x50, 0x0, 0x0, 0x0, 0x0,

    /* U+0441 "с" */
    0x0, 0x5, 0xbe, 0xff, 0xc7, 0x0, 0x0, 0xb,
    0xff, 0xff, 0xff, 0xfd, 0x20, 0xa, 0xff, 0xff,
    0xef, 0xff, 0xfc, 0x3, 0xff, 0xfc, 0x10, 0x9,
    0xff, 0xf5, 0x9f, 0xff, 0x20, 0x0, 0xd, 0xa7,
    0x3c, 0xff, 0xd0, 0x0, 0x0, 0x0, 0x0, 0xef,
    0xfc, 0x0, 0x0, 0x0, 0x0, 0xe, 0xff, 0xc0,
    0x0, 0x0, 0x0, 0x0, 0xcf, 0xfe, 0x0, 0x0,
    0x5, 0x41, 0x9, 0xff, 0xf3, 0x0, 0x0, 0xff,
    0xfa, 0x3f, 0xff, 0xe4, 0x1, 0xbf, 0xff, 0x50,
    0xaf, 0xff, 0xff, 0xff, 0xff, 0xc0, 0x0, 0xbf,
    0xff, 0xff, 0xff, 0xd1, 0x0, 0x0, 0x5b, 0xef,
    0xfc, 0x70, 0x0,

    /* U+0442 "т" */
    0xbf, 0xff, 0xff, 0xff, 0xff, 0xff, 0x7b, 0xff,
    0xff, 0xff, 0xff, 0xff, 0xf7, 0xbf, 0xff, 0xff,
    0xff, 0xff, 0xff, 0x70, 0x0, 0x6, 0xff, 0xf2,
    0x0, 0x0, 0x0, 0x0, 0x6f, 0xff, 0x20, 0x0,
    0x0, 0x0, 0x6, 0xff, 0xf2, 0x0, 0x0, 0x0,
    0x0, 0x6f, 0xff, 0x20, 0x0, 0x0, 0x0, 0x6,
    0xff, 0xf2, 0x0, 0x0, 0x0, 0x0, 0x6f, 0xff,
    0x20, 0x0, 0x0, 0x0, 0x6, 0xff, 0xf2, 0x0,
    0x0, 0x0, 0x0, 0x6f, 0xff, 0x20, 0x0, 0x0,
    0x0, 0x6, 0xff, 0xf2, 0x0, 0x0, 0x0, 0x0,
    0x6f, 0xff, 0x20, 0x0, 0x0, 0x0, 0x6, 0xff,
    0xf2, 0x0, 0x0,

    /* U+0443 "у" */
    0xaf, 0xff, 0x20, 0x0, 0x0, 0xdf, 0xfd, 0x4,
    0xff, 0xf7, 0x0, 0x0, 0x2f, 0xff, 0x70, 0xd,
    0xff, 0xc0, 0x0, 0x7, 0xff, 0xf2, 0x0, 0x7f,
    0xff, 0x20, 0x0, 0xcf, 0xfc, 0x0, 0x1, 0xff,
    0xf7, 0x0, 0x2f, 0xff, 0x60, 0x0, 0xb, 0xff,
    0xd0, 0x7, 0xff, 0xf0, 0x0, 0x0, 0x5f, 0xff,
    0x20, 0xcf, 0xfa, 0x0, 0x0, 0x0, 0xff, 0xf8,
    0x1f, 0xff, 0x40, 0x0, 0x0, 0x9, 0xff, 0xd7,
    0xff, 0xe0, 0x0, 0x0, 0x0, 0x3f, 0xff, 0xef,
    0xf9, 0x0, 0x0, 0x0, 0x0, 0xdf, 0xff, 0xff,
    0x30, 0x0, 0x0, 0x0, 0x7, 0xff, 0xff, 0xd0,
    0x0, 0x0, 0x0, 0x0, 0x1f, 0xff, 0xf7, 0x0,
    0x0, 0x0, 0x0, 0x0, 0xcf, 0xff, 0x10, 0x0,
    0x0, 0x0, 0x0, 0x1f, 0xff, 0xb0, 0x0, 0x0,
    0x0, 0x0, 0x1b, 0xff, 0xf5, 0x0, 0x0, 0x0,
    0xe, 0xef, 0xff, 0xfd, 0x0, 0x0, 0x0, 0x0,
    0xcf, 0xff, 0xff, 0x30, 0x0, 0x0, 0x0, 0x8,
    0xef, 0xda, 0x30, 0x0, 0x0, 0x0, 0x0,

    /* U+0444 "ф" */
    0x0, 0x0, 0x0, 0x0, 0x6f, 0xff, 0x20, 0x0,
    0x0, 0x0, 0x0, 0x0, 0x0, 0x0, 0x6, 0xff,
    0xf2, 0x0, 0x0, 0x0, 0x0, 0x0, 0x0, 0x0,
    0x0, 0x6f, 0xff, 0x20, 0x0, 0x0, 0x0, 0x0,
    0x0, 0x0, 0x0, 0x6, 0xff, 0xf2, 0x0, 0x0,
    0x0, 0x0, 0x0, 0x0, 0x0, 0x0, 0x6f, 0xff,
    0x20, 0x0, 0x0, 0x0, 0x0, 0x0, 0x8e, 0xfb,
    0x36, 0xff, 0xf2, 0x5c, 0xfe, 0x80, 0x0, 0x0,
    0xcf, 0xff, 0xff, 0xaf, 0xff, 0x9f, 0xff, 0xff,
    0xc0, 0x0, 0xaf, 0xff, 0xed, 0xff, 0xff, 0xff,
    0xfc, 0xff, 0xff, 0x80, 0x3f, 0xff, 0xc1, 0x6,
    0xff, 0xff, 0xf3, 0x1, 0xef, 0xff, 0x9, 0xff,
    0xf4, 0x0, 0xb, 0xff, 0xf9, 0x0, 0x7, 0xff,
    0xf5, 0xdf, 0xfe, 0x0, 0x0, 0x7f, 0xff, 0x40,
    0x0, 0x2f, 0xff, 0x9e, 0xff, 0xd0, 0x0, 0x5,
    0xff, 0xf2, 0x0, 0x0, 0xff, 0xfa, 0xef, 0xfd,
    0x0, 0x0, 0x6f, 0xff, 0x20, 0x0, 0xf, 0xff,
    0xad, 0xff, 0xe0, 0x0, 0x8, 0xff, 0xf4, 0x0,
    0x2, 0xff, 0xf9, 0x9f, 0xff, 0x30, 0x0, 0xdf,
    0xff, 0x90, 0x0, 0x8f, 0xff, 0x54, 0xff, 0xfc,
    0x0, 0x6f, 0xff, 0xff, 0x30, 0x2f, 0xff, 0xf0,
    0xc, 0xff, 0xfe, 0xdf, 0xff, 0xff, 0xff, 0xdf,
    0xff, 0xf7, 0x0, 0x2e, 0xff, 0xff, 0xfa, 0xff,
    0xfa, 0xff, 0xff, 0xfa, 0x0, 0x0, 0x2a, 0xef,
    0xb2, 0x6f, 0xff, 0x25, 0xdf, 0xd7, 0x0, 0x0,
    0x0, 0x0, 0x0, 0x6, 0xff, 0xf2, 0x0, 0x0,
    0x0, 0x0, 0x0, 0x0, 0x0, 0x0, 0x6f, 0xff,
    0x20, 0x0, 0x0, 0x0, 0x0, 0x0, 0x0, 0x0,
    0x6, 0xff, 0xf2, 0x0, 0x0, 0x0, 0x0, 0x0,
    0x0, 0x0, 0x0, 0x6f, 0xff, 0x20, 0x0, 0x0,
    0x0, 0x0, 0x0, 0x0, 0x0, 0x6, 0xff, 0xf2,
    0x0, 0x0, 0x0, 0x0,

    /* U+0445 "х" */
    0x4f, 0xff, 0xe1, 0x0, 0xb, 0xff, 0xf7, 0x0,
    0x9f, 0xff, 0xa0, 0x6, 0xff, 0xfc, 0x0, 0x0,
    0xef, 0xff, 0x41, 0xef, 0xff, 0x20, 0x0, 0x4,
    0xff, 0xfd, 0xbf, 0xff, 0x60, 0x0, 0x0, 0x8,
    0xff, 0xff, 0xff, 0xb0, 0x0, 0x0, 0x0, 0xd,
    0xff, 0xff, 0xe1, 0x0, 0x0, 0x0, 0x0, 0x3f,
    0xff, 0xf6, 0x0, 0x0, 0x0, 0x0, 0x7, 0xff,
    0xff, 0xc0, 0x0, 0x0, 0x0, 0x2, 0xff, 0xff,
    0xff, 0x70, 0x0, 0x0, 0x0, 0xcf, 0xff, 0xff,
    0xff, 0x30, 0x0, 0x0, 0x7f, 0xff, 0x86, 0xff,
    0xfd, 0x0, 0x0, 0x2f, 0xff, 0xd0, 0xb, 0xff,
    0xf8, 0x0, 0xc, 0xff, 0xf4, 0x0, 0x2f, 0xff,
    0xf3, 0x8, 0xff, 0xfa, 0x0, 0x0, 0x7f, 0xff,
    0xd0,

    /* U+0446 "ц" */
    0x4f, 0xff, 0x50, 0x0, 0x9, 0xff, 0xf0, 0x4,
    0xff, 0xf5, 0x0, 0x0, 0x9f, 0xff, 0x0, 0x4f,
    0xff, 0x50, 0x0, 0x9, 0xff, 0xf0, 0x4, 0xff,
    0xf5, 0x0, 0x0, 0x9f, 0xff, 0x0, 0x4f, 0xff,
    0x50, 0x0, 0x9, 0xff, 0xf0, 0x4, 0xff, 0xf5,
    0x0, 0x0, 0x9f, 0xff, 0x0, 0x4f, 0xff, 0x50,
    0x0, 0x9, 0xff, 0xf0, 0x4, 0xff, 0xf5, 0x0,
    0x0, 0x9f, 0xff, 0x0, 0x4f, 0xff, 0x50, 0x0,
    0x9, 0xff, 0xf0, 0x4, 0xff, 0xf5, 0x0, 0x0,
    0x9f, 0xff, 0x0, 0x4f, 0xff, 0x50, 0x0, 0x9,
    0xff, 0xf0, 0x4, 0xff, 0xff, 0xee, 0xee, 0xff,
    0xff, 0xe5, 0x4f, 0xff, 0xff, 0xff, 0xff, 0xff,
    0xff, 0x64, 0xff, 0xff, 0xff, 0xff, 0xff, 0xff,
    0xf6, 0x0, 0x0, 0x0, 0x0, 0x0, 0x8, 0xff,
    0x60, 0x0, 0x0, 0x0, 0x0, 0x0, 0x8f, 0xf6,
    0x0, 0x0, 0x0, 0x0, 0x0, 0x8, 0xff, 0x60,
    0x0, 0x0, 0x0, 0x0, 0x0, 0x49, 0x93,

    /* U+0447 "ч" */
    0x8f, 0xff, 0x0, 0x0, 0x2f, 0xff, 0x68, 0xff,
    0xf0, 0x0, 0x2, 0xff, 0xf6, 0x8f, 0xff, 0x0,
    0x0, 0x2f, 0xff, 0x68, 0xff, 0xf0, 0x0, 0x2,
    0xff, 0xf6, 0x7f, 0xff, 0x20, 0x0, 0x2f, 0xff,
    0x65, 0xff, 0xf8, 0x0, 0x2, 0xff, 0xf6, 0xe,
    0xff, 0xfc, 0x89, 0xdf, 0xff, 0x60, 0x4f, 0xff,
    0xff, 0xff, 0xff, 0xf6, 0x0, 0x29, 0xdf, 0xec,
    0x9f, 0xff, 0x60, 0x0, 0x0, 0x0, 0x2, 0xff,
    0xf6, 0x0, 0x0, 0x0, 0x0, 0x2f, 0xff, 0x60,
    0x0, 0x0, 0x0, 0x2, 0xff, 0xf6, 0x0, 0x0,
    0x0, 0x0, 0x2f, 0xff, 0x60, 0x0, 0x0, 0x0,
    0x2, 0xff, 0xf6,

    /* U+0448 "ш" */
    0x3f, 0xff, 0x0, 0x0, 0xdf, 0xf7, 0x0, 0x6,
    0xff, 0xe3, 0xff, 0xf0, 0x0, 0xd, 0xff, 0x70,
    0x0, 0x6f, 0xfe, 0x3f, 0xff, 0x0, 0x0, 0xdf,
    0xf7, 0x0, 0x6, 0xff, 0xe3, 0xff, 0xf0, 0x0,
    0xd, 0xff, 0x70, 0x0, 0x6f, 0xfe, 0x3f, 0xff,
    0x0, 0x0, 0xdf, 0xf7, 0x0, 0x6, 0xff, 0xe3,
    0xff, 0xf0, 0x0, 0xd, 0xff, 0x70, 0x0, 0x6f,
    0xfe, 0x3f, 0xff, 0x0, 0x0, 0xdf, 0xf7, 0x0,
    0x6, 0xff, 0xe3, 0xff, 0xf0, 0x0, 0xd, 0xff,
    0x70, 0x0, 0x6f, 0xfe, 0x3f, 0xff, 0x0, 0x0,
    0xdf, 0xf7, 0x0, 0x6, 0xff, 0xe3, 0xff, 0xf0,
    0x0, 0xd, 0xff, 0x70, 0x0, 0x6f, 0xfe, 0x3f,
    0xff, 0x0, 0x0, 0xdf, 0xf7, 0x0, 0x6, 0xff,
    0xe3, 0xff, 0xfe, 0xee, 0xef, 0xff, 0xfe, 0xee,
    0xff, 0xfe, 0x3f, 0xff, 0xff, 0xff, 0xff, 0xff,
    0xff, 0xff, 0xff, 0xe3, 0xff, 0xff, 0xff, 0xff,
    0xff, 0xff, 0xff, 0xff, 0xfe,

    /* U+0449 "щ" */
    0x3f, 0xff, 0x10, 0x0, 0xdf, 0xf7, 0x0, 0x6,
    0xff, 0xe0, 0x3, 0xff, 0xf1, 0x0, 0xd, 0xff,
    0x70, 0x0, 0x6f, 0xfe, 0x0, 0x3f, 0xff, 0x10,
    0x0, 0xdf, 0xf7, 0x0, 0x6, 0xff, 0xe0, 0x3,
    0xff, 0xf1, 0x0, 0xd, 0xff, 0x70, 0x0, 0x6f,
    0xfe, 0x0, 0x3f, 0xff, 0x10, 0x0, 0xdf, 0xf7,
    0x0, 0x6, 0xff, 0xe0, 0x3, 0xff, 0xf1, 0x0,
    0xd, 0xff, 0x70, 0x0, 0x6f, 0xfe, 0x0, 0x3f,
    0xff, 0x10, 0x0, 0xdf, 0xf7, 0x0, 0x6, 0xff,
    0xe0, 0x3, 0xff, 0xf1, 0x0, 0xd, 0xff, 0x70,
    0x0, 0x6f, 0xfe, 0x0, 0x3f, 0xff, 0x10, 0x0,
    0xdf, 0xf7, 0x0, 0x6, 0xff, 0xe0, 0x3, 0xff,
    0xf1, 0x0, 0xd, 0xff, 0x70, 0x0, 0x6f, 0xfe,
    0x0, 0x3f, 0xff, 0x10, 0x0, 0xdf, 0xf7, 0x0,
    0x6, 0xff, 0xe0, 0x3, 0xff, 0xfe, 0xee, 0xef,
    0xff, 0xfe, 0xee, 0xff, 0xff, 0xe5, 0x3f, 0xff,
    0xff, 0xff, 0xff, 0xff, 0xff, 0xff, 0xff, 0xff,
    0x53, 0xff, 0xff, 0xff, 0xff, 0xff, 0xff, 0xff,
    0xff, 0xff, 0xf5, 0x0, 0x0, 0x0, 0x0, 0x0,
    0x0, 0x0, 0x0, 0x8, 0xff, 0x50, 0x0, 0x0,
    0x0, 0x0, 0x0, 0x0, 0x0, 0x0, 0x8f, 0xf5,
    0x0, 0x0, 0x0, 0x0, 0x0, 0x0, 0x0, 0x0,
    0x8, 0xff, 0x50, 0x0, 0x0, 0x0, 0x0, 0x0,
    0x0, 0x0, 0x0, 0x59, 0x93,

    /* U+044A "ъ" */
    0x7f, 0xff, 0xff, 0xff, 0x70, 0x0, 0x0, 0x0,
    0x0, 0x7f, 0xff, 0xff, 0xff, 0x70, 0x0, 0x0,
    0x0, 0x0, 0x7f, 0xff, 0xff, 0xff, 0x70, 0x0,
    0x0, 0x0, 0x0, 0x0, 0x0, 0x1f, 0xff, 0x70,
    0x0, 0x0, 0x0, 0x0, 0x0, 0x0, 0x1f, 0xff,
    0x70, 0x0, 0x0, 0x0, 0x0, 0x0, 0x0, 0x1f,
    0xff, 0x70, 0x0, 0x0, 0x0, 0x0, 0x0, 0x0,
    0x1f, 0xff, 0xff, 0xff, 0xff, 0xd9, 0x10, 0x0,
    0x0, 0x1f, 0xff, 0xff, 0xff, 0xff, 0xff, 0xe1,
    0x0, 0x0, 0x1f, 0xff, 0x93, 0x34, 0x5a, 0xff,
    0xf9, 0x0, 0x0, 0x1f, 0xff, 0x70, 0x0, 0x0,
    0xdf, 0xfd, 0x0, 0x0, 0x1f, 0xff, 0x70, 0x0,
    0x0, 0xdf, 0xfd, 0x0, 0x0, 0x1f, 0xff, 0xa4,
    0x44, 0x5a, 0xff, 0xfa, 0x0, 0x0, 0x1f, 0xff,
    0xff, 0xff, 0xff, 0xff, 0xe2, 0x0, 0x0, 0x1f,
    0xff, 0xff, 0xff, 0xff, 0xd9, 0x20,

    /* U+044B "ы" */
    0x1f, 0xff, 0x70, 0x0, 0x0, 0x0, 0x0, 0x1,
    0xff, 0xf8, 0x1f, 0xff, 0x70, 0x0, 0x0, 0x0,
    0x0, 0x1, 0xff, 0xf8, 0x1f, 0xff, 0x70, 0x0,
    0x0, 0x0, 0x0, 0x1, 0xff, 0xf8, 0x1f, 0xff,
    0x70, 0x0, 0x0, 0x0, 0x0, 0x1, 0xff, 0xf8,
    0x1f, 0xff, 0x70, 0x0, 0x0, 0x0, 0x0, 0x1,
    0xff, 0xf8, 0x1f, 0xff, 0x70, 0x0, 0x0, 0x0,
    0x0, 0x1, 0xff, 0xf8, 0x1f, 0xff, 0xff, 0xff,
    0xfe, 0xd8, 0x10, 0x1, 0xff, 0xf8, 0x1f, 0xff,
    0xff, 0xff, 0xff, 0xff, 0xd1, 0x1, 0xff, 0xf8,
    0x1f, 0xff, 0x93, 0x34, 0x5b, 0xff, 0xf9, 0x1,
    0xff, 0xf8, 0x1f, 0xff, 0x70, 0x0, 0x0, 0xef,
    0xfd, 0x1, 0xff, 0xf8, 0x1f, 0xff, 0x70, 0x0,
    0x0, 0xef, 0xfd, 0x1, 0xff, 0xf8, 0x1f, 0xff,
    0x94, 0x44, 0x5b, 0xff, 0xfa, 0x1, 0xff, 0xf8,
    0x1f, 0xff, 0xff, 0xff, 0xff, 0xff, 0xe2, 0x1,
    0xff, 0xf8, 0x1f, 0xff, 0xff, 0xff, 0xff, 0xd8,
    0x10, 0x1, 0xff, 0xf8,

    /* U+044C "ь" */
    0x1f, 0xff, 0x80, 0x0, 0x0, 0x0, 0x0, 0x1f,
    0xff, 0x80, 0x0, 0x0, 0x0, 0x0, 0x1f, 0xff,
    0x80, 0x0, 0x0, 0x0, 0x0, 0x1f, 0xff, 0x80,
    0x0, 0x0, 0x0, 0x0, 0x1f, 0xff, 0x80, 0x0,
    0x0, 0x0, 0x0, 0x1f, 0xff, 0x80, 0x0, 0x0,
    0x0, 0x0, 0x1f, 0xff, 0xff, 0xff, 0xff, 0xd9,
    0x10, 0x1f, 0xff, 0xff, 0xff, 0xff, 0xff, 0xe1,
    0x1f, 0xff, 0xa3, 0x34, 0x5a, 0xff, 0xf9, 0x1f,
    0xff, 0x80, 0x0, 0x0, 0xdf, 0xfe, 0x1f, 0xff,
    0x80, 0x0, 0x0, 0xdf, 0xfe, 0x1f, 0xff, 0xa4,
    0x44, 0x5a, 0xff, 0xfa, 0x1f, 0xff, 0xff, 0xff,
    0xff, 0xff, 0xe2, 0x1f, 0xff, 0xff, 0xff, 0xff,
    0xd8, 0x10,

    /* U+044D "э" */
    0x0, 0x3, 0xad, 0xff, 0xd8, 0x10, 0x0, 0x0,
    0x8f, 0xff, 0xff, 0xff, 0xf4, 0x0, 0x5, 0xff,
    0xff, 0xde, 0xff, 0xff, 0x20, 0xa, 0xff, 0xe3,
    0x0, 0x5f, 0xff, 0xa0, 0x0, 0x2, 0x20, 0x0,
    0xb, 0xff, 0xf0, 0x0, 0x0, 0x0, 0x33, 0x39,
    0xff, 0xf3, 0x0, 0x0, 0x3, 0xff, 0xff, 0xff,
    0xf4, 0x0, 0x0, 0x3, 0xff, 0xff, 0xff, 0xf4,
    0x0, 0x0, 0x0, 0x0, 0x9, 0xff, 0xf3, 0x16,
    0x9c, 0x50, 0x0, 0xd, 0xff, 0xf0, 0xe, 0xff,
    0xd2, 0x0, 0x8f, 0xff, 0xa0, 0x7, 0xff, 0xff,
    0xdf, 0xff, 0xff, 0x20, 0x0, 0x9f, 0xff, 0xff,
    0xff, 0xf4, 0x0, 0x0, 0x4, 0xae, 0xff, 0xd8,
    0x10, 0x0,

    /* U+044E "ю" */
    0x2f, 0xff, 0x60, 0x0, 0x0, 0x5b, 0xef, 0xec,
    0x60, 0x0, 0x2, 0xff, 0xf6, 0x0, 0x1, 0xcf,
    0xff, 0xff, 0xff, 0xd2, 0x0, 0x2f, 0xff, 0x60,
    0x0, 0xcf, 0xff, 0xfd, 0xff, 0xff, 0xd0, 0x2,
    0xff, 0xf6, 0x0, 0x4f, 0xff, 0xb1, 0x0, 0x8f,
    0xff, 0x70, 0x2f, 0xff, 0x60, 0x9, 0xff, 0xf2,
    0x0, 0x0, 0xdf, 0xfd, 0x2, 0xff, 0xfe, 0xee,
    0xff, 0xfe, 0x0, 0x0, 0x9, 0xff, 0xf0, 0x2f,
    0xff, 0xff, 0xff, 0xff, 0xd0, 0x0, 0x0, 0x8f,
    0xff, 0x22, 0xff, 0xff, 0xff, 0xff, 0xfd, 0x0,
    0x0, 0x8, 0xff, 0xf2, 0x2f, 0xff, 0x60, 0xa,
    0xff, 0xe0, 0x0, 0x0, 0x9f, 0xff, 0x2, 0xff,
    0xf6, 0x0, 0x7f, 0xff, 0x20, 0x0, 0xe, 0xff,
    0xd0, 0x2f, 0xff, 0x60, 0x1, 0xff, 0xfc, 0x20,
    0x8, 0xff, 0xf8, 0x2, 0xff, 0xf6, 0x0, 0x7,
    0xff, 0xff, 0xef, 0xff, 0xfe, 0x0, 0x2f, 0xff,
    0x60, 0x0, 0x9, 0xff, 0xff, 0xff, 0xfe, 0x20,
    0x2, 0xff, 0xf6, 0x0, 0x0, 0x4, 0xae, 0xfe,
    0xc7, 0x10, 0x0,

    /* U+044F "я" */
    0x0, 0x2, 0xae, 0xff, 0xff, 0xff, 0xff, 0x60,
    0x2, 0xff, 0xff, 0xff, 0xff, 0xff, 0xf6, 0x0,
    0xaf, 0xff, 0xb6, 0x55, 0x6f, 0xff, 0x60, 0xd,
    0xff, 0xe0, 0x0, 0x2, 0xff, 0xf6, 0x0, 0xdf,
    0xfd, 0x0, 0x0, 0x2f, 0xff, 0x60, 0x9, 0xff,
    0xf7, 0x10, 0x2, 0xff, 0xf6, 0x0, 0x2f, 0xff,
    0xff, 0xff, 0xff, 0xff, 0x60, 0x0, 0x3b, 0xff,
    0xff, 0xff, 0xff, 0xf6, 0x0, 0x0, 0x6f, 0xff,
    0xc4, 0x4f, 0xff, 0x60, 0x0, 0x3f, 0xff, 0xd0,
    0x2, 0xff, 0xf6, 0x0, 0xd, 0xff, 0xf3, 0x0,
    0x2f, 0xff, 0x60, 0x8, 0xff, 0xf9, 0x0, 0x2,
    0xff, 0xf6, 0x2, 0xff, 0xfe, 0x10, 0x0, 0x2f,
    0xff, 0x60, 0xbf, 0xff, 0x60, 0x0, 0x2, 0xff,
    0xf6,

    /* U+0450 "ѐ" */
    0x0, 0x6, 0xff, 0xf6, 0x0, 0x0, 0x0, 0x0,
    0x0, 0x7f, 0xfd, 0x0, 0x0, 0x0, 0x0, 0x0,
    0x9, 0xff, 0x40, 0x0, 0x0, 0x0, 0x0, 0x0,
    0x9d, 0x90, 0x0, 0x0, 0x0, 0x0, 0x0, 0x0,
    0x0, 0x0, 0x0, 0x0, 0x0, 0x7c, 0xff, 0xd8,
    0x10, 0x0, 0x0, 0x2d, 0xff, 0xff, 0xff, 0xf4,
    0x0, 0x0, 0xdf, 0xff, 0xed, 0xff, 0xff, 0x20,
    0x7, 0xff, 0xf7, 0x0, 0x2e, 0xff, 0xa0, 0xd,
    0xff, 0xc0, 0x0, 0x6, 0xff, 0xf0, 0xf, 0xff,
    0xb3, 0x33, 0x35, 0xff, 0xf3, 0x2f, 0xff, 0xff,
    0xff, 0xff, 0xff, 0xf5, 0x2f, 0xff, 0xff, 0xff,
    0xff, 0xff, 0xf6, 0x1f, 0xff, 0x90, 0x0, 0x0,
    0x0, 0x0, 0xd, 0xff, 0xc0, 0x0, 0x4, 0x75,
    0x20, 0x8, 0xff, 0xf8, 0x0, 0x1d, 0xff, 0xe0,
    0x0, 0xef, 0xff, 0xec, 0xff, 0xff, 0x60, 0x0,
    0x2e, 0xff, 0xff, 0xff, 0xf8, 0x0, 0x0, 0x0,
    0x7c, 0xef, 0xeb, 0x40, 0x0,

    /* U+0451 "ё" */
    0x0, 0x1f, 0xff, 0x0, 0xaf, 0xf7, 0x0, 0x0,
    0x1f, 0xff, 0x0, 0xaf, 0xf7, 0x0, 0x0, 0x1f,
    0xff, 0x0, 0xaf, 0xf7, 0x0, 0x0, 0x1, 0x11,
    0x0, 0x11, 0x10, 0x0, 0x0, 0x0, 0x0, 0x0,
    0x0, 0x0, 0x0, 0x0, 0x0, 0x7c, 0xff, 0xd8,
    0x10, 0x0, 0x0, 0x2d, 0xff, 0xff, 0xff, 0xf4,
    0x0, 0x0, 0xdf, 0xff, 0xed, 0xff, 0xff, 0x20,
    0x7, 0xff, 0xf7, 0x0, 0x2e, 0xff, 0xa0, 0xd,
    0xff, 0xc0, 0x0, 0x6, 0xff, 0xf0, 0xf, 0xff,
    0xb3, 0x33, 0x35, 0xff, 0xf3, 0x2f, 0xff, 0xff,
    0xff, 0xff, 0xff, 0xf5, 0x2f, 0xff, 0xff, 0xff,
    0xff, 0xff, 0xf6, 0x1f, 0xff, 0x90, 0x0, 0x0,
    0x0, 0x0, 0xd, 0xff, 0xc0, 0x0, 0x4, 0x75,
    0x20, 0x8, 0xff, 0xf8, 0x0, 0x1d, 0xff, 0xe0,
    0x0, 0xef, 0xff, 0xec, 0xff, 0xff, 0x60, 0x0,
    0x2e, 0xff, 0xff, 0xff, 0xf8, 0x0, 0x0, 0x0,
    0x7c, 0xef, 0xeb, 0x40, 0x0,

    /* U+0452 "ђ" */
    0x2, 0xff, 0xf6, 0x0, 0x0, 0x0, 0x0, 0xf,
    0xff, 0xff, 0xff, 0xff, 0xc0, 0x0, 0x0, 0xee,
    0xff, 0xfe, 0xee, 0xea, 0x0, 0x0, 0x0, 0x2f,
    0xff, 0x60, 0x0, 0x0, 0x0, 0x0, 0x2, 0xff,
    0xf6, 0x0, 0x0, 0x0, 0x0, 0x0, 0x2f, 0xff,
    0x61, 0x8d, 0xfe, 0xa2, 0x0, 0x2, 0xff, 0xf8,
    0xef, 0xff, 0xff, 0xe2, 0x0, 0x2f, 0xff, 0xff,
    0xec, 0xff, 0xff, 0xb0, 0x2, 0xff, 0xff, 0x70,
    0x1, 0xef, 0xff, 0x0, 0x2f, 0xff, 0xc0, 0x0,
    0x8, 0xff, 0xf1, 0x2, 0xff, 0xf8, 0x0, 0x0,
    0x7f, 0xff, 0x10, 0x2f, 0xff, 0x70, 0x0, 0x7,
    0xff, 0xf2, 0x2, 0xff, 0xf6, 0x0, 0x0, 0x7f,
    0xff, 0x20, 0x2f, 0xff, 0x60, 0x0, 0x7, 0xff,
    0xf2, 0x2, 0xff, 0xf6, 0x0, 0x0, 0x7f, 0xff,
    0x20, 0x2f, 0xff, 0x60, 0x0, 0x7, 0xff, 0xf2,
    0x2, 0xff, 0xf6, 0x0, 0x0, 0x7f, 0xff, 0x20,
    0x2f, 0xff, 0x60, 0x0, 0x7, 0xff, 0xf2, 0x2,
    0xff, 0xf6, 0x0, 0x0, 0x7f, 0xff, 0x20, 0x0,
    0x0, 0x0, 0x0, 0x7, 0xff, 0xf1, 0x0, 0x0,
    0x0, 0x0, 0x0, 0x9f, 0xff, 0x0, 0x0, 0x0,
    0x0, 0xe, 0xef, 0xff, 0xd0, 0x0, 0x0, 0x0,
    0x2, 0xff, 0xff, 0xf7, 0x0, 0x0, 0x0, 0x0,
    0x3c, 0xef, 0xd7, 0x0,

    /* U+0453 "ѓ" */
    0x0, 0x1, 0xff, 0xfb, 0x0, 0x0, 0x7, 0xff,
    0xc0, 0x0, 0x0, 0xe, 0xfd, 0x10, 0x0, 0x0,
    0x4d, 0xd2, 0x0, 0x0, 0x0, 0x0, 0x0, 0x0,
    0x0, 0x4f, 0xff, 0xff, 0xff, 0xfd, 0x4f, 0xff,
    0xff, 0xff, 0xfd, 0x4f, 0xff, 0xff, 0xff, 0xfc,
    0x4f, 0xff, 0x40, 0x0, 0x0, 0x4f, 0xff, 0x40,
    0x0, 0x0, 0x4f, 0xff, 0x40, 0x0, 0x0, 0x4f,
    0xff, 0x40, 0x0, 0x0, 0x4f, 0xff, 0x40, 0x0,
    0x0, 0x4f, 0xff, 0x40, 0x0, 0x0, 0x4f, 0xff,
    0x40, 0x0, 0x0, 0x4f, 0xff, 0x40, 0x0, 0x0,
    0x4f, 0xff, 0x40, 0x0, 0x0, 0x4f, 0xff, 0x40,
    0x0, 0x0, 0x4f, 0xff, 0x40, 0x0, 0x0,

    /* U+0454 "є" */
    0x0, 0x6, 0xbe, 0xfe, 0xb6, 0x0, 0x0, 0x1c,
    0xff, 0xff, 0xff, 0xfc, 0x10, 0xb, 0xff, 0xff,
    0xdf, 0xff, 0xfa, 0x4, 0xff, 0xfa, 0x0, 0xa,
    0xff, 0xe1, 0xaf, 0xff, 0x10, 0x0, 0x13, 0x0,
    0xd, 0xff, 0xd3, 0x33, 0x10, 0x0, 0x0, 0xff,
    0xff, 0xff, 0xf8, 0x0, 0x0, 0xe, 0xff, 0xff,
    0xff, 0x80, 0x0, 0x0, 0xdf, 0xfe, 0x0, 0x0,
    0x0, 0x0, 0xa, 0xff, 0xf3, 0x0, 0x1, 0xda,
    0x73, 0x5f, 0xff, 0xc1, 0x0, 0xaf, 0xff, 0x50,
    0xcf, 0xff, 0xfd, 0xff, 0xff, 0xc0, 0x1, 0xcf,
    0xff, 0xff, 0xff, 0xd1, 0x0, 0x0, 0x6b, 0xef,
    0xfc, 0x60, 0x0,

    /* U+0455 "ѕ" */
    0x0, 0x6, 0xbe, 0xff, 0xea, 0x40, 0x0, 0x0,
    0xcf, 0xff, 0xff, 0xff, 0xf7, 0x0, 0x8, 0xff,
    0xfc, 0x9a, 0xff, 0xff, 0x30, 0xd, 0xff, 0x80,
    0x0, 0x1e, 0xfc, 0x60, 0xd, 0xff, 0xd5, 0x10,
    0x1, 0x0, 0x0, 0x9, 0xff, 0xff, 0xfc, 0x94,
    0x0, 0x0, 0x1, 0xdf, 0xff, 0xff, 0xff, 0xe7,
    0x0, 0x0, 0x7, 0xdf, 0xff, 0xff, 0xff, 0x90,
    0x0, 0x0, 0x2, 0x6a, 0xef, 0xff, 0xf1, 0x14,
    0x79, 0x30, 0x0, 0x9, 0xff, 0xf2, 0x2f, 0xff,
    0xc0, 0x0, 0x9, 0xff, 0xf1, 0xa, 0xff, 0xfe,
    0xba, 0xdf, 0xff, 0xa0, 0x0, 0xbf, 0xff, 0xff,
    0xff, 0xfc, 0x0, 0x0, 0x5, 0xae, 0xff, 0xeb,
    0x50, 0x0,

    /* U+0456 "і" */
    0x2f, 0xff, 0x72, 0xff, 0xf7, 0x2f, 0xff, 0x70,
    0x55, 0x52, 0x0, 0x0, 0x2, 0xff, 0xf7, 0x2f,
    0xff, 0x72, 0xff, 0xf7, 0x2f, 0xff, 0x72, 0xff,
    0xf7, 0x2f, 0xff, 0x72, 0xff, 0xf7, 0x2f, 0xff,
    0x72, 0xff, 0xf7, 0x2f, 0xff, 0x72, 0xff, 0xf7,
    0x2f, 0xff, 0x72, 0xff, 0xf7, 0x2f, 0xff, 0x70,

    /* U+0457 "ї" */
    0x9f, 0xf7, 0x2, 0xff, 0xe9, 0xff, 0x70, 0x2f,
    0xfe, 0x9f, 0xf7, 0x2, 0xff, 0xe1, 0x11, 0x0,
    0x1, 0x11, 0x0, 0x0, 0x0, 0x0, 0x0, 0x2,
    0xff, 0xf7, 0x0, 0x0, 0x2f, 0xff, 0x70, 0x0,
    0x2, 0xff, 0xf7, 0x0, 0x0, 0x2f, 0xff, 0x70,
    0x0, 0x2, 0xff, 0xf7, 0x0, 0x0, 0x2f, 0xff,
    0x70, 0x0, 0x2, 0xff, 0xf7, 0x0, 0x0, 0x2f,
    0xff, 0x70, 0x0, 0x2, 0xff, 0xf7, 0x0, 0x0,
    0x2f, 0xff, 0x70, 0x0, 0x2, 0xff, 0xf7, 0x0,
    0x0, 0x2f, 0xff, 0x70, 0x0, 0x2, 0xff, 0xf7,
    0x0, 0x0, 0x2f, 0xff, 0x70, 0x0,

    /* U+0458 "ј" */
    0x0, 0x3, 0xff, 0xf5, 0x0, 0x3, 0xff, 0xf5,
    0x0, 0x3, 0xff, 0xf5, 0x0, 0x1, 0x55, 0x52,
    0x0, 0x0, 0x0, 0x0, 0x0, 0x3, 0xff, 0xf5,
    0x0, 0x3, 0xff, 0xf5, 0x0, 0x3, 0xff, 0xf5,
    0x0, 0x3, 0xff, 0xf5, 0x0, 0x3, 0xff, 0xf5,
    0x0, 0x3, 0xff, 0xf5, 0x0, 0x3, 0xff, 0xf5,
    0x0, 0x3, 0xff, 0xf5, 0x0, 0x3, 0xff, 0xf5,
    0x0, 0x3, 0xff, 0xf5, 0x0, 0x3, 0xff, 0xf5,
    0x0, 0x3, 0xff, 0xf5, 0x0, 0x3, 0xff, 0xf5,
    0x0, 0x3, 0xff, 0xf5, 0x0, 0x4, 0xff, 0xf5,
    0x4, 0x6d, 0xff, 0xf3, 0xc, 0xff, 0xff, 0xf1,
    0xf, 0xff, 0xff, 0x90, 0x1c, 0xef, 0xd7, 0x0,

    /* U+0459 "љ" */
    0x0, 0x2f, 0xff, 0xff, 0xff, 0xff, 0xff, 0xc0,
    0x0, 0x0, 0x0, 0x0, 0x0, 0x2, 0xff, 0xff,
    0xff, 0xff, 0xff, 0xfc, 0x0, 0x0, 0x0, 0x0,
    0x0, 0x0, 0x2f, 0xff, 0xff, 0xff, 0xff, 0xff,
    0xc0, 0x0, 0x0, 0x0, 0x0, 0x0, 0x2, 0xff,
    0xf7, 0x0, 0x0, 0xcf, 0xfc, 0x0, 0x0, 0x0,
    0x0, 0x0, 0x0, 0x2f, 0xff, 0x70, 0x0, 0xc,
    0xff, 0xc0, 0x0, 0x0, 0x0, 0x0, 0x0, 0x2,
    0xff, 0xf7, 0x0, 0x0, 0xcf, 0xfc, 0x0, 0x0,
    0x0, 0x0, 0x0, 0x0, 0x2f, 0xff, 0x70, 0x0,
    0xc, 0xff, 0xff, 0xff, 0xff, 0xda, 0x30, 0x0,
    0x2, 0xff, 0xf7, 0x0, 0x0, 0xcf, 0xff, 0xff,
    0xff, 0xff, 0xff, 0x40, 0x0, 0x2f, 0xff, 0x70,
    0x0, 0xc, 0xff, 0xd3, 0x33, 0x48, 0xff, 0xfd,
    0x0, 0x2, 0xff, 0xf6, 0x0, 0x0, 0xcf, 0xfc,
    0x0, 0x0, 0x9, 0xff, 0xf2, 0x0, 0x4f, 0xff,
    0x50, 0x0, 0xc, 0xff, 0xc0, 0x0, 0x0, 0x9f,
    0xff, 0x28, 0xbe, 0xff, 0xf2, 0x0, 0x0, 0xcf,
    0xfd, 0x44, 0x45, 0x7f, 0xff, 0xe0, 0xbf, 0xff,
    0xfb, 0x0, 0x0, 0xc, 0xff, 0xff, 0xff, 0xff,
    0xff, 0xf5, 0xb, 0xff, 0xe9, 0x10, 0x0, 0x0,
    0xcf, 0xff, 0xff, 0xff, 0xfd, 0xa3, 0x0,

    /* U+045A "њ" */
    0x3f, 0xff, 0x50, 0x0, 0x8f, 0xff, 0x0, 0x0,
    0x0, 0x0, 0x0, 0x3f, 0xff, 0x50, 0x0, 0x8f,
    0xff, 0x0, 0x0, 0x0, 0x0, 0x0, 0x3f, 0xff,
    0x50, 0x0, 0x8f, 0xff, 0x0, 0x0, 0x0, 0x0,
    0x0, 0x3f, 0xff, 0x50, 0x0, 0x8f, 0xff, 0x0,
    0x0, 0x0, 0x0, 0x0, 0x3f, 0xff, 0x50, 0x0,
    0x8f, 0xff, 0x0, 0x0, 0x0, 0x0, 0x0, 0x3f,
    0xff, 0xfe, 0xee, 0xff, 0xff, 0xee, 0xee, 0xed,
    0xa4, 0x0, 0x3f, 0xff, 0xff, 0xff, 0xff, 0xff,
    0xff, 0xff, 0xff, 0xff, 0x70, 0x3f, 0xff, 0xff,
    0xff, 0xff, 0xff, 0xff, 0xff, 0xff, 0xff, 0xf1,
    0x3f, 0xff, 0x50, 0x0, 0x8f, 0xff, 0x0, 0x0,
    0x3c, 0xff, 0xf6, 0x3f, 0xff, 0x50, 0x0, 0x8f,
    0xff, 0x0, 0x0, 0x4, 0xff, 0xf7, 0x3f, 0xff,
    0x50, 0x0, 0x8f, 0xff, 0x0, 0x0, 0x5, 0xff,
    0xf6, 0x3f, 0xff, 0x50, 0x0, 0x8f, 0xff, 0x54,
    0x45, 0x7e, 0xff, 0xf3, 0x3f, 0xff, 0x50, 0x0,
    0x8f, 0xff, 0xff, 0xff, 0xff, 0xff, 0xa0, 0x3f,
    0xff, 0x50, 0x0, 0x8f, 0xff, 0xff, 0xff, 0xfe,
    0xc6, 0x0,

    /* U+045B "ћ" */
    0x2, 0xff, 0xf6, 0x0, 0x0, 0x0, 0x0, 0x0,
    0x2f, 0xff, 0x60, 0x0, 0x0, 0x0, 0x0, 0xff,
    0xff, 0xff, 0xff, 0xfc, 0x0, 0x0, 0xe, 0xef,
    0xff, 0xee, 0xee, 0xa0, 0x0, 0x0, 0x2, 0xff,
    0xf6, 0x0, 0x0, 0x0, 0x0, 0x0, 0x2f, 0xff,
    0x61, 0x8d, 0xfe, 0x91, 0x0, 0x2, 0xff, 0xf8,
    0xef, 0xff, 0xff, 0xe2, 0x0, 0x2f, 0xff, 0xff,
    0xec, 0xff, 0xff, 0xa0, 0x2, 0xff, 0xff, 0x70,
    0x1, 0xef, 0xff, 0x0, 0x2f, 0xff, 0xc0, 0x0,
    0x9, 0xff, 0xf1, 0x2, 0xff, 0xf8, 0x0, 0x0,
    0x7f, 0xff, 0x10, 0x2f, 0xff, 0x70, 0x0, 0x7,
    0xff, 0xf2, 0x2, 0xff, 0xf6, 0x0, 0x0, 0x7f,
    0xff, 0x20, 0x2f, 0xff, 0x60, 0x0, 0x7, 0xff,
    0xf2, 0x2, 0xff, 0xf6, 0x0, 0x0, 0x7f, 0xff,
    0x20, 0x2f, 0xff, 0x60, 0x0, 0x7, 0xff, 0xf2,
    0x2, 0xff, 0xf6, 0x0, 0x0, 0x7f, 0xff, 0x20,
    0x2f, 0xff, 0x60, 0x0, 0x7, 0xff, 0xf2, 0x2,
    0xff, 0xf6, 0x0, 0x0, 0x7f, 0xff, 0x20,

    /* U+045C "ќ" */
    0x0, 0x0, 0x8, 0xff, 0xf3, 0x0, 0x0, 0x0,
    0x1, 0xff, 0xf5, 0x0, 0x0, 0x0, 0x0, 0x7f,
    0xf6, 0x0, 0x0, 0x0, 0x0, 0xc, 0xd7, 0x0,
    0x0, 0x0, 0x0, 0x0, 0x0, 0x0, 0x0, 0x0,
    0x4, 0xff, 0xf4, 0x0, 0x2b, 0xef, 0x70, 0x4f,
    0xff, 0x40, 0xd, 0xff, 0xf7, 0x4, 0xff, 0xf4,
    0x5, 0xff, 0xd7, 0x30, 0x4f, 0xff, 0x40, 0xbf,
    0xf2, 0x0, 0x4, 0xff, 0xf4, 0x2f, 0xfc, 0x0,
    0x0, 0x4f, 0xff, 0x9d, 0xff, 0x50, 0x0, 0x4,
    0xff, 0xff, 0xff, 0x80, 0x0, 0x0, 0x4f, 0xff,
    0xff, 0xfe, 0x40, 0x0, 0x4, 0xff, 0xf5, 0x7f,
    0xff, 0x20, 0x0, 0x4f, 0xff, 0x40, 0xcf, 0xfb,
    0x0, 0x4, 0xff, 0xf4, 0x5, 0xff, 0xf3, 0x0,
    0x4f, 0xff, 0x40, 0xe, 0xff, 0xb0, 0x4, 0xff,
    0xf4, 0x0, 0x7f, 0xff, 0x40, 0x4f, 0xff, 0x40,
    0x1, 0xff, 0xfc, 0x0,

    /* U+045D "ѝ" */
    0x0, 0xb, 0xff, 0xf1, 0x0, 0x0, 0x0, 0x0,
    0x0, 0xcf, 0xf8, 0x0, 0x0, 0x0, 0x0, 0x0,
    0x1d, 0xfe, 0x0, 0x0, 0x0, 0x0, 0x0, 0x1,
    0xcd, 0x50, 0x0, 0x0, 0x0, 0x0, 0x0, 0x0,
    0x0, 0x0, 0x0, 0x3f, 0xff, 0x30, 0x0, 0xa,
    0xff, 0xf3, 0x3f, 0xff, 0x30, 0x0, 0x4f, 0xff,
    0xf3, 0x3f, 0xff, 0x30, 0x0, 0xdf, 0xff, 0xf3,
    0x3f, 0xff, 0x30, 0x7, 0xff, 0xff, 0xf3, 0x3f,
    0xff, 0x30, 0x2f, 0xff, 0xff, 0xf3, 0x3f, 0xff,
    0x30, 0xbf, 0xfb, 0xff, 0xf3, 0x3f, 0xff, 0x35,
    0xff, 0xd4, 0xff, 0xf3, 0x3f, 0xff, 0x4e, 0xff,
    0x33, 0xff, 0xf3, 0x3f, 0xff, 0xcf, 0xf9, 0x3,
    0xff, 0xf3, 0x3f, 0xff, 0xff, 0xe1, 0x3, 0xff,
    0xf3, 0x3f, 0xff, 0xff, 0x60, 0x3, 0xff, 0xf3,
    0x3f, 0xff, 0xfc, 0x0, 0x3, 0xff, 0xf3, 0x3f,
    0xff, 0xf2, 0x0, 0x3, 0xff, 0xf3, 0x3f, 0xff,
    0x80, 0x0, 0x3, 0xff, 0xf3,

    /* U+045E "ў" */
    0x0, 0x8, 0xf7, 0x10, 0x2c, 0xf1, 0x0, 0x0,
    0x0, 0x2e, 0xff, 0xff, 0xf9, 0x0, 0x0, 0x0,
    0x0, 0x19, 0xcd, 0xb5, 0x0, 0x0, 0x0, 0x0,
    0x0, 0x0, 0x0, 0x0, 0x0, 0x0, 0x0, 0x0,
    0x0, 0x0, 0x0, 0x0, 0x0, 0xa, 0xff, 0xf2,
    0x0, 0x0, 0xd, 0xff, 0xd0, 0x4f, 0xff, 0x70,
    0x0, 0x2, 0xff, 0xf7, 0x0, 0xdf, 0xfc, 0x0,
    0x0, 0x7f, 0xff, 0x20, 0x7, 0xff, 0xf2, 0x0,
    0xc, 0xff, 0xc0, 0x0, 0x1f, 0xff, 0x70, 0x2,
    0xff, 0xf6, 0x0, 0x0, 0xbf, 0xfd, 0x0, 0x7f,
    0xff, 0x0, 0x0, 0x5, 0xff, 0xf2, 0xc, 0xff,
    0xa0, 0x0, 0x0, 0xf, 0xff, 0x81, 0xff, 0xf4,
    0x0, 0x0, 0x0, 0x9f, 0xfd, 0x7f, 0xfe, 0x0,
    0x0, 0x0, 0x3, 0xff, 0xfe, 0xff, 0x90, 0x0,
    0x0, 0x0, 0xd, 0xff, 0xff, 0xf3, 0x0, 0x0,
    0x0, 0x0, 0x7f, 0xff, 0xfd, 0x0, 0x0, 0x0,
    0x0, 0x1, 0xff, 0xff, 0x70, 0x0, 0x0, 0x0,
    0x0, 0xc, 0xff, 0xf1, 0x0, 0x0, 0x0, 0x0,
    0x1, 0xff, 0xfb, 0x0, 0x0, 0x0, 0x0, 0x1,
    0xbf, 0xff, 0x50, 0x0, 0x0, 0x0, 0xee, 0xff,
    0xff, 0xd0, 0x0, 0x0, 0x0, 0xc, 0xff, 0xff,
    0xf3, 0x0, 0x0, 0x0, 0x0, 0x8e, 0xfd, 0xa3,
    0x0, 0x0, 0x0, 0x0,

    /* U+045F "џ" */
    0x4f, 0xff, 0x40, 0x0, 0x9, 0xff, 0xf4, 0xff,
    0xf4, 0x0, 0x0, 0x9f, 0xff, 0x4f, 0xff, 0x40,
    0x0, 0x9, 0xff, 0xf4, 0xff, 0xf4, 0x0, 0x0,
    0x9f, 0xff, 0x4f, 0xff, 0x40, 0x0, 0x9, 0xff,
    0xf4, 0xff, 0xf4, 0x0, 0x0, 0x9f, 0xff, 0x4f,
    0xff, 0x40, 0x0, 0x9, 0xff, 0xf4, 0xff, 0xf4,
    0x0, 0x0, 0x9f, 0xff, 0x4f, 0xff, 0x40, 0x0,
    0x9, 0xff, 0xf4, 0xff, 0xf4, 0x0, 0x0, 0x9f,
    0xff, 0x4f, 0xff, 0x40, 0x0, 0x9, 0xff, 0xf4,
    0xff, 0xff, 0xee, 0xee, 0xff, 0xff, 0x4f, 0xff,
    0xff, 0xff, 0xff, 0xff, 0xf4, 0xff, 0xff, 0xff,
    0xff, 0xff, 0xff, 0x0, 0x0, 0x9, 0xff, 0x40,
    0x0, 0x0, 0x0, 0x0, 0x9f, 0xf4, 0x0, 0x0,
    0x0, 0x0, 0x9, 0xff, 0x40, 0x0, 0x0, 0x0,
    0x0, 0x48, 0x82, 0x0, 0x0,

    /* U+0460 "Ѡ" */
    0x0, 0x0, 0x4, 0x9d, 0xef, 0xeb, 0x60, 0x0,
    0x0, 0x4a, 0xdf, 0xfd, 0xb5, 0x0, 0x0, 0x0,
    0x0, 0x3, 0xcf, 0xff, 0xff, 0xff, 0xf7, 0x0,
    0x3, 0xff, 0xff, 0xff, 0xff, 0xe5, 0x0, 0x0,
    0x0, 0x4f, 0xff, 0xff, 0xff, 0xff, 0xd0, 0x0,
    0x0, 0x9f, 0xff, 0xff, 0xff, 0xff, 0x80, 0x0,
    0x2, 0xff, 0xff, 0xe8, 0x54, 0x6c, 0x40, 0x0,
    0x0, 0x1c, 0x75, 0x57, 0xdf, 0xff, 0xf5, 0x0,
    0xb, 0xff, 0xfb, 0x10, 0x0, 0x0, 0x0, 0x0,
    0x0, 0x0, 0x0, 0x0, 0x8, 0xff, 0xfe, 0x0,
    0x2f, 0xff, 0xe0, 0x0, 0x0, 0x0, 0x0, 0x0,
    0x0, 0x0, 0x0, 0x0, 0x0, 0xaf, 0xff, 0x70,
    0x8f, 0xff, 0x70, 0x0, 0x0, 0x0, 0x0, 0x0,
    0x0, 0x0, 0x0, 0x0, 0x0, 0x3f, 0xff, 0xc0,
    0xbf, 0xff, 0x20, 0x0, 0x0, 0x0, 0x0, 0x0,
    0x0, 0x0, 0x0, 0x0, 0x0, 0xe, 0xff, 0xf0,
    0xdf, 0xff, 0x0, 0x0, 0x0, 0x0, 0x0, 0x0,
    0x0, 0x0, 0x0, 0x0, 0x0, 0xc, 0xff, 0xf1,
    0xdf, 0xff, 0x0, 0x0, 0x0, 0x0, 0x0, 0x33,
    0x31, 0x0, 0x0, 0x0, 0x0, 0xc, 0xff, 0xf2,
    0xdf, 0xff, 0x10, 0x0, 0x0, 0x0, 0x4, 0xff,
    0xf8, 0x0, 0x0, 0x0, 0x0, 0xd, 0xff, 0xf1,
    0xaf, 0xff, 0x30, 0x0, 0x0, 0x0, 0x4, 0xff,
    0xf8, 0x0, 0x0, 0x0, 0x0, 0xf, 0xff, 0xf0,
    0x7f, 0xff, 0x80, 0x0, 0x0, 0x0, 0x4, 0xff,
    0xf8, 0x0, 0x0, 0x0, 0x0, 0x4f, 0xff, 0xb0,
    0x2f, 0xff, 0xf1, 0x0, 0x0, 0x0, 0x4, 0xff,
    0xf8, 0x0, 0x0, 0x0, 0x0, 0xcf, 0xff, 0x60,
    0xa, 0xff, 0xfc, 0x10, 0x0, 0x0, 0x1a, 0xff,
    0xfd, 0x30, 0x0, 0x0, 0x9, 0xff, 0xfe, 0x0,
    0x2, 0xef, 0xff, 0xe9, 0x54, 0x6a, 0xff, 0xff,
    0xff, 0xfb, 0x64, 0x57, 0xdf, 0xff, 0xf5, 0x0,
    0x0, 0x3f, 0xff, 0xff, 0xff, 0xff, 0xff, 0xff,
    0xff, 0xff, 0xff, 0xff, 0xff, 0xff, 0x70, 0x0,
    0x0, 0x2, 0xcf, 0xff, 0xff, 0xff, 0xff, 0xe8,
    0xcf, 0xff, 0xff, 0xff, 0xff, 0xe5, 0x0, 0x0,
    0x0, 0x0, 0x3, 0x9c, 0xff, 0xec, 0x94, 0x0,
    0x3, 0x8c, 0xef, 0xfd, 0xa5, 0x0, 0x0, 0x0,

    /* U+0461 "ѡ" */
    0xbf, 0xff, 0x0, 0xf, 0xff, 0xb0, 0x0, 0x0,
    0x9f, 0xff, 0xa, 0xff, 0xf0, 0x0, 0xef, 0xfc,
    0x0, 0x0, 0xe, 0xff, 0xa0, 0x8f, 0xff, 0x20,
    0xc, 0xff, 0xd0, 0x0, 0x5, 0xff, 0xf4, 0x4,
    0xff, 0xf4, 0x0, 0x8f, 0xff, 0x0, 0x0, 0xaf,
    0xfd, 0x0, 0xf, 0xff, 0x80, 0x3, 0xff, 0xf4,
    0x0, 0xf, 0xff, 0x70, 0x0, 0xaf, 0xfe, 0x0,
    0x1f, 0xff, 0x90, 0x5, 0xff, 0xf1, 0x0, 0x3,
    0xff, 0xf4, 0x7, 0xff, 0xff, 0x0, 0xbf, 0xfb,
    0x0, 0x0, 0xd, 0xff, 0xb0, 0xcf, 0xff, 0xf6,
    0x1f, 0xff, 0x50, 0x0, 0x0, 0x6f, 0xff, 0x3f,
    0xff, 0xff, 0xd6, 0xff, 0xe0, 0x0, 0x0, 0x0,
    0xef, 0xfe, 0xff, 0xff, 0xff, 0xef, 0xf9, 0x0,
    0x0, 0x0, 0x8, 0xff, 0xff, 0xf8, 0xdf, 0xff,
    0xff, 0x30, 0x0, 0x0, 0x0, 0x2f, 0xff, 0xff,
    0x26, 0xff, 0xff, 0xd0, 0x0, 0x0, 0x0, 0x0,
    0xbf, 0xff, 0xb0, 0xe, 0xff, 0xf6, 0x0, 0x0,
    0x0, 0x0, 0x4, 0xff, 0xf5, 0x0, 0x8f, 0xff,
    0x10, 0x0, 0x0,

    /* U+0462 "Ѣ" */
    0x0, 0x0, 0x2, 0xff, 0xfa, 0x0, 0x0, 0x0,
    0x0, 0x0, 0x0, 0x0, 0x0, 0x2, 0xff, 0xfa,
    0x0, 0x0, 0x0, 0x0, 0x0, 0x0, 0x0, 0x0,
    0x2, 0xff, 0xfa, 0x0, 0x0, 0x0, 0x0, 0x0,
    0x0, 0xaf, 0xff, 0xff, 0xff, 0xff, 0xff, 0xff,
    0xf3, 0x0, 0x0, 0x0, 0xaf, 0xff, 0xff, 0xff,
    0xff, 0xff, 0xff, 0xf3, 0x0, 0x0, 0x0, 0x46,
    0x66, 0x67, 0xff, 0xfc, 0x66, 0x66, 0x61, 0x0,
    0x0, 0x0, 0x0, 0x0, 0x2, 0xff, 0xfa, 0x0,
    0x0, 0x0, 0x0, 0x0, 0x0, 0x0, 0x0, 0x2,
    0xff, 0xfb, 0x22, 0x22, 0x21, 0x0, 0x0, 0x0,
    0x0, 0x0, 0x2, 0xff, 0xff, 0xff, 0xff, 0xff,
    0xfc, 0x60, 0x0, 0x0, 0x0, 0x2, 0xff, 0xff,
    0xff, 0xff, 0xff, 0xff, 0xfb, 0x0, 0x0, 0x0,
    0x2, 0xff, 0xff, 0xff, 0xff, 0xff, 0xff, 0xff,
    0x90, 0x0, 0x0, 0x2, 0xff, 0xfa, 0x0, 0x0,
    0x3, 0x9f, 0xff, 0xf1, 0x0, 0x0, 0x2, 0xff,
    0xfa, 0x0, 0x0, 0x0, 0xb, 0xff, 0xf5, 0x0,
    0x0, 0x2, 0xff, 0xfa, 0x0, 0x0, 0x0, 0x8,
    0xff, 0xf6, 0x0, 0x0, 0x2, 0xff, 0xfa, 0x0,
    0x0, 0x0, 0xc, 0xff, 0xf4, 0x0, 0x0, 0x2,
    0xff, 0xfb, 0x22, 0x22, 0x35, 0xbf, 0xff, 0xf0,
    0x0, 0x0, 0x2, 0xff, 0xff, 0xff, 0xff, 0xff,
    0xff, 0xff, 0x80, 0x0, 0x0, 0x2, 0xff, 0xff,
    0xff, 0xff, 0xff, 0xff, 0xfb, 0x0, 0x0, 0x0,
    0x2, 0xff, 0xff, 0xff, 0xff, 0xff, 0xeb, 0x50,
    0x0,

    /* U+0463 "ѣ" */
    0x0, 0x0, 0xcf, 0xfc, 0x0, 0x0, 0x0, 0x0,
    0x0, 0x0, 0x0, 0xcf, 0xfc, 0x0, 0x0, 0x0,
    0x0, 0x0, 0x0, 0x0, 0xcf, 0xfc, 0x0, 0x0,
    0x0, 0x0, 0x0, 0x0, 0x0, 0xcf, 0xfc, 0x0,
    0x0, 0x0, 0x0, 0x0, 0x0, 0x0, 0xcf, 0xfc,
    0x0, 0x0, 0x0, 0x0, 0x0, 0xaf, 0xff, 0xff,
    0xff, 0xff, 0xfb, 0x0, 0x0, 0x0, 0xaf, 0xff,
    0xff, 0xff, 0xff, 0xfb, 0x0, 0x0, 0x0, 0x46,
    0x66, 0xdf, 0xfe, 0x66, 0x64, 0x0, 0x0, 0x0,
    0x0, 0x0, 0xcf, 0xfc, 0x0, 0x0, 0x0, 0x0,
    0x0, 0x0, 0x0, 0xcf, 0xfc, 0x0, 0x0, 0x0,
    0x0, 0x0, 0x0, 0x0, 0xcf, 0xfc, 0x0, 0x0,
    0x0, 0x0, 0x0, 0x0, 0x0, 0xcf, 0xff, 0xff,
    0xff, 0xfe, 0xa3, 0x0, 0x0, 0x0, 0xcf, 0xff,
    0xff, 0xff, 0xff, 0xff, 0x50, 0x0, 0x0, 0xcf,
    0xfd, 0x33, 0x34, 0x8f, 0xff, 0xe0, 0x0, 0x0,
    0xcf, 0xfc, 0x0, 0x0, 0x8, 0xff, 0xf2, 0x0,
    0x0, 0xcf, 0xfc, 0x0, 0x0, 0x9, 0xff, 0xf3,
    0x0, 0x0, 0xcf, 0xfd, 0x44, 0x45, 0x8f, 0xff,
    0xf0, 0x0, 0x0, 0xcf, 0xff, 0xff, 0xff, 0xff,
    0xff, 0x60, 0x0, 0x0, 0xcf, 0xff, 0xff, 0xff,
    0xfe, 0xa3, 0x0,

    /* U+0464 "Ѥ" */
    0x3f, 0xff, 0x80, 0x0, 0x0, 0x1, 0x7c, 0xef,
    0xfd, 0x93, 0x0, 0x0, 0x3f, 0xff, 0x80, 0x0,
    0x0, 0x7f, 0xff, 0xff, 0xff, 0xff, 0xa0, 0x0,
    0x3f, 0xff, 0x80, 0x0, 0x9, 0xff, 0xff, 0xff,
    0xff, 0xff, 0xfb, 0x0, 0x3f, 0xff, 0x80, 0x0,
    0x6f, 0xff, 0xfc, 0x65, 0x7d, 0xff, 0xff, 0x70,
    0x3f, 0xff, 0x80, 0x0, 0xef, 0xff, 0x70, 0x0,
    0x0, 0x8f, 0xff, 0xe0, 0x3f, 0xff, 0x80, 0x6,
    0xff, 0xfb, 0x0, 0x0, 0x0, 0xd, 0xfb, 0x80,
    0x3f, 0xff, 0x80, 0xa, 0xff, 0xf4, 0x0, 0x0,
    0x0, 0x1, 0x0, 0x0, 0x3f, 0xff, 0x92, 0x2e,
    0xff, 0xf3, 0x22, 0x22, 0x20, 0x0, 0x0, 0x0,
    0x3f, 0xff, 0xff, 0xff, 0xff, 0xff, 0xff, 0xff,
    0xc0, 0x0, 0x0, 0x0, 0x3f, 0xff, 0xff, 0xff,
    0xff, 0xff, 0xff, 0xff, 0xc0, 0x0, 0x0, 0x0,
    0x3f, 0xff, 0xff, 0xff, 0xff, 0xff, 0xff, 0xff,
    0xc0, 0x0, 0x0, 0x0, 0x3f, 0xff, 0x80, 0xd,
    0xff, 0xf1, 0x0, 0x0, 0x0, 0x0, 0x0, 0x0,
    0x3f, 0xff, 0x80, 0xa, 0xff, 0xf5, 0x0, 0x0,
    0x0, 0xa, 0xc7, 0x30, 0x3f, 0xff, 0x80, 0x5,
    0xff, 0xfc, 0x0, 0x0, 0x0, 0x1f, 0xff, 0xf1,
    0x3f, 0xff, 0x80, 0x0, 0xef, 0xff, 0x60, 0x0,
    0x0, 0xbf, 0xff, 0xc0, 0x3f, 0xff, 0x80, 0x0,
    0x6f, 0xff, 0xfa, 0x54, 0x6c, 0xff, 0xff, 0x40,
    0x3f, 0xff, 0x80, 0x0, 0xa, 0xff, 0xff, 0xff,
    0xff, 0xff, 0xf8, 0x0, 0x3f, 0xff, 0x80, 0x0,
    0x0, 0x8f, 0xff, 0xff, 0xff, 0xff, 0x70, 0x0,
    0x3f, 0xff, 0x80, 0x0, 0x0, 0x2, 0x8c, 0xef,
    0xfc, 0x82, 0x0, 0x0,

    /* U+0465 "ѥ" */
    0x2f, 0xff, 0x70, 0x0, 0x3, 0xae, 0xfe, 0xd8,
    0x10, 0x2, 0xff, 0xf7, 0x0, 0x9, 0xff, 0xff,
    0xff, 0xff, 0x30, 0x2f, 0xff, 0x70, 0x7, 0xff,
    0xff, 0xde, 0xff, 0xff, 0x12, 0xff, 0xf7, 0x0,
    0xff, 0xfe, 0x20, 0x6, 0xff, 0xf6, 0x2f, 0xff,
    0x70, 0x5f, 0xff, 0x50, 0x0, 0x3, 0x10, 0x2,
    0xff, 0xf8, 0x39, 0xff, 0xf5, 0x33, 0x30, 0x0,
    0x0, 0x2f, 0xff, 0xff, 0xff, 0xff, 0xff, 0xfd,
    0x0, 0x0, 0x2, 0xff, 0xff, 0xff, 0xff, 0xff,
    0xff, 0xd0, 0x0, 0x0, 0x2f, 0xff, 0x70, 0x8f,
    0xff, 0x40, 0x0, 0x0, 0x0, 0x2, 0xff, 0xf7,
    0x5, 0xff, 0xf8, 0x0, 0x0, 0xab, 0x85, 0x2f,
    0xff, 0x70, 0xf, 0xff, 0xf4, 0x0, 0x5f, 0xff,
    0xa2, 0xff, 0xf7, 0x0, 0x7f, 0xff, 0xfe, 0xef,
    0xff, 0xf2, 0x2f, 0xff, 0x70, 0x0, 0x9f, 0xff,
    0xff, 0xff, 0xf4, 0x2, 0xff, 0xf7, 0x0, 0x0,
    0x4a, 0xef, 0xfd, 0x92, 0x0,

    /* U+0466 "Ѧ" */
    0x0, 0x0, 0x0, 0x8f, 0xff, 0xd0, 0x0, 0x0,
    0x0, 0x0, 0x0, 0x0, 0xdf, 0xff, 0xf3, 0x0,
    0x0, 0x0, 0x0, 0x0, 0x3, 0xff, 0xff, 0xf8,
    0x0, 0x0, 0x0, 0x0, 0x0, 0x8, 0xff, 0xff,
    0xfe, 0x0, 0x0, 0x0, 0x0, 0x0, 0xe, 0xff,
    0xff, 0xff, 0x30, 0x0, 0x0, 0x0, 0x0, 0x4f,
    0xff, 0xaf, 0xff, 0x90, 0x0, 0x0, 0x0, 0x0,
    0x9f, 0xff, 0x1e, 0xff, 0xe0, 0x0, 0x0, 0x0,
    0x0, 0xef, 0xfb, 0x9, 0xff, 0xf4, 0x0, 0x0,
    0x0, 0x5, 0xff, 0xf6, 0x4, 0xff, 0xfa, 0x0,
    0x0, 0x0, 0xa, 0xff, 0xfa, 0x99, 0xff, 0xff,
    0x0, 0x0, 0x0, 0xf, 0xff, 0xff, 0xff, 0xff,
    0xff, 0x50, 0x0, 0x0, 0x5f, 0xff, 0xff, 0xff,
    0xff, 0xff, 0xb0, 0x0, 0x0, 0xbf, 0xff, 0x2d,
    0xff, 0x1e, 0xff, 0xf1, 0x0, 0x1, 0xff, 0xfb,
    0xd, 0xff, 0x9, 0xff, 0xf6, 0x0, 0x6, 0xff,
    0xf6, 0xd, 0xff, 0x3, 0xff, 0xfc, 0x0, 0xc,
    0xff, 0xf1, 0xd, 0xff, 0x0, 0xef, 0xff, 0x10,
    0x2f, 0xff, 0xc0, 0xd, 0xff, 0x0, 0x9f, 0xff,
    0x70, 0x7f, 0xff, 0x70, 0xd, 0xff, 0x0, 0x3f,
    0xff, 0xc0, 0xdf, 0xff, 0x20, 0xd, 0xff, 0x0,
    0xe, 0xff, 0xf2,

    /* U+0467 "ѧ" */
    0x0, 0x0, 0x9, 0xff, 0xe0, 0x0, 0x0, 0x0,
    0x0, 0x0, 0xff, 0xff, 0x50, 0x0, 0x0, 0x0,
    0x0, 0x6f, 0xff, 0xfb, 0x0, 0x0, 0x0, 0x0,
    0xc, 0xff, 0xff, 0xf2, 0x0, 0x0, 0x0, 0x2,
    0xff, 0xfe, 0xff, 0x80, 0x0, 0x0, 0x0, 0x8f,
    0xfd, 0x8f, 0xfe, 0x0, 0x0, 0x0, 0xe, 0xff,
    0x82, 0xff, 0xf4, 0x0, 0x0, 0x5, 0xff, 0xfc,
    0xbf, 0xff, 0xa0, 0x0, 0x0, 0xbf, 0xff, 0xff,
    0xff, 0xff, 0x10, 0x0, 0x1f, 0xff, 0x6f, 0xf6,
    0xff, 0xf6, 0x0, 0x8, 0xff, 0xf1, 0xff, 0x4b,
    0xff, 0xc0, 0x0, 0xef, 0xfb, 0xf, 0xf4, 0x5f,
    0xff, 0x20, 0x4f, 0xff, 0x60, 0xff, 0x40, 0xff,
    0xf9, 0xa, 0xff, 0xf1, 0xf, 0xf4, 0xb, 0xff,
    0xe0,

    /* U+0468 "Ѩ" */
    0x3f, 0xff, 0x80, 0x0, 0x0, 0x0, 0xcf, 0xff,
    0x90, 0x0, 0x0, 0x0, 0x3f, 0xff, 0x80, 0x0,
    0x0, 0x2, 0xff, 0xff, 0xe0, 0x0, 0x0, 0x0,
    0x3f, 0xff, 0x80, 0x0, 0x0, 0x7, 0xff, 0xff,
    0xf4, 0x0, 0x0, 0x0, 0x3f, 0xff, 0x80, 0x0,
    0x0, 0xd, 0xff, 0xff, 0xfa, 0x0, 0x0, 0x0,
    0x3f, 0xff, 0x80, 0x0, 0x0, 0x2f, 0xff, 0xff,
    0xff, 0x0, 0x0, 0x0, 0x3f, 0xff, 0x80, 0x0,
    0x0, 0x8f, 0xff, 0xaf, 0xff, 0x50, 0x0, 0x0,
    0x3f, 0xff, 0x80, 0x0, 0x0, 0xdf, 0xfc, 0x3f,
    0xff, 0xa0, 0x0, 0x0, 0x3f, 0xff, 0x80, 0x0,
    0x3, 0xff, 0xf7, 0xe, 0xff, 0xf0, 0x0, 0x0,
    0x3f, 0xff, 0x80, 0x0, 0x9, 0xff, 0xf2, 0x8,
    0xff, 0xf6, 0x0, 0x0, 0x3f, 0xff, 0xc9, 0x99,
    0x9e, 0xff, 0xf9, 0x9b, 0xff, 0xfb, 0x0, 0x0,
    0x3f, 0xff, 0xff, 0xff, 0xff, 0xff, 0xff, 0xff,
    0xff, 0xff, 0x10, 0x0, 0x3f, 0xff, 0xff, 0xff,
    0xff, 0xff, 0xff, 0xff, 0xff, 0xff, 0x60, 0x0,
    0x3f, 0xff, 0x91, 0x12, 0xff, 0xfc, 0x3f, 0xfb,
    0x3f, 0xff, 0xc0, 0x0, 0x3f, 0xff, 0x80, 0x5,
    0xff, 0xf7, 0x2f, 0xfa, 0xd, 0xff, 0xf2, 0x0,
    0x3f, 0xff, 0x80, 0xb, 0xff, 0xf2, 0x2f, 0xfa,
    0x8, 0xff, 0xf7, 0x0, 0x3f, 0xff, 0x80, 0x1f,
    0xff, 0xd0, 0x2f, 0xfa, 0x2, 0xff, 0xfd, 0x0,
    0x3f, 0xff, 0x80, 0x6f, 0xff, 0x80, 0x2f, 0xfa,
    0x0, 0xdf, 0xff, 0x20, 0x3f, 0xff, 0x80, 0xbf,
    0xff, 0x30, 0x2f, 0xfa, 0x0, 0x8f, 0xff, 0x80,
    0x3f, 0xff, 0x81, 0xff, 0xfe, 0x0, 0x2f, 0xfa,
    0x0, 0x2f, 0xff, 0xe0,

    /* U+0469 "ѩ" */
    0x2f, 0xff, 0x70, 0x0, 0x0, 0x4f, 0xff, 0x50,
    0x0, 0x0, 0x2f, 0xff, 0x70, 0x0, 0x0, 0xaf,
    0xff, 0xb0, 0x0, 0x0, 0x2f, 0xff, 0x70, 0x0,
    0x0, 0xff, 0xff, 0xf1, 0x0, 0x0, 0x2f, 0xff,
    0x70, 0x0, 0x6, 0xff, 0xff, 0xf7, 0x0, 0x0,
    0x2f, 0xff, 0x70, 0x0, 0xc, 0xff, 0xef, 0xfd,
    0x0, 0x0, 0x2f, 0xff, 0x70, 0x0, 0x2f, 0xff,
    0x5f, 0xff, 0x30, 0x0, 0x2f, 0xff, 0x70, 0x0,
    0x8f, 0xfd, 0xd, 0xff, 0x90, 0x0, 0x2f, 0xff,
    0xdb, 0xbb, 0xef, 0xfe, 0xbe, 0xff, 0xf0, 0x0,
    0x2f, 0xff, 0xff, 0xff, 0xff, 0xff, 0xff, 0xff,
    0xf6, 0x0, 0x2f, 0xff, 0x71, 0x1e, 0xff, 0xba,
    0xfb, 0xbf, 0xfc, 0x0, 0x2f, 0xff, 0x70, 0x3f,
    0xff, 0x6a, 0xfa, 0x5f, 0xff, 0x20, 0x2f, 0xff,
    0x70, 0x9f, 0xff, 0x1a, 0xfa, 0xf, 0xff, 0x80,
    0x2f, 0xff, 0x70, 0xef, 0xfb, 0xa, 0xfa, 0xa,
    0xff, 0xe0, 0x2f, 0xff, 0x75, 0xff, 0xf6, 0xa,
    0xfa, 0x5, 0xff, 0xf4,

    /* U+046A "Ѫ" */
    0xd, 0xff, 0xff, 0xff, 0xff, 0xff, 0xff, 0xff,
    0xfd, 0x0, 0x3f, 0xff, 0xff, 0xff, 0xff, 0xff,
    0xff, 0xff, 0x40, 0x0, 0x9f, 0xff, 0xff, 0xff,
    0xff, 0xff, 0xff, 0x90, 0x0, 0x0, 0xef, 0xff,
    0x63, 0x33, 0x4f, 0xff, 0xe1, 0x0, 0x0, 0x4,
    0xff, 0xfc, 0x0, 0x9, 0xff, 0xf5, 0x0, 0x0,
    0x0, 0xa, 0xff, 0xf5, 0x2, 0xff, 0xfa, 0x0,
    0x0, 0x0, 0x0, 0x1e, 0xff, 0xd0, 0xbf, 0xff,
    0x10, 0x0, 0x0, 0x0, 0x0, 0x7f, 0xff, 0xaf,
    0xff, 0x80, 0x0, 0x0, 0x0, 0x8, 0xef, 0xff,
    0xff, 0xff, 0xff, 0xe8, 0x10, 0x0, 0x1d, 0xff,
    0xff, 0xff, 0xff, 0xff, 0xff, 0xfd, 0x10, 0xc,
    0xff, 0xff, 0xfe, 0xff, 0xfe, 0xff, 0xff, 0xfc,
    0x4, 0xff, 0xff, 0x60, 0x5f, 0xff, 0x60, 0x5f,
    0xff, 0xf4, 0x9f, 0xff, 0x70, 0x5, 0xff, 0xf6,
    0x0, 0x7f, 0xff, 0x9c, 0xff, 0xf1, 0x0, 0x5f,
    0xff, 0x60, 0x1, 0xff, 0xfc, 0xdf, 0xff, 0x0,
    0x5, 0xff, 0xf6, 0x0, 0xe, 0xff, 0xee, 0xff,
    0xd0, 0x0, 0x5f, 0xff, 0x60, 0x0, 0xdf, 0xfe,
    0xef, 0xfd, 0x0, 0x5, 0xff, 0xf6, 0x0, 0xc,
    0xff, 0xfe, 0xff, 0xd0, 0x0, 0x5f, 0xff, 0x60,
    0x0, 0xcf, 0xff, 0xef, 0xfd, 0x0, 0x5, 0xff,
    0xf6, 0x0, 0xc, 0xff, 0xf0,

    /* U+046B "ѫ" */
    0x0, 0xdf, 0xff, 0xff, 0xff, 0xff, 0xff, 0xf6,
    0x0, 0x0, 0x4f, 0xff, 0xff, 0xff, 0xff, 0xff,
    0xc0, 0x0, 0x0, 0xa, 0xff, 0xff, 0xff, 0xff,
    0xff, 0x30, 0x0, 0x0, 0x1, 0xff, 0xf7, 0x0,
    0xdf, 0xf9, 0x0, 0x0, 0x0, 0x0, 0x7f, 0xfe,
    0x6, 0xff, 0xe1, 0x0, 0x0, 0x0, 0x0, 0xd,
    0xff, 0x7e, 0xff, 0x60, 0x0, 0x0, 0x0, 0x2,
    0x8e, 0xff, 0xff, 0xff, 0xb6, 0x0, 0x0, 0x0,
    0x6f, 0xff, 0xff, 0xff, 0xff, 0xff, 0xd2, 0x0,
    0x5, 0xff, 0xff, 0xff, 0xff, 0xff, 0xff, 0xfe,
    0x10, 0xe, 0xff, 0xf7, 0x1f, 0xff, 0x93, 0xcf,
    0xff, 0x80, 0x4f, 0xff, 0x80, 0xf, 0xff, 0x90,
    0xe, 0xff, 0xd0, 0x6f, 0xff, 0x30, 0xf, 0xff,
    0x90, 0x9, 0xff, 0xf0, 0x7f, 0xff, 0x10, 0xf,
    0xff, 0x90, 0x8, 0xff, 0xf0, 0x7f, 0xff, 0x10,
    0xf, 0xff, 0x90, 0x7, 0xff, 0xf1,

    /* U+046C "Ѭ" */
    0x3f, 0xff, 0x80, 0x0, 0xdf, 0xff, 0xff, 0xff,
    0xff, 0xff, 0xff, 0xff, 0xd0, 0x3f, 0xff, 0x80,
    0x0, 0x4f, 0xff, 0xff, 0xff, 0xff, 0xff, 0xff,
    0xff, 0x40, 0x3f, 0xff, 0x80, 0x0, 0xa, 0xff,
    0xff, 0xff, 0xff, 0xff, 0xff, 0xfa, 0x0, 0x3f,
    0xff, 0x80, 0x0, 0x1, 0xef, 0xff, 0x63, 0x33,
    0x4f, 0xff, 0xe1, 0x0, 0x3f, 0xff, 0x80, 0x0,
    0x0, 0x6f, 0xff, 0xb0, 0x0, 0x9f, 0xff, 0x60,
    0x0, 0x3f, 0xff, 0x80, 0x0, 0x0, 0xc, 0xff,
    0xf4, 0x2, 0xff, 0xfc, 0x0, 0x0, 0x3f, 0xff,
    0x80, 0x0, 0x0, 0x2, 0xff, 0xfd, 0xb, 0xff,
    0xf2, 0x0, 0x0, 0x3f, 0xff, 0x80, 0x0, 0x0,
    0x0, 0x8f, 0xff, 0x9f, 0xff, 0x80, 0x0, 0x0,
    0x3f, 0xff, 0xff, 0xff, 0xff, 0xff, 0xff, 0xff,
    0xff, 0xff, 0xfd, 0x70, 0x0, 0x3f, 0xff, 0xff,
    0xff, 0xff, 0xff, 0xff, 0xff, 0xff, 0xff, 0xff,
    0xfd, 0x10, 0x3f, 0xff, 0xfe, 0xee, 0xff, 0xff,
    0xff, 0xff, 0xff, 0xff, 0xff, 0xff, 0xb0, 0x3f,
    0xff, 0x80, 0x4, 0xff, 0xff, 0x71, 0x6f, 0xff,
    0x50, 0x6f, 0xff, 0xf4, 0x3f, 0xff, 0x80, 0x9,
    0xff, 0xf7, 0x0, 0x6f, 0xff, 0x50, 0x8, 0xff,
    0xf9, 0x3f, 0xff, 0x80, 0xc, 0xff, 0xf1, 0x0,
    0x6f, 0xff, 0x50, 0x2, 0xff, 0xfc, 0x3f, 0xff,
    0x80, 0xe, 0xff, 0xe0, 0x0, 0x6f, 0xff, 0x50,
    0x0, 0xff, 0xfd, 0x3f, 0xff, 0x80, 0xe, 0xff,
    0xd0, 0x0, 0x6f, 0xff, 0x50, 0x0, 0xef, 0xfe,
    0x3f, 0xff, 0x80, 0xf, 0xff, 0xd0, 0x0, 0x6f,
    0xff, 0x50, 0x0, 0xdf, 0xfe, 0x3f, 0xff, 0x80,
    0xf, 0xff, 0xd0, 0x0, 0x6f, 0xff, 0x50, 0x0,
    0xdf, 0xfe, 0x3f, 0xff, 0x80, 0xf, 0xff, 0xd0,
    0x0, 0x6f, 0xff, 0x50, 0x0, 0xdf, 0xfe,

    /* U+046D "ѭ" */
    0x2f, 0xff, 0x70, 0x1, 0xef, 0xff, 0xff, 0xff,
    0xff, 0xff, 0xf5, 0x2, 0xff, 0xf7, 0x0, 0x5,
    0xff, 0xff, 0xff, 0xff, 0xff, 0xfb, 0x0, 0x2f,
    0xff, 0x70, 0x0, 0xb, 0xff, 0xff, 0xff, 0xff,
    0xff, 0x20, 0x2, 0xff, 0xf7, 0x0, 0x0, 0x2f,
    0xff, 0x60, 0x1e, 0xff, 0x70, 0x0, 0x2f, 0xff,
    0x70, 0x0, 0x0, 0x8f, 0xfd, 0x8, 0xff, 0xd0,
    0x0, 0x2, 0xff, 0xf7, 0x0, 0x0, 0x0, 0xdf,
    0xf8, 0xff, 0xf3, 0x0, 0x0, 0x2f, 0xff, 0xff,
    0xff, 0xff, 0xff, 0xff, 0xff, 0xff, 0xd8, 0x0,
    0x2, 0xff, 0xff, 0xff, 0xff, 0xff, 0xff, 0xff,
    0xff, 0xff, 0xfe, 0x20, 0x2f, 0xff, 0x83, 0x3b,
    0xff, 0xff, 0xef, 0xff, 0xef, 0xff, 0xfe, 0x2,
    0xff, 0xf7, 0x1, 0xff, 0xfe, 0x31, 0xff, 0xf7,
    0x1b, 0xff, 0xf7, 0x2f, 0xff, 0x70, 0x5f, 0xff,
    0x50, 0x1f, 0xff, 0x70, 0xf, 0xff, 0xc2, 0xff,
    0xf7, 0x8, 0xff, 0xf1, 0x1, 0xff, 0xf7, 0x0,
    0xbf, 0xfe, 0x2f, 0xff, 0x70, 0x9f, 0xff, 0x0,
    0x1f, 0xff, 0x70, 0x9, 0xff, 0xf2, 0xff, 0xf7,
    0x9, 0xff, 0xf0, 0x1, 0xff, 0xf7, 0x0, 0x9f,
    0xff,

    /* U+046E "Ѯ" */
    0x0, 0x4, 0xfe, 0x0, 0x3, 0xdf, 0xa0, 0x0,
    0x0, 0x0, 0xcf, 0x60, 0xe, 0xfa, 0x90, 0x0,
    0x0, 0x0, 0x5f, 0xc0, 0x7f, 0xb0, 0x0, 0x0,
    0x0, 0x0, 0xe, 0xf4, 0xef, 0x30, 0x0, 0x0,
    0x0, 0x0, 0x2b, 0xff, 0xfe, 0x40, 0x0, 0x0,
    0x0, 0x1a, 0xff, 0xff, 0xff, 0xfd, 0x30, 0x0,
    0x0, 0xdf, 0xff, 0xff, 0xff, 0xff, 0xf3, 0x0,
    0x8, 0xff, 0xff, 0x97, 0x9f, 0xff, 0xfd, 0x0,
    0xe, 0xff, 0xf4, 0x0, 0x2, 0xff, 0xff, 0x10,
    0x2, 0x6a, 0x90, 0x0, 0x0, 0xaf, 0xff, 0x20,
    0x0, 0x0, 0x0, 0x0, 0x0, 0x9f, 0xff, 0x0,
    0x0, 0x0, 0x0, 0x0, 0x0, 0xef, 0xf9, 0x0,
    0x0, 0x0, 0x0, 0x1, 0x4c, 0xff, 0xd0, 0x0,
    0x0, 0x0, 0x0, 0x8f, 0xff, 0xfa, 0x0, 0x0,
    0x0, 0x0, 0x0, 0x8f, 0xff, 0xff, 0x80, 0x0,
    0x0, 0x0, 0x0, 0x7e, 0xff, 0xff, 0xfb, 0x0,
    0x0, 0x0, 0x0, 0x0, 0x4, 0xdf, 0xff, 0x50,
    0x0, 0x0, 0x0, 0x0, 0x0, 0x4f, 0xff, 0xb0,
    0x0, 0x0, 0x0, 0x0, 0x0, 0xf, 0xff, 0xd0,
    0x0, 0x0, 0x0, 0x0, 0x0, 0x4f, 0xff, 0xc0,
    0x0, 0x0, 0x0, 0x0, 0x27, 0xff, 0xff, 0x80,
    0x0, 0x17, 0xbd, 0xef, 0xff, 0xff, 0xfe, 0x10,
    0x3, 0xef, 0xff, 0xff, 0xff, 0xff, 0xd3, 0x0,
    0xc, 0xff, 0xff, 0xff, 0xec, 0x95, 0x0, 0x0,
    0xf, 0xff, 0xc1, 0x0, 0x0, 0x0, 0x0, 0x0,
    0xf, 0xff, 0xc3, 0x14, 0x7b, 0xef, 0xc5, 0x0,
    0xc, 0xff, 0xff, 0xff, 0xff, 0xff, 0xff, 0x50,
    0x3, 0xef, 0xff, 0xff, 0xff, 0xff, 0xff, 0xe0,
    0x0, 0x18, 0xdf, 0xfc, 0x94, 0x19, 0xff, 0xf2,

    /* U+046F "ѯ" */
    0x0, 0xaf, 0x80, 0x0, 0x7e, 0xe6, 0x0, 0x3,
    0xfe, 0x0, 0x4f, 0xeb, 0x40, 0x0, 0xc, 0xf6,
    0xd, 0xf5, 0x0, 0x0, 0x0, 0x5f, 0xd5, 0xfd,
    0x0, 0x0, 0x0, 0x0, 0xef, 0xef, 0x70, 0x0,
    0x0, 0x6, 0xff, 0xff, 0xff, 0xb1, 0x0, 0x6,
    0xff, 0xff, 0xff, 0xff, 0xc0, 0x0, 0xef, 0xfb,
    0x20, 0x9f, 0xff, 0x30, 0x4, 0x8b, 0x10, 0x0,
    0xff, 0xf4, 0x0, 0x0, 0x0, 0x0, 0x2f, 0xff,
    0x20, 0x0, 0x0, 0x3, 0x7e, 0xff, 0x80, 0x0,
    0x0, 0x0, 0x8f, 0xff, 0x70, 0x0, 0x0, 0x0,
    0x8, 0xff, 0xff, 0x80, 0x0, 0x0, 0x0, 0x0,
    0x5f, 0xff, 0x70, 0x0, 0x0, 0x0, 0x0, 0xbf,
    0xfc, 0x0, 0x0, 0x0, 0x0, 0xc, 0xff, 0xe0,
    0x0, 0x2, 0x57, 0x8c, 0xff, 0xfa, 0x0, 0x1b,
    0xff, 0xff, 0xff, 0xfe, 0x20, 0xc, 0xff, 0xff,
    0xfe, 0xc7, 0x10, 0x1, 0xff, 0xfc, 0x10, 0x0,
    0x0, 0x0, 0x2f, 0xff, 0xa0, 0x4, 0x8a, 0x82,
    0x0, 0xef, 0xff, 0xef, 0xff, 0xff, 0xf2, 0x6,
    0xff, 0xff, 0xff, 0xff, 0xff, 0x90, 0x4, 0xce,
    0xfc, 0x82, 0x7f, 0xfc,

    /* U+0470 "Ѱ" */
    0xcf, 0xff, 0x0, 0x5, 0xff, 0xf6, 0x0, 0xc,
    0xff, 0xf8, 0xff, 0xf3, 0x0, 0x5f, 0xff, 0x60,
    0x0, 0xcf, 0xff, 0x4f, 0xff, 0x80, 0x5, 0xff,
    0xf6, 0x0, 0xc, 0xff, 0xf1, 0xff, 0xfc, 0x0,
    0x5f, 0xff, 0x60, 0x0, 0xcf, 0xff, 0xc, 0xff,
    0xf0, 0x5, 0xff, 0xf6, 0x0, 0xc, 0xff, 0xf0,
    0x9f, 0xff, 0x40, 0x5f, 0xff, 0x60, 0x0, 0xdf,
    0xfe, 0x5, 0xff, 0xf8, 0x5, 0xff, 0xf6, 0x0,
    0xe, 0xff, 0xe0, 0x1f, 0xff, 0xd0, 0x5f, 0xff,
    0x60, 0x1, 0xff, 0xfc, 0x0, 0xdf, 0xff, 0x15,
    0xff, 0xf6, 0x0, 0x8f, 0xff, 0x90, 0x8, 0xff,
    0xfa, 0x6f, 0xff, 0x62, 0x8f, 0xff, 0xf4, 0x0,
    0x2f, 0xff, 0xff, 0xff, 0xff, 0xff, 0xff, 0xfb,
    0x0, 0x0, 0x7f, 0xff, 0xff, 0xff, 0xff, 0xff,
    0xfc, 0x10, 0x0, 0x0, 0x6d, 0xff, 0xff, 0xff,
    0xff, 0xd7, 0x0, 0x0, 0x0, 0x0, 0x0, 0x7f,
    0xff, 0x82, 0x0, 0x0, 0x0, 0x0, 0x0, 0x0,
    0x5, 0xff, 0xf6, 0x0, 0x0, 0x0, 0x0, 0x0,
    0x0, 0x0, 0x5f, 0xff, 0x60, 0x0, 0x0, 0x0,
    0x0, 0x0, 0x0, 0x5, 0xff, 0xf6, 0x0, 0x0,
    0x0, 0x0, 0x0, 0x0, 0x0, 0x5f, 0xff, 0x60,
    0x0, 0x0, 0x0, 0x0, 0x0, 0x0, 0x5, 0xff,
    0xf6, 0x0, 0x0, 0x0, 0x0,

    /* U+0471 "ѱ" */
    0x6f, 0xff, 0x20, 0xf, 0xff, 0x90, 0x7, 0xff,
    0xf1, 0x3f, 0xff, 0x50, 0xf, 0xff, 0x90, 0x7,
    0xff, 0xf1, 0xf, 0xff, 0x80, 0xf, 0xff, 0x90,
    0x7, 0xff, 0xf1, 0xe, 0xff, 0xa0, 0xf, 0xff,
    0x90, 0x7, 0xff, 0xf1, 0xb, 0xff, 0xd0, 0xf,
    0xff, 0x90, 0x7, 0xff, 0xf1, 0x8, 0xff, 0xf0,
    0xf, 0xff, 0x90, 0x7, 0xff, 0xf1, 0x5, 0xff,
    0xf3, 0xf, 0xff, 0x90, 0x7, 0xff, 0xf1, 0x2,
    0xff, 0xf6, 0xf, 0xff, 0x90, 0x8, 0xff, 0xf0,
    0x0, 0xff, 0xf9, 0xf, 0xff, 0x90, 0x9, 0xff,
    0xf0, 0x0, 0xcf, 0xfc, 0xf, 0xff, 0x90, 0xe,
    0xff, 0xd0, 0x0, 0x9f, 0xff, 0x2f, 0xff, 0x92,
    0xbf, 0xff, 0x80, 0x0, 0x4f, 0xff, 0xff, 0xff,
    0xff, 0xff, 0xfe, 0x10, 0x0, 0xb, 0xff, 0xff,
    0xff, 0xff, 0xff, 0xd2, 0x0, 0x0, 0x0, 0x6c,
    0xff, 0xff, 0xfe, 0xb6, 0x0, 0x0, 0x0, 0x0,
    0x0, 0xf, 0xff, 0x90, 0x0, 0x0, 0x0, 0x0,
    0x0, 0x0, 0xf, 0xff, 0x90, 0x0, 0x0, 0x0,
    0x0, 0x0, 0x0, 0xf, 0xff, 0x90, 0x0, 0x0,
    0x0, 0x0, 0x0, 0x0, 0xf, 0xff, 0x90, 0x0,
    0x0, 0x0, 0x0, 0x0, 0x0, 0xf, 0xff, 0x90,
    0x0, 0x0, 0x0,

    /* U+0472 "Ѳ" */
    0x0, 0x0, 0x6, 0xad, 0xff, 0xeb, 0x71, 0x0,
    0x0, 0x0, 0x0, 0x5e, 0xff, 0xff, 0xff, 0xff,
    0xf7, 0x0, 0x0, 0x0, 0x6f, 0xff, 0xff, 0xff,
    0xff, 0xff, 0xf9, 0x0, 0x0, 0x3f, 0xff, 0xfd,
    0x74, 0x46, 0xbf, 0xff, 0xf6, 0x0, 0xd, 0xff,
    0xf9, 0x0, 0x0, 0x0, 0x5f, 0xff, 0xf1, 0x4,
    0xff, 0xfc, 0x0, 0x0, 0x0, 0x0, 0x8f, 0xff,
    0x70, 0x8f, 0xff, 0x50, 0x0, 0x0, 0x0, 0x1,
    0xff, 0xfc, 0xb, 0xff, 0xf6, 0x0, 0x26, 0x9d,
    0xfe, 0x9f, 0xff, 0xf0, 0xdf, 0xff, 0xff, 0xff,
    0xff, 0xff, 0xff, 0xff, 0xff, 0x1e, 0xff, 0xff,
    0xff, 0xff, 0xff, 0xff, 0xff, 0xff, 0xf1, 0xdf,
    0xff, 0xef, 0xff, 0xc9, 0x53, 0x49, 0xff, 0xff,
    0x1c, 0xff, 0xf4, 0x22, 0x0, 0x0, 0x0, 0xf,
    0xff, 0xf0, 0x9f, 0xff, 0x80, 0x0, 0x0, 0x0,
    0x4, 0xff, 0xfc, 0x4, 0xff, 0xff, 0x20, 0x0,
    0x0, 0x0, 0xcf, 0xff, 0x70, 0xd, 0xff, 0xfd,
    0x10, 0x0, 0x0, 0x9f, 0xff, 0xf1, 0x0, 0x3f,
    0xff, 0xff, 0x85, 0x47, 0xdf, 0xff, 0xf7, 0x0,
    0x0, 0x6f, 0xff, 0xff, 0xff, 0xff, 0xff, 0xfa,
    0x0, 0x0, 0x0, 0x4e, 0xff, 0xff, 0xff, 0xff,
    0xf7, 0x0, 0x0, 0x0, 0x0, 0x5, 0xad, 0xff,
    0xec, 0x71, 0x0, 0x0, 0x0,

    /* U+0473 "ѳ" */
    0x0, 0x2, 0x8d, 0xff, 0xd9, 0x20, 0x0, 0x0,
    0x7f, 0xff, 0xff, 0xff, 0xf7, 0x0, 0x6, 0xff,
    0xff, 0xff, 0xff, 0xff, 0x70, 0x2f, 0xff, 0xe5,
    0x0, 0x4e, 0xff, 0xf2, 0x8f, 0xff, 0x30, 0x0,
    0x3, 0xff, 0xf8, 0xcf, 0xfe, 0x20, 0x4a, 0xfd,
    0xff, 0xfc, 0xef, 0xff, 0xff, 0xff, 0xff, 0xff,
    0xfe, 0xef, 0xff, 0xff, 0xe8, 0x45, 0xff, 0xfe,
    0xcf, 0xff, 0x12, 0x0, 0x0, 0xff, 0xfc, 0x8f,
    0xff, 0x60, 0x0, 0x7, 0xff, 0xf8, 0x2f, 0xff,
    0xf6, 0x0, 0x6f, 0xff, 0xf1, 0x7, 0xff, 0xff,
    0xff, 0xff, 0xff, 0x60, 0x0, 0x7f, 0xff, 0xff,
    0xff, 0xf7, 0x0, 0x0, 0x2, 0x8d, 0xff, 0xd9,
    0x20, 0x0,

    /* U+0474 "Ѵ" */
    0xd, 0xff, 0xf3, 0x0, 0x0, 0x0, 0x0, 0x19,
    0xef, 0xc6, 0x0, 0x0, 0x7f, 0xff, 0x80, 0x0,
    0x0, 0x0, 0xd, 0xff, 0xff, 0xfb, 0x0, 0x2,
    0xff, 0xfe, 0x0, 0x0, 0x0, 0x6, 0xff, 0xff,
    0xff, 0xfb, 0x0, 0xc, 0xff, 0xf3, 0x0, 0x0,
    0x0, 0xbf, 0xff, 0x96, 0xdf, 0x60, 0x0, 0x7f,
    0xff, 0x80, 0x0, 0x0, 0x1f, 0xff, 0xd0, 0x1,
    0x60, 0x0, 0x1, 0xff, 0xfe, 0x0, 0x0, 0x6,
    0xff, 0xf7, 0x0, 0x0, 0x0, 0x0, 0xb, 0xff,
    0xf3, 0x0, 0x0, 0xbf, 0xff, 0x20, 0x0, 0x0,
    0x0, 0x0, 0x6f, 0xff, 0x80, 0x0, 0x1f, 0xff,
    0xc0, 0x0, 0x0, 0x0, 0x0, 0x1, 0xff, 0xfe,
    0x0, 0x5, 0xff, 0xf6, 0x0, 0x0, 0x0, 0x0,
    0x0, 0xb, 0xff, 0xf3, 0x0, 0xbf, 0xff, 0x10,
    0x0, 0x0, 0x0, 0x0, 0x0, 0x5f, 0xff, 0x80,
    0xf, 0xff, 0xb0, 0x0, 0x0, 0x0, 0x0, 0x0,
    0x0, 0xff, 0xfe, 0x5, 0xff, 0xf5, 0x0, 0x0,
    0x0, 0x0, 0x0, 0x0, 0xa, 0xff, 0xf3, 0xbf,
    0xff, 0x0, 0x0, 0x0, 0x0, 0x0, 0x0, 0x0,
    0x4f, 0xff, 0x9f, 0xff, 0xa0, 0x0, 0x0, 0x0,
    0x0, 0x0, 0x0, 0x0, 0xef, 0xff, 0xff, 0xf4,
    0x0, 0x0, 0x0, 0x0, 0x0, 0x0, 0x0, 0x9,
    0xff, 0xff, 0xfe, 0x0, 0x0, 0x0, 0x0, 0x0,
    0x0, 0x0, 0x0, 0x3f, 0xff, 0xff, 0x80, 0x0,
    0x0, 0x0, 0x0, 0x0, 0x0, 0x0, 0x0, 0xef,
    0xff, 0xf3, 0x0, 0x0, 0x0, 0x0, 0x0, 0x0,
    0x0, 0x0, 0x8, 0xff, 0xfd, 0x0, 0x0, 0x0,
    0x0, 0x0, 0x0,

    /* U+0475 "ѵ" */
    0xaf, 0xff, 0x10, 0x0, 0x0, 0x1a, 0xfe, 0x92,
    0x4, 0xff, 0xf6, 0x0, 0x0, 0xb, 0xff, 0xff,
    0xf6, 0xe, 0xff, 0xb0, 0x0, 0x4, 0xff, 0xff,
    0xff, 0x20, 0x8f, 0xff, 0x10, 0x0, 0xaf, 0xff,
    0xce, 0x80, 0x1, 0xff, 0xf6, 0x0, 0xf, 0xff,
    0x90, 0x0, 0x0, 0xb, 0xff, 0xc0, 0x6, 0xff,
    0xf1, 0x0, 0x0, 0x0, 0x5f, 0xff, 0x10, 0xbf,
    0xfb, 0x0, 0x0, 0x0, 0x0, 0xef, 0xf6, 0x1f,
    0xff, 0x50, 0x0, 0x0, 0x0, 0x8, 0xff, 0xc7,
    0xff, 0xe0, 0x0, 0x0, 0x0, 0x0, 0x2f, 0xff,
    0xdf, 0xf8, 0x0, 0x0, 0x0, 0x0, 0x0, 0xcf,
    0xff, 0xff, 0x20, 0x0, 0x0, 0x0, 0x0, 0x6,
    0xff, 0xff, 0xc0, 0x0, 0x0, 0x0, 0x0, 0x0,
    0xf, 0xff, 0xf5, 0x0, 0x0, 0x0, 0x0, 0x0,
    0x0, 0x9f, 0xff, 0x0, 0x0, 0x0, 0x0,

    /* U+0476 "Ѷ" */
    0x0, 0x0, 0xad, 0xd9, 0x1c, 0xdd, 0x60, 0x0,
    0x0, 0x0, 0x0, 0x0, 0x0, 0x1, 0xef, 0xf2,
    0x4f, 0xfe, 0x0, 0x0, 0x0, 0x0, 0x0, 0x0,
    0x0, 0x3, 0xff, 0x90, 0x7f, 0xf5, 0x0, 0x0,
    0x0, 0x0, 0x0, 0x0, 0x0, 0x6, 0xff, 0x10,
    0x9f, 0xd0, 0x0, 0x0, 0x0, 0x0, 0x0, 0x0,
    0x0, 0x0, 0x0, 0x0, 0x0, 0x0, 0x0, 0x0,
    0x0, 0x0, 0xdf, 0xff, 0x30, 0x0, 0x0, 0x0,
    0x1, 0x9e, 0xfc, 0x60, 0x0, 0x7, 0xff, 0xf8,
    0x0, 0x0, 0x0, 0x0, 0xdf, 0xff, 0xff, 0xb0,
    0x0, 0x2f, 0xff, 0xe0, 0x0, 0x0, 0x0, 0x6f,
    0xff, 0xff, 0xff, 0xb0, 0x0, 0xcf, 0xff, 0x30,
    0x0, 0x0, 0xb, 0xff, 0xf9, 0x6d, 0xf6, 0x0,
    0x7, 0xff, 0xf8, 0x0, 0x0, 0x1, 0xff, 0xfd,
    0x0, 0x16, 0x0, 0x0, 0x1f, 0xff, 0xe0, 0x0,
    0x0, 0x6f, 0xff, 0x70, 0x0, 0x0, 0x0, 0x0,
    0xbf, 0xff, 0x30, 0x0, 0xb, 0xff, 0xf2, 0x0,
    0x0, 0x0, 0x0, 0x6, 0xff, 0xf8, 0x0, 0x1,
    0xff, 0xfc, 0x0, 0x0, 0x0, 0x0, 0x0, 0x1f,
    0xff, 0xe0, 0x0, 0x5f, 0xff, 0x60, 0x0, 0x0,
    0x0, 0x0, 0x0, 0xbf, 0xff, 0x30, 0xb, 0xff,
    0xf1, 0x0, 0x0, 0x0, 0x0, 0x0, 0x5, 0xff,
    0xf8, 0x0, 0xff, 0xfb, 0x0, 0x0, 0x0, 0x0,
    0x0, 0x0, 0xf, 0xff, 0xe0, 0x5f, 0xff, 0x50,
    0x0, 0x0, 0x0, 0x0, 0x0, 0x0, 0xaf, 0xff,
    0x3b, 0xff, 0xf0, 0x0, 0x0, 0x0, 0x0, 0x0,
    0x0, 0x4, 0xff, 0xf9, 0xff, 0xfa, 0x0, 0x0,
    0x0, 0x0, 0x0, 0x0, 0x0, 0xe, 0xff, 0xff,
    0xff, 0x40, 0x0, 0x0, 0x0, 0x0, 0x0, 0x0,
    0x0, 0x9f, 0xff, 0xff, 0xe0, 0x0, 0x0, 0x0,
    0x0, 0x0, 0x0, 0x0, 0x3, 0xff, 0xff, 0xf8,
    0x0, 0x0, 0x0, 0x0, 0x0, 0x0, 0x0, 0x0,
    0xe, 0xff, 0xff, 0x30, 0x0, 0x0, 0x0, 0x0,
    0x0, 0x0, 0x0, 0x0, 0x8f, 0xff, 0xd0, 0x0,
    0x0, 0x0, 0x0, 0x0,

    /* U+0477 "ѷ" */
    0x2, 0xff, 0xf5, 0x6f, 0xff, 0x20, 0x0, 0x0,
    0x0, 0x5, 0xff, 0xc0, 0x8f, 0xf9, 0x0, 0x0,
    0x0, 0x0, 0x7, 0xff, 0x40, 0xbf, 0xf1, 0x0,
    0x0, 0x0, 0x0, 0x9, 0xd9, 0x0, 0xbd, 0x60,
    0x0, 0x0, 0x0, 0x0, 0x0, 0x0, 0x0, 0x0,
    0x0, 0x0, 0xa, 0xff, 0xf1, 0x0, 0x0, 0x1,
    0xaf, 0xe9, 0x20, 0x4f, 0xff, 0x60, 0x0, 0x0,
    0xbf, 0xff, 0xff, 0x60, 0xef, 0xfb, 0x0, 0x0,
    0x4f, 0xff, 0xff, 0xf2, 0x8, 0xff, 0xf1, 0x0,
    0xa, 0xff, 0xfc, 0xe8, 0x0, 0x1f, 0xff, 0x60,
    0x0, 0xff, 0xf9, 0x0, 0x0, 0x0, 0xbf, 0xfc,
    0x0, 0x6f, 0xff, 0x10, 0x0, 0x0, 0x5, 0xff,
    0xf1, 0xb, 0xff, 0xb0, 0x0, 0x0, 0x0, 0xe,
    0xff, 0x61, 0xff, 0xf5, 0x0, 0x0, 0x0, 0x0,
    0x8f, 0xfc, 0x7f, 0xfe, 0x0, 0x0, 0x0, 0x0,
    0x2, 0xff, 0xfd, 0xff, 0x80, 0x0, 0x0, 0x0,
    0x0, 0xc, 0xff, 0xff, 0xf2, 0x0, 0x0, 0x0,
    0x0, 0x0, 0x6f, 0xff, 0xfc, 0x0, 0x0, 0x0,
    0x0, 0x0, 0x0, 0xff, 0xff, 0x50, 0x0, 0x0,
    0x0, 0x0, 0x0, 0x9, 0xff, 0xf0, 0x0, 0x0,
    0x0, 0x0,

    /* U+0478 "Ѹ" */
    0x0, 0x1, 0x8d, 0xff, 0xd8, 0x10, 0x0, 0x0,
    0x0, 0x0, 0x0, 0x0, 0x0, 0x0, 0x0, 0x4e,
    0xff, 0xff, 0xff, 0xe4, 0x0, 0x0, 0x0, 0x0,
    0x0, 0x0, 0x0, 0x0, 0x2, 0xff, 0xff, 0xff,
    0xff, 0xff, 0x20, 0x0, 0x0, 0x0, 0x0, 0x0,
    0x0, 0x0, 0xb, 0xff, 0xfd, 0x66, 0xef, 0xff,
    0xa0, 0x0, 0x0, 0x0, 0x0, 0x0, 0x0, 0x0,
    0x2f, 0xff, 0xf1, 0x0, 0x2f, 0xff, 0xf1, 0x0,
    0x0, 0x0, 0x0, 0x0, 0x0, 0x0, 0x6f, 0xff,
    0x80, 0x0, 0x9, 0xff, 0xf6, 0x9f, 0xff, 0x20,
    0x0, 0x2, 0xff, 0xf8, 0xaf, 0xff, 0x30, 0x0,
    0x4, 0xff, 0xf9, 0x4f, 0xff, 0x70, 0x0, 0x7,
    0xff, 0xf2, 0xcf, 0xff, 0x0, 0x0, 0x1, 0xff,
    0xfb, 0xe, 0xff, 0xb0, 0x0, 0xc, 0xff, 0xc0,
    0xdf, 0xff, 0x0, 0x0, 0x0, 0xff, 0xfc, 0x8,
    0xff, 0xf0, 0x0, 0x2f, 0xff, 0x60, 0xdf, 0xfe,
    0x0, 0x0, 0x0, 0xff, 0xfd, 0x3, 0xff, 0xf5,
    0x0, 0x7f, 0xff, 0x10, 0xdf, 0xff, 0x0, 0x0,
    0x0, 0xff, 0xfc, 0x0, 0xdf, 0xfa, 0x0, 0xcf,
    0xfb, 0x0, 0xcf, 0xff, 0x0, 0x0, 0x1, 0xff,
    0xfb, 0x0, 0x8f, 0xfe, 0x1, 0xff, 0xf5, 0x0,
    0xaf, 0xff, 0x30, 0x0, 0x4, 0xff, 0xf9, 0x0,
    0x2f, 0xff, 0x36, 0xff, 0xe0, 0x0, 0x6f, 0xff,
    0x80, 0x0, 0x9, 0xff, 0xf6, 0x0, 0xc, 0xff,
    0x8c, 0xff, 0x90, 0x0, 0x2f, 0xff, 0xf1, 0x0,
    0x2f, 0xff, 0xf1, 0x0, 0x7, 0xff, 0xdf, 0xff,
    0x30, 0x0, 0xb, 0xff, 0xfd, 0x66, 0xef, 0xff,
    0xa0, 0x0, 0x1, 0xff, 0xff, 0xfd, 0x0, 0x0,
    0x2, 0xff, 0xff, 0xff, 0xff, 0xfe, 0x20, 0x0,
    0x0, 0xbf, 0xff, 0xf8, 0x0, 0x0, 0x0, 0x4e,
    0xff, 0xff, 0xff, 0xe4, 0x0, 0x0, 0x0, 0x6f,
    0xff, 0xf2, 0x0, 0x0, 0x0, 0x1, 0x8d, 0xff,
    0xd8, 0x10, 0x0, 0x0, 0x0, 0x1f, 0xff, 0xc0,
    0x0, 0x0, 0x0, 0x0, 0x0, 0x0, 0x0, 0x0,
    0x0, 0x0, 0x0, 0x6f, 0xff, 0x60, 0x0, 0x0,
    0x0, 0x0, 0x0, 0x0, 0x0, 0x0, 0x0, 0x0,
    0x4, 0xff, 0xff, 0x10, 0x0, 0x0, 0x0, 0x0,
    0x0, 0x0, 0x0, 0x0, 0x0, 0x3f, 0xff, 0xff,
    0xf9, 0x0, 0x0, 0x0, 0x0, 0x0, 0x0, 0x0,
    0x0, 0x0, 0x0, 0x2f, 0xff, 0xff, 0xd0, 0x0,
    0x0, 0x0, 0x0, 0x0, 0x0, 0x0, 0x0, 0x0,
    0x0, 0xd, 0xff, 0xd8, 0x10, 0x0, 0x0, 0x0,

    /* U+0479 "ѹ" */
    0x0, 0x1a, 0xef, 0xc5, 0x0, 0x6f, 0xff, 0x50,
    0x0, 0x0, 0xef, 0xfb, 0x2, 0xef, 0xff, 0xff,
    0x80, 0x1f, 0xff, 0xa0, 0x0, 0x4, 0xff, 0xf5,
    0xc, 0xff, 0xff, 0xff, 0xf4, 0xb, 0xff, 0xe0,
    0x0, 0x9, 0xff, 0xf0, 0x5f, 0xff, 0x61, 0xdf,
    0xfc, 0x5, 0xff, 0xf3, 0x0, 0xe, 0xff, 0xa0,
    0xaf, 0xff, 0x0, 0x8f, 0xff, 0x10, 0xff, 0xf8,
    0x0, 0x3f, 0xff, 0x40, 0xdf, 0xfc, 0x0, 0x4f,
    0xff, 0x40, 0xaf, 0xfd, 0x0, 0x9f, 0xfe, 0x0,
    0xef, 0xfb, 0x0, 0x3f, 0xff, 0x60, 0x4f, 0xff,
    0x10, 0xef, 0xf8, 0x0, 0xef, 0xfa, 0x0, 0x3f,
    0xff, 0x60, 0xe, 0xff, 0x63, 0xff, 0xf2, 0x0,
    0xdf, 0xfc, 0x0, 0x4f, 0xff, 0x40, 0x9, 0xff,
    0xb8, 0xff, 0xc0, 0x0, 0xaf, 0xff, 0x0, 0x8f,
    0xff, 0x10, 0x3, 0xff, 0xfd, 0xff, 0x60, 0x0,
    0x5f, 0xff, 0x61, 0xef, 0xfc, 0x0, 0x0, 0xef,
    0xff, 0xff, 0x10, 0x0, 0xd, 0xff, 0xff, 0xff,
    0xf4, 0x0, 0x0, 0x8f, 0xff, 0xfb, 0x0, 0x0,
    0x2, 0xef, 0xff, 0xff, 0x80, 0x0, 0x0, 0x3f,
    0xff, 0xf5, 0x0, 0x0, 0x0, 0x2a, 0xef, 0xc5,
    0x0, 0x0, 0x0, 0xe, 0xff, 0xf0, 0x0, 0x0,
    0x0, 0x0, 0x0, 0x0, 0x0, 0x0, 0x0, 0x3f,
    0xff, 0x90, 0x0, 0x0, 0x0, 0x0, 0x0, 0x0,
    0x0, 0x0, 0x2, 0xdf, 0xff, 0x30, 0x0, 0x0,
    0x0, 0x0, 0x0, 0x0, 0x0, 0xf, 0xef, 0xff,
    0xfc, 0x0, 0x0, 0x0, 0x0, 0x0, 0x0, 0x0,
    0x0, 0xe, 0xff, 0xff, 0xe2, 0x0, 0x0, 0x0,
    0x0, 0x0, 0x0, 0x0, 0x0, 0xa, 0xef, 0xd9,
    0x20, 0x0, 0x0, 0x0,

    /* U+047A "Ѻ" */
    0x0, 0x0, 0x0, 0x0, 0x2b, 0xfd, 0x30, 0x0,
    0x0, 0x0, 0x0, 0x0, 0x0, 0x2, 0x6d, 0xff,
    0xfe, 0x73, 0x0, 0x0, 0x0, 0x0, 0x0, 0x3b,
    0xff, 0xff, 0xff, 0xff, 0xfd, 0x50, 0x0, 0x0,
    0x0, 0x7f, 0xff, 0xff, 0xff, 0xff, 0xff, 0xff,
    0xa0, 0x0, 0x0, 0x7f, 0xff, 0xff, 0xcf, 0xff,
    0xcf, 0xff, 0xff, 0xa0, 0x0, 0x3f, 0xff, 0xfb,
    0x10, 0x48, 0x50, 0x19, 0xff, 0xff, 0x50, 0xa,
    0xff, 0xfb, 0x0, 0x0, 0x0, 0x0, 0x9, 0xff,
    0xfd, 0x1, 0xff, 0xff, 0x10, 0x0, 0x0, 0x0,
    0x0, 0xe, 0xff, 0xf3, 0x4f, 0xff, 0xa0, 0x0,
    0x0, 0x0, 0x0, 0x0, 0x8f, 0xff, 0x77, 0xff,
    0xf7, 0x0, 0x0, 0x0, 0x0, 0x0, 0x4, 0xff,
    0xfa, 0x8f, 0xff, 0x50, 0x0, 0x0, 0x0, 0x0,
    0x0, 0x2f, 0xff, 0xb8, 0xff, 0xf5, 0x0, 0x0,
    0x0, 0x0, 0x0, 0x2, 0xff, 0xfb, 0x7f, 0xff,
    0x70, 0x0, 0x0, 0x0, 0x0, 0x0, 0x4f, 0xff,
    0xa5, 0xff, 0xfb, 0x0, 0x0, 0x0, 0x0, 0x0,
    0x8, 0xff, 0xf7, 0x1f, 0xff, 0xf2, 0x0, 0x0,
    0x0, 0x0, 0x0, 0xef, 0xff, 0x40, 0xbf, 0xff,
    0xc0, 0x0, 0x0, 0x0, 0x0, 0x9f, 0xff, 0xe0,
    0x3, 0xff, 0xff, 0xc2, 0x4, 0x85, 0x1, 0xaf,
    0xff, 0xf6, 0x0, 0x8, 0xff, 0xff, 0xfc, 0xff,
    0xfc, 0xff, 0xff, 0xfb, 0x0, 0x0, 0x8, 0xff,
    0xff, 0xff, 0xff, 0xff, 0xff, 0xfb, 0x0, 0x0,
    0x0, 0x4, 0xcf, 0xff, 0xff, 0xff, 0xff, 0xd5,
    0x0, 0x0, 0x0, 0x0, 0x0, 0x26, 0xdf, 0xff,
    0xe7, 0x30, 0x0, 0x0, 0x0, 0x0, 0x0, 0x0,
    0x2, 0xcf, 0xd3, 0x0, 0x0, 0x0, 0x0,

    /* U+047B "ѻ" */
    0x0, 0x0, 0x0, 0x4d, 0xfa, 0x0, 0x0, 0x0,
    0x0, 0x0, 0x2, 0x7e, 0xff, 0xfb, 0x50, 0x0,
    0x0, 0x0, 0x8, 0xff, 0xff, 0xff, 0xff, 0xe4,
    0x0, 0x0, 0xb, 0xff, 0xff, 0xff, 0xff, 0xff,
    0xf4, 0x0, 0x7, 0xff, 0xfe, 0x8d, 0xfa, 0xaf,
    0xff, 0xe1, 0x0, 0xef, 0xff, 0x20, 0x0, 0x0,
    0x8f, 0xff, 0x80, 0x4f, 0xff, 0x80, 0x0, 0x0,
    0x0, 0xef, 0xfe, 0x7, 0xff, 0xf3, 0x0, 0x0,
    0x0, 0xa, 0xff, 0xf1, 0x8f, 0xff, 0x20, 0x0,
    0x0, 0x0, 0x8f, 0xff, 0x27, 0xff, 0xf3, 0x0,
    0x0, 0x0, 0xa, 0xff, 0xf1, 0x4f, 0xff, 0x80,
    0x0, 0x0, 0x0, 0xef, 0xfe, 0x0, 0xef, 0xff,
    0x20, 0x0, 0x0, 0x8f, 0xff, 0x80, 0x6, 0xff,
    0xfe, 0x8e, 0xfb, 0xaf, 0xff, 0xf1, 0x0, 0xa,
    0xff, 0xff, 0xff, 0xff, 0xff, 0xf4, 0x0, 0x0,
    0x8, 0xff, 0xff, 0xff, 0xff, 0xe4, 0x0, 0x0,
    0x0, 0x1, 0x7e, 0xff, 0xfb, 0x50, 0x0, 0x0,
    0x0, 0x0, 0x0, 0x4d, 0xfa, 0x0, 0x0, 0x0,
    0x0,

    /* U+047C "Ѽ" */
    0x0, 0x0, 0x0, 0x0, 0x0, 0x0, 0x0, 0x2,
    0x0, 0x0, 0x0, 0x0, 0x0, 0x0, 0x0, 0x0,
    0x0, 0x0, 0x0, 0x0, 0x0, 0x0, 0x3b, 0xff,
    0xfc, 0x60, 0x0, 0x0, 0x0, 0x0, 0x0, 0x0,
    0x0, 0x0, 0x0, 0x0, 0x0, 0x5, 0xff, 0xff,
    0xff, 0xfe, 0x60, 0x0, 0x0, 0x0, 0x0, 0x0,
    0x0, 0x0, 0x0, 0x0, 0x0, 0x2f, 0xfb, 0x53,
    0x57, 0xdf, 0xfe, 0x95, 0x10, 0x0, 0x0, 0x0,
    0x0, 0x0, 0x0, 0x0, 0x0, 0xaf, 0xc0, 0xbf,
    0xe0, 0x7, 0xef, 0xff, 0x60, 0x0, 0x0, 0x0,
    0x0, 0x0, 0x0, 0x0, 0x0, 0xff, 0x50, 0xbf,
    0xe0, 0x0, 0x16, 0xce, 0x60, 0x0, 0x0, 0x0,
    0x0, 0x0, 0x0, 0x0, 0x0, 0x0, 0x0, 0xb,
    0xd0, 0x0, 0x0, 0x0, 0x0, 0x0, 0x0, 0x0,
    0x0, 0x0, 0x0, 0x0, 0x0, 0x0, 0x0, 0x8f,
    0x80, 0x0, 0x0, 0x0, 0x0, 0x0, 0x0, 0x0,
    0x0, 0x0, 0x0, 0x0, 0x0, 0x0, 0x0, 0x69,
    0x0, 0x0, 0x0, 0x0, 0x0, 0x0, 0x0, 0x0,
    0x0, 0x0, 0x4, 0x9d, 0xef, 0xeb, 0x60, 0x0,
    0x0, 0x4a, 0xdf, 0xfd, 0xb5, 0x0, 0x0, 0x0,
    0x0, 0x3, 0xdf, 0xff, 0xff, 0xff, 0xf7, 0x0,
    0x3, 0xff, 0xff, 0xff, 0xff, 0xe5, 0x0, 0x0,
    0x0, 0x4f, 0xff, 0xff, 0xff, 0xff, 0xd0, 0x0,
    0x0, 0x9f, 0xff, 0xff, 0xff, 0xff, 0x80, 0x0,
    0x2, 0xff, 0xff, 0xe8, 0x54, 0x6c, 0x40, 0x0,
    0x0, 0x1c, 0x75, 0x57, 0xdf, 0xff, 0xf6, 0x0,
    0xc, 0xff, 0xfb, 0x10, 0x0, 0x0, 0x0, 0x0,
    0x0, 0x0, 0x0, 0x0, 0x8, 0xff, 0xff, 0x10,
    0x3f, 0xff, 0xe0, 0x0, 0x0, 0x0, 0x0, 0x0,
    0x0, 0x0, 0x0, 0x0, 0x0, 0xaf, 0xff, 0x70,
    0x8f, 0xff, 0x70, 0x0, 0x0, 0x0, 0x0, 0x0,
    0x0, 0x0, 0x0, 0x0, 0x0, 0x2f, 0xff, 0xc0,
    0xbf, 0xff, 0x20, 0x0, 0x0, 0x0, 0x0, 0x0,
    0x0, 0x0, 0x0, 0x0, 0x0, 0xe, 0xff, 0xf0,
    0xdf, 0xff, 0x0, 0x0, 0x0, 0x0, 0x0, 0x0,
    0x0, 0x0, 0x0, 0x0, 0x0, 0xc, 0xff, 0xf1,
    0xdf, 0xff, 0x0, 0x0, 0x0, 0x0, 0x0, 0x0,
    0x0, 0x0, 0x0, 0x0, 0x0, 0xc, 0xff, 0xf2,
    0xdf, 0xff, 0x10, 0x0, 0x0, 0x0, 0x0, 0x0,
    0x0, 0x0, 0x0, 0x0, 0x0, 0xd, 0xff, 0xf1,
    0xaf, 0xff, 0x30, 0x0, 0x0, 0x0, 0x0, 0x0,
    0x0, 0x0, 0x0, 0x0, 0x0, 0xf, 0xff, 0xf0,
    0x7f, 0xff, 0x80, 0x0, 0x0, 0x0, 0x0, 0x0,
    0x0, 0x0, 0x0, 0x0, 0x0, 0x4f, 0xff, 0xb0,
    0x2f, 0xff, 0xf1, 0x0, 0x0, 0x0, 0x0, 0x2,
    0x0, 0x0, 0x0, 0x0, 0x0, 0xcf, 0xff, 0x60,
    0xa, 0xff, 0xfc, 0x10, 0x0, 0x0, 0x2, 0xaf,
    0xc4, 0x0, 0x0, 0x0, 0x9, 0xff, 0xfe, 0x0,
    0x2, 0xef, 0xff, 0xe9, 0x54, 0x58, 0xcf, 0xff,
    0xff, 0xe9, 0x64, 0x57, 0xdf, 0xff, 0xf5, 0x0,
    0x0, 0x4f, 0xff, 0xff, 0xff, 0xff, 0xff, 0xff,
    0xff, 0xff, 0xff, 0xff, 0xff, 0xff, 0x70, 0x0,
    0x0, 0x2, 0xcf, 0xff, 0xff, 0xff, 0xff, 0xe8,
    0xcf, 0xff, 0xff, 0xff, 0xff, 0xe5, 0x0, 0x0,
    0x0, 0x0, 0x3, 0x9d, 0xff, 0xec, 0x94, 0x0,
    0x3, 0x8c, 0xef, 0xfd, 0xa5, 0x0, 0x0, 0x0,

    /* U+047D "ѽ" */
    0x0, 0x0, 0x0, 0x1, 0x8d, 0xfe, 0xb5, 0x0,
    0x0, 0x0, 0x0, 0x0, 0x0, 0x0, 0x2e, 0xff,
    0xff, 0xff, 0xd6, 0x0, 0x0, 0x0, 0x0, 0x0,
    0x0, 0xef, 0xe6, 0x34, 0x8e, 0xff, 0xe9, 0x52,
    0x0, 0x0, 0x0, 0x7, 0xfe, 0x19, 0xff, 0x0,
    0x7e, 0xff, 0xf9, 0x0, 0x0, 0x0, 0xd, 0xf8,
    0x9, 0xff, 0x0, 0x0, 0x6b, 0xe8, 0x0, 0x0,
    0x0, 0x0, 0x0, 0x1, 0x9f, 0x0, 0x0, 0x0,
    0x0, 0x0, 0x0, 0x0, 0x0, 0x0, 0x5, 0xfa,
    0x0, 0x0, 0x0, 0x0, 0x0, 0x0, 0x0, 0x0,
    0x0, 0x3, 0x80, 0x0, 0x0, 0x0, 0x0, 0x0,
    0x0, 0x0, 0x0, 0x0, 0x0, 0x0, 0x0, 0x0,
    0x0, 0x0, 0x0, 0x0, 0x5, 0xbe, 0x90, 0x0,
    0x0, 0x0, 0x3e, 0xc8, 0x10, 0x0, 0x0, 0xbf,
    0xff, 0xa0, 0x0, 0x0, 0x0, 0x4f, 0xff, 0xe3,
    0x0, 0xa, 0xff, 0xff, 0x90, 0x0, 0x0, 0x0,
    0x3f, 0xff, 0xff, 0x20, 0x3f, 0xff, 0xc1, 0x0,
    0x0, 0x0, 0x0, 0x0, 0x7f, 0xff, 0xa0, 0x9f,
    0xff, 0x20, 0x0, 0x0, 0x0, 0x0, 0x0, 0xc,
    0xff, 0xf0, 0xcf, 0xfe, 0x0, 0x0, 0x0, 0x0,
    0x0, 0x0, 0x7, 0xff, 0xf3, 0xef, 0xfc, 0x0,
    0x0, 0x0, 0x0, 0x0, 0x0, 0x5, 0xff, 0xf4,
    0xef, 0xfc, 0x0, 0x0, 0x0, 0x0, 0x0, 0x0,
    0x5, 0xff, 0xf4, 0xcf, 0xfe, 0x0, 0x0, 0x0,
    0x0, 0x0, 0x0, 0x8, 0xff, 0xf3, 0x9f, 0xff,
    0x40, 0x0, 0x0, 0x0, 0x0, 0x0, 0xd, 0xff,
    0xf0, 0x3f, 0xff, 0xe4, 0x0, 0x28, 0xfb, 0x51,
    0x1, 0xaf, 0xff, 0xa0, 0xa, 0xff, 0xff, 0xff,
    0xff, 0xff, 0xff, 0xff, 0xff, 0xff, 0x20, 0x0,
    0xbf, 0xff, 0xff, 0xff, 0xff, 0xff, 0xff, 0xff,
    0xe3, 0x0, 0x0, 0x5, 0xbe, 0xfe, 0xd9, 0x36,
    0xbd, 0xff, 0xd8, 0x10, 0x0,

    /* U+047E "Ѿ" */
    0x0, 0x0, 0x0, 0x0, 0x0, 0x0, 0x0, 0x0,
    0x0, 0x0, 0x0, 0x0, 0x0, 0x0, 0x0, 0x0,
    0x0, 0x0, 0x0, 0x0, 0x0, 0xdf, 0xff, 0xff,
    0xff, 0xff, 0xf5, 0x0, 0x0, 0x0, 0x0, 0x0,
    0x0, 0x0, 0x0, 0x0, 0x0, 0x6f, 0x33, 0x3e,
    0x83, 0x38, 0xe0, 0x0, 0x0, 0x0, 0x0, 0x0,
    0x0, 0x0, 0x0, 0x0, 0x0, 0x6, 0x0, 0x5,
    0x0, 0x1, 0x50, 0x0, 0x0, 0x0, 0x0, 0x0,
    0x0, 0x0, 0x0, 0x0, 0x0, 0x0, 0x0, 0x0,
    0x0, 0x0, 0x0, 0x0, 0x0, 0x0, 0x0, 0x0,
    0x0, 0x0, 0x4, 0x9d, 0xef, 0xeb, 0x60, 0x0,
    0x0, 0x4a, 0xdf, 0xfd, 0xb5, 0x0, 0x0, 0x0,
    0x0, 0x3, 0xcf, 0xff, 0xff, 0xff, 0xf7, 0x0,
    0x3, 0xff, 0xff, 0xff, 0xff, 0xe5, 0x0, 0x0,
    0x0, 0x4f, 0xff, 0xff, 0xff, 0xff, 0xd0, 0x0,
    0x0, 0x9f, 0xff, 0xff, 0xff, 0xff, 0x80, 0x0,
    0x2, 0xff, 0xff, 0xe8, 0x54, 0x6c, 0x40, 0x0,
    0x0, 0x1c, 0x75, 0x57, 0xdf, 0xff, 0xf5, 0x0,
    0xb, 0xff, 0xfb, 0x10, 0x0, 0x0, 0x0, 0x0,
    0x0, 0x0, 0x0, 0x0, 0x8, 0xff, 0xfe, 0x0,
    0x2f, 0xff, 0xe0, 0x0, 0x0, 0x0, 0x0, 0x0,
    0x0, 0x0, 0x0, 0x0, 0x0, 0xaf, 0xff, 0x70,
    0x8f, 0xff, 0x70, 0x0, 0x0, 0x0, 0x0, 0x0,
    0x0, 0x0, 0x0, 0x0, 0x0, 0x3f, 0xff, 0xc0,
    0xbf, 0xff, 0x20, 0x0, 0x0, 0x0, 0x0, 0x0,
    0x0, 0x0, 0x0, 0x0, 0x0, 0xe, 0xff, 0xf0,
    0xdf, 0xff, 0x0, 0x0, 0x0, 0x0, 0x0, 0x0,
    0x0, 0x0, 0x0, 0x0, 0x0, 0xc, 0xff, 0xf1,
    0xdf, 0xff, 0x0, 0x0, 0x0, 0x0, 0x0, 0x33,
    0x31, 0x0, 0x0, 0x0, 0x0, 0xc, 0xff, 0xf2,
    0xdf, 0xff, 0x10, 0x0, 0x0, 0x0, 0x4, 0xff,
    0xf8, 0x0, 0x0, 0x0, 0x0, 0xd, 0xff, 0xf1,
    0xaf, 0xff, 0x30, 0x0, 0x0, 0x0, 0x4, 0xff,
    0xf8, 0x0, 0x0, 0x0, 0x0, 0xf, 0xff, 0xf0,
    0x7f, 0xff, 0x80, 0x0, 0x0, 0x0, 0x4, 0xff,
    0xf8, 0x0, 0x0, 0x0, 0x0, 0x4f, 0xff, 0xb0,
    0x2f, 0xff, 0xf1, 0x0, 0x0, 0x0, 0x4, 0xff,
    0xf8, 0x0, 0x0, 0x0, 0x0, 0xcf, 0xff, 0x60,
    0xa, 0xff, 0xfc, 0x10, 0x0, 0x0, 0x1a, 0xff,
    0xfd, 0x30, 0x0, 0x0, 0x9, 0xff, 0xfe, 0x0,
    0x2, 0xef, 0xff, 0xe9, 0x54, 0x6a, 0xff, 0xff,
    0xff, 0xfb, 0x64, 0x57, 0xdf, 0xff, 0xf5, 0x0,
    0x0, 0x3f, 0xff, 0xff, 0xff, 0xff, 0xff, 0xff,
    0xff, 0xff, 0xff, 0xff, 0xff, 0xff, 0x70, 0x0,
    0x0, 0x2, 0xcf, 0xff, 0xff, 0xff, 0xff, 0xe8,
    0xcf, 0xff, 0xff, 0xff, 0xff, 0xe5, 0x0, 0x0,
    0x0, 0x0, 0x3, 0x9c, 0xff, 0xec, 0x94, 0x0,
    0x3, 0x8c, 0xef, 0xfd, 0xa5, 0x0, 0x0, 0x0,

    /* U+047F "ѿ" */
    0x0, 0x0, 0xdf, 0xff, 0xff, 0xff, 0xff, 0xf3,
    0x0, 0x0, 0x0, 0x0, 0x5, 0xc3, 0x33, 0xe5,
    0x33, 0x9a, 0x0, 0x0, 0x0, 0x0, 0x0, 0x1,
    0x0, 0x1, 0x0, 0x0, 0x0, 0x0, 0x0, 0xb,
    0xff, 0xf0, 0x0, 0xff, 0xfb, 0x0, 0x0, 0x9,
    0xff, 0xf0, 0xaf, 0xff, 0x0, 0xe, 0xff, 0xc0,
    0x0, 0x0, 0xef, 0xfa, 0x8, 0xff, 0xf2, 0x0,
    0xcf, 0xfd, 0x0, 0x0, 0x5f, 0xff, 0x40, 0x4f,
    0xff, 0x40, 0x8, 0xff, 0xf0, 0x0, 0xa, 0xff,
    0xd0, 0x0, 0xff, 0xf8, 0x0, 0x3f, 0xff, 0x40,
    0x0, 0xff, 0xf7, 0x0, 0xa, 0xff, 0xe0, 0x1,
    0xff, 0xf9, 0x0, 0x5f, 0xff, 0x10, 0x0, 0x3f,
    0xff, 0x40, 0x7f, 0xff, 0xf0, 0xb, 0xff, 0xb0,
    0x0, 0x0, 0xdf, 0xfb, 0xc, 0xff, 0xff, 0x61,
    0xff, 0xf5, 0x0, 0x0, 0x6, 0xff, 0xf3, 0xff,
    0xff, 0xfd, 0x6f, 0xfe, 0x0, 0x0, 0x0, 0xe,
    0xff, 0xef, 0xff, 0xff, 0xfe, 0xff, 0x90, 0x0,
    0x0, 0x0, 0x8f, 0xff, 0xff, 0x8d, 0xff, 0xff,
    0xf3, 0x0, 0x0, 0x0, 0x2, 0xff, 0xff, 0xf2,
    0x6f, 0xff, 0xfd, 0x0, 0x0, 0x0, 0x0, 0xb,
    0xff, 0xfb, 0x0, 0xef, 0xff, 0x60, 0x0, 0x0,
    0x0, 0x0, 0x4f, 0xff, 0x50, 0x8, 0xff, 0xf1,
    0x0, 0x0, 0x0,

    /* U+0480 "Ҁ" */
    0x0, 0x0, 0x6, 0xbd, 0xff, 0xda, 0x40, 0x0,
    0x0, 0x0, 0x4d, 0xff, 0xff, 0xff, 0xff, 0xb1,
    0x0, 0x0, 0x4f, 0xff, 0xff, 0xff, 0xff, 0xff,
    0xd0, 0x0, 0x1f, 0xff, 0xfc, 0x64, 0x6a, 0xff,
    0xff, 0x90, 0xa, 0xff, 0xf9, 0x0, 0x0, 0x5,
    0xff, 0xff, 0x11, 0xff, 0xfd, 0x0, 0x0, 0x0,
    0xa, 0xfe, 0xa2, 0x5f, 0xff, 0x70, 0x0, 0x0,
    0x0, 0x12, 0x0, 0x9, 0xff, 0xf4, 0x0, 0x0,
    0x0, 0x0, 0x0, 0x0, 0xbf, 0xff, 0x20, 0x0,
    0x0, 0x0, 0x0, 0x0, 0xb, 0xff, 0xf1, 0x0,
    0x0, 0x0, 0x0, 0x0, 0x0, 0xbf, 0xff, 0x20,
    0x0, 0x0, 0x0, 0x0, 0x0, 0xa, 0xff, 0xf4,
    0x0, 0x0, 0x0, 0x0, 0x0, 0x0, 0x7f, 0xff,
    0x70, 0x0, 0x0, 0x0, 0x0, 0x0, 0x2, 0xff,
    0xfd, 0x0, 0x0, 0x0, 0x0, 0x0, 0x0, 0xc,
    0xff, 0xf7, 0x0, 0x0, 0x0, 0x0, 0x0, 0x0,
    0x3f, 0xff, 0xfa, 0x42, 0x35, 0x0, 0x0, 0x0,
    0x0, 0x6f, 0xff, 0xff, 0xff, 0xa0, 0x0, 0x0,
    0x0, 0x0, 0x6f, 0xff, 0xff, 0xfa, 0x0, 0x0,
    0x0, 0x0, 0x0, 0x29, 0xdf, 0xff, 0xa0, 0x0,
    0x0, 0x0, 0x0, 0x0, 0x2, 0xff, 0xfa, 0x0,
    0x0, 0x0, 0x0, 0x0, 0x0, 0x2f, 0xff, 0xa0,
    0x0, 0x0, 0x0, 0x0, 0x0, 0x2, 0xff, 0xfa,
    0x0, 0x0, 0x0, 0x0, 0x0, 0x0, 0x2f, 0xff,
    0xa0, 0x0, 0x0, 0x0, 0x0, 0x0, 0x2, 0xff,
    0xfa, 0x0, 0x0, 0x0,

    /* U+0481 "ҁ" */
    0x0, 0x5, 0xbe, 0xff, 0xc7, 0x0, 0x0, 0xb,
    0xff, 0xff, 0xff, 0xfd, 0x10, 0xa, 0xff, 0xff,
    0xef, 0xff, 0xfc, 0x3, 0xff, 0xfc, 0x10, 0x9,
    0xff, 0xf5, 0x9f, 0xff, 0x20, 0x0, 0xd, 0xb8,
    0x3c, 0xff, 0xe0, 0x0, 0x0, 0x0, 0x0, 0xef,
    0xfc, 0x0, 0x0, 0x0, 0x0, 0xe, 0xff, 0xc0,
    0x0, 0x0, 0x0, 0x0, 0xdf, 0xfe, 0x0, 0x0,
    0x0, 0x0, 0x9, 0xff, 0xf3, 0x0, 0x0, 0x0,
    0x0, 0x4f, 0xff, 0xd1, 0x0, 0x0, 0x0, 0x0,
    0xbf, 0xff, 0xfd, 0xe6, 0x0, 0x0, 0x1, 0xcf,
    0xff, 0xff, 0x60, 0x0, 0x0, 0x0, 0x7d, 0xff,
    0xf6, 0x0, 0x0, 0x0, 0x0, 0x3f, 0xff, 0x60,
    0x0, 0x0, 0x0, 0x3, 0xff, 0xf6, 0x0, 0x0,
    0x0, 0x0, 0x3f, 0xff, 0x60, 0x0, 0x0, 0x0,
    0x3, 0xff, 0xf6, 0x0, 0x0, 0x0, 0x0, 0x3f,
    0xff, 0x60, 0x0, 0x0,

    /* U+0482 "҂" */
    0x0, 0x0, 0x0, 0x0, 0x7f, 0xf6, 0x0, 0x0,
    0x0, 0x0, 0x0, 0xb, 0xff, 0x20, 0x0, 0x0,
    0x0, 0x0, 0x0, 0xff, 0xe0, 0x0, 0x0, 0x0,
    0x0, 0x0, 0x3f, 0xfa, 0x0, 0x0, 0x0, 0x98,
    0x51, 0x8, 0xff, 0x60, 0x0, 0x0, 0xf, 0xff,
    0xfd, 0xef, 0xf2, 0x0, 0x0, 0x4, 0xff, 0xff,
    0xff, 0xff, 0xd9, 0x51, 0x0, 0x28, 0xcf, 0xff,
    0xff, 0xff, 0xff, 0xfc, 0x0, 0x0, 0x4, 0xcf,
    0xff, 0xff, 0xff, 0xa0, 0x51, 0x0, 0xc, 0xff,
    0x57, 0xbf, 0xf6, 0x4f, 0xfd, 0x95, 0xff, 0xe0,
    0x0, 0x3, 0x18, 0xff, 0xff, 0xff, 0xfd, 0x51,
    0x0, 0x0, 0x9f, 0xff, 0xff, 0xff, 0xff, 0xfd,
    0xa3, 0x0, 0x4, 0x8c, 0xff, 0xff, 0xff, 0xff,
    0x60, 0x0, 0x0, 0xf, 0xfe, 0xbf, 0xff, 0xf2,
    0x0, 0x0, 0x4, 0xff, 0xa0, 0x3, 0x7a, 0x0,
    0x0, 0x0, 0x8f, 0xf6, 0x0, 0x0, 0x0, 0x0,
    0x0, 0xc, 0xff, 0x20, 0x0, 0x0, 0x0, 0x0,
    0x0, 0xff, 0xe0, 0x0, 0x0, 0x0, 0x0,

    /* U+0483 "҃" */
    0x0, 0x0, 0x0, 0xa, 0xa0, 0x0, 0x0, 0x0,
    0x6f, 0xf5, 0x1d, 0xff, 0xff, 0xff, 0xf2, 0x5f,
    0xf8, 0x33, 0x33, 0x10, 0x8, 0x90, 0x0, 0x0,
    0x0,

    /* U+0484 "҄" */
    0x0, 0x0, 0x4a, 0xd9, 0x0, 0x16, 0x7c, 0xff,
    0xff, 0x90, 0x4f, 0xff, 0xf8, 0x16, 0xf1, 0x4f,
    0xe9, 0x20, 0x0, 0xd3,

    /* U+0485 "҅" */
    0x37, 0x73, 0x7f, 0xf7, 0x6f, 0xf7, 0x5f, 0x30,
    0xe, 0xd3, 0x2, 0xb4,

    /* U+0486 "҆" */
    0x27, 0x74, 0x4f, 0xfa, 0x4f, 0xf9, 0x0, 0xf8,
    0x2b, 0xf2, 0x1c, 0x30,

    /* U+0487 "҇" */
    0x0, 0x2, 0xae, 0xfd, 0x93, 0x0, 0x0, 0x0,
    0x0, 0x6f, 0xff, 0xff, 0xff, 0xc5, 0x0, 0x0,
    0x4, 0xff, 0xb4, 0x35, 0xaf, 0xff, 0xe8, 0x51,
    0xc, 0xfa, 0x0, 0x0, 0x1, 0x9f, 0xff, 0xf4,
    0x2f, 0xf2, 0x0, 0x0, 0x0, 0x2, 0x8c, 0xe3,

    /* U+0488 "҈" */
    0x0, 0x0, 0x0, 0x0, 0x0, 0x0, 0x0, 0x0,
    0x0, 0x0, 0x0, 0x0, 0x0, 0x0, 0x0, 0x0,
    0x0, 0x0, 0x1a, 0xfe, 0x80, 0x0, 0x0, 0x0,
    0x0, 0x0, 0x0, 0x0, 0x0, 0x0, 0x0, 0x8d,
    0x45, 0xf4, 0x0, 0x0, 0x0, 0x0, 0x0, 0x0,
    0x0, 0x0, 0x0, 0x0, 0xb6, 0x0, 0xa7, 0x0,
    0x0, 0x0, 0x0, 0x0, 0x0, 0x1b, 0xfd, 0x50,
    0x0, 0x0, 0x0, 0x0, 0x0, 0x5, 0xdf, 0xb1,
    0x0, 0x0, 0x9c, 0x47, 0xf1, 0x0, 0x0, 0x0,
    0x0, 0x0, 0x1f, 0x74, 0xc9, 0x0, 0x0, 0xd5,
    0x0, 0xd5, 0x0, 0x0, 0x0, 0x0, 0x0, 0x5d,
    0x0, 0x5d, 0x0, 0x0, 0x41, 0x0, 0x31, 0x0,
    0x0, 0x0, 0x0, 0x0, 0x13, 0x0, 0x14, 0x0,
    0x0, 0x0, 0x0, 0x0, 0x0, 0x0, 0x0, 0x0,
    0x0, 0x0, 0x0, 0x0, 0x0, 0x0, 0x0, 0x0,
    0x0, 0x0, 0x0, 0x0, 0x0, 0x0, 0x0, 0x0,
    0x0, 0x0, 0x0, 0x0, 0x0, 0x0, 0x0, 0x0,
    0x0, 0x0, 0x0, 0x0, 0x0, 0x0, 0x0, 0x6,
    0xef, 0xb1, 0x0, 0x0, 0x0, 0x0, 0x0, 0x0,
    0x0, 0x1b, 0xfe, 0x60, 0x2f, 0x64, 0xc9, 0x0,
    0x0, 0x0, 0x0, 0x0, 0x0, 0x0, 0x9c, 0x46,
    0xf2, 0x6c, 0x0, 0x5d, 0x0, 0x0, 0x0, 0x0,
    0x0, 0x0, 0x0, 0xd5, 0x0, 0xc6, 0x0, 0x0,
    0x0, 0x0, 0x0, 0x0, 0x0, 0x0, 0x0, 0x0,
    0x0, 0x0, 0x0, 0x0, 0x0, 0x0, 0x0, 0x0,
    0x0, 0x0, 0x0, 0x0, 0x0, 0x0, 0x0, 0x0,
    0x0, 0x0, 0x0, 0x0, 0x0, 0x0, 0x0, 0x0,
    0x0, 0x0, 0x0, 0x0, 0x0, 0x0, 0x0, 0x0,
    0x0, 0x0, 0x0, 0x0, 0x0, 0x0, 0x0, 0x0,
    0x0, 0x0, 0x0, 0x1b, 0xfe, 0x60, 0x0, 0x0,
    0x0, 0x0, 0x0, 0x6, 0xef, 0xb1, 0x0, 0x0,
    0xac, 0x46, 0xf2, 0x0, 0x0, 0x0, 0x0, 0x0,
    0x2f, 0x64, 0xca, 0x0, 0x0, 0xd4, 0x0, 0xc5,
    0x0, 0x0, 0x0, 0x0, 0x0, 0x5c, 0x0, 0x4d,
    0x0, 0x0, 0x0, 0x0, 0x0, 0x0, 0xa, 0xfe,
    0x70, 0x0, 0x0, 0x0, 0x0, 0x0, 0x0, 0x0,
    0x0, 0x0, 0x0, 0x7d, 0x45, 0xf3, 0x0, 0x0,
    0x0, 0x0, 0x0, 0x0, 0x0, 0x0, 0x0, 0x0,
    0xb6, 0x0, 0xb7, 0x0, 0x0, 0x0, 0x0, 0x0,
    0x0, 0x0, 0x0, 0x0, 0x0, 0x21, 0x0, 0x11,
    0x0, 0x0, 0x0, 0x0, 0x0,

    /* U+0489 "҉" */
    0x0, 0x0, 0x0, 0x0, 0x0, 0x0, 0x4, 0x0,
    0x0, 0x0, 0x0, 0x0, 0x0, 0x0, 0x0, 0x0,
    0x0, 0x0, 0x0, 0x99, 0x0, 0x0, 0x0, 0x0,
    0x0, 0x0, 0x0, 0x0, 0x0, 0x0, 0x0, 0x1,
    0xe0, 0x0, 0x0, 0x0, 0x0, 0x0, 0x0, 0x0,
    0x0, 0x0, 0x0, 0x0, 0x2, 0xfa, 0x0, 0x0,
    0x0, 0x0, 0x0, 0x0, 0x0, 0x0, 0x20, 0x0,
    0x0, 0x3, 0xfc, 0x0, 0x0, 0x0, 0x27, 0x60,
    0x0, 0x0, 0x0, 0xe0, 0x0, 0x0, 0x0, 0x0,
    0x0, 0x0, 0x4, 0xe7, 0x50, 0x0, 0x0, 0x0,
    0xe3, 0x30, 0x0, 0x0, 0x0, 0x0, 0x0, 0x2f,
    0xe1, 0x0, 0x0, 0x0, 0x0, 0x8f, 0xe2, 0x0,
    0x0, 0x0, 0x0, 0x0, 0x9, 0x80, 0x0, 0x0,
    0x0, 0x0, 0xa, 0xa0, 0x0, 0x0, 0x0, 0x0,
    0x0, 0x0, 0x0, 0x0, 0x0, 0x0, 0x0, 0x0,
    0x0, 0x0, 0x0, 0x0, 0x0, 0x0, 0x0, 0x0,
    0x0, 0x0, 0x0, 0x0, 0x0, 0x0, 0x0, 0x0,
    0x0, 0x0, 0x0, 0x0, 0x0, 0x0, 0x0, 0x0,
    0x0, 0x0, 0x0, 0x0, 0x0, 0x0, 0x0, 0x0,
    0x0, 0x0, 0x0, 0x0, 0x0, 0x0, 0x0, 0x0,
    0x0, 0x0, 0x0, 0x0, 0x0, 0x0, 0x7f, 0xfb,
    0x20, 0xc, 0x67, 0xf7, 0x0, 0x0, 0x0, 0x0,
    0x0, 0x0, 0x0, 0x6f, 0x65, 0xc0, 0x1, 0xae,
    0xf6, 0x0, 0x0, 0x0, 0x0, 0x0, 0x0, 0x0,
    0x0, 0x0, 0x0, 0x0, 0x0, 0x0, 0x0, 0x0,
    0x0, 0x0, 0x0, 0x0, 0x0, 0x0, 0x0, 0x0,
    0x0, 0x0, 0x0, 0x0, 0x0, 0x0, 0x0, 0x0,
    0x0, 0x0, 0x0, 0x0, 0x0, 0x0, 0x0, 0x0,
    0x0, 0x0, 0x0, 0x0, 0x0, 0x0, 0x2, 0x20,
    0x0, 0x0, 0x0, 0x0, 0x2, 0x20, 0x0, 0x0,
    0x0, 0x0, 0x0, 0x2e, 0xe2, 0x0, 0x0, 0x0,
    0x0, 0x1e, 0xe2, 0x0, 0x0, 0x0, 0x0, 0x0,
    0x9, 0x9c, 0x0, 0x0, 0x0, 0x1, 0xd, 0x90,
    0x0, 0x0, 0x0, 0x0, 0x0, 0x0, 0xe, 0x0,
    0x0, 0x0, 0xa, 0xb5, 0x0, 0x0, 0x2, 0xea,
    0x0, 0x0, 0x0, 0x6, 0x0, 0x0, 0x0, 0x0,
    0x0, 0x0, 0x0, 0x3, 0xfc, 0x0, 0x0, 0x0,
    0x0, 0x0, 0x0, 0x0, 0x0, 0x0, 0x0, 0x0,
    0x0, 0x4a, 0x0, 0x0, 0x0, 0x0, 0x0, 0x0,
    0x0, 0x0, 0x0, 0x0, 0x0, 0x1, 0xd4, 0x0,
    0x0, 0x0, 0x0, 0x0, 0x0, 0x0, 0x0, 0x0,
    0x0, 0x0, 0x1, 0x40, 0x0, 0x0, 0x0, 0x0,
    0x0, 0x0,

    /* U+048A "Ҋ" */
    0x0, 0x0, 0x48, 0x10, 0x0, 0x38, 0x20, 0x0,
    0x0, 0x0, 0x0, 0x5f, 0xa0, 0x1, 0xdf, 0x10,
    0x0, 0x0, 0x0, 0x0, 0xc, 0xff, 0xef, 0xf8,
    0x0, 0x0, 0x0, 0x0, 0x0, 0x1, 0x9d, 0xfd,
    0x60, 0x0, 0x0, 0x0, 0x0, 0x0, 0x0, 0x0,
    0x0, 0x0, 0x0, 0x0, 0x0, 0x1f, 0xff, 0x70,
    0x0, 0x0, 0x4, 0xff, 0xfc, 0x0, 0x1f, 0xff,
    0x70, 0x0, 0x0, 0xd, 0xff, 0xfc, 0x0, 0x1f,
    0xff, 0x70, 0x0, 0x0, 0x7f, 0xff, 0xfc, 0x0,
    0x1f, 0xff, 0x70, 0x0, 0x1, 0xff, 0xff, 0xfc,
    0x0, 0x1f, 0xff, 0x70, 0x0, 0xa, 0xff, 0xff,
    0xfc, 0x0, 0x1f, 0xff, 0x70, 0x0, 0x4f, 0xff,
    0xff, 0xfc, 0x0, 0x1f, 0xff, 0x70, 0x0, 0xdf,
    0xff, 0xff, 0xfc, 0x0, 0x1f, 0xff, 0x70, 0x7,
    0xff, 0xfa, 0xcf, 0xfc, 0x0, 0x1f, 0xff, 0x70,
    0x1f, 0xff, 0xf1, 0xcf, 0xfc, 0x0, 0x1f, 0xff,
    0x70, 0xaf, 0xff, 0x70, 0xcf, 0xfc, 0x0, 0x1f,
    0xff, 0x74, 0xff, 0xfd, 0x0, 0xcf, 0xfc, 0x0,
    0x1f, 0xff, 0x7d, 0xff, 0xf4, 0x0, 0xcf, 0xfc,
    0x0, 0x1f, 0xff, 0xdf, 0xff, 0xa0, 0x0, 0xcf,
    0xfc, 0x0, 0x1f, 0xff, 0xff, 0xff, 0x10, 0x0,
    0xcf, 0xfc, 0x0, 0x1f, 0xff, 0xff, 0xf6, 0x0,
    0x0, 0xcf, 0xfc, 0x0, 0x1f, 0xff, 0xff, 0xd0,
    0x0, 0x0, 0xcf, 0xfc, 0x32, 0x1f, 0xff, 0xff,
    0x30, 0x0, 0x0, 0xcf, 0xff, 0xf9, 0x1f, 0xff,
    0xf9, 0x0, 0x0, 0x0, 0xcf, 0xff, 0xf3, 0x1f,
    0xff, 0xe1, 0x0, 0x0, 0x0, 0xcf, 0xff, 0xe0,
    0x0, 0x0, 0x0, 0x0, 0x0, 0x0, 0x6, 0xff,
    0x80, 0x0, 0x0, 0x0, 0x0, 0x0, 0x0, 0xc,
    0xff, 0x30, 0x0, 0x0, 0x0, 0x0, 0x0, 0x0,
    0x2f, 0xfd, 0x0, 0x0, 0x0, 0x0, 0x0, 0x0,
    0x0, 0x9f, 0xf8, 0x0,

    /* U+048B "ҋ" */
    0x0, 0xb, 0xf0, 0x0, 0xc, 0xe0, 0x0, 0x0,
    0x0, 0x7f, 0x91, 0x7, 0xfa, 0x0, 0x0, 0x0,
    0x0, 0xdf, 0xff, 0xff, 0x20, 0x0, 0x0, 0x0,
    0x1, 0x9d, 0xda, 0x20, 0x0, 0x0, 0x0, 0x0,
    0x0, 0x0, 0x0, 0x0, 0x0, 0x3, 0xff, 0xf3,
    0x0, 0x0, 0xaf, 0xff, 0x30, 0x3f, 0xff, 0x30,
    0x0, 0x4f, 0xff, 0xf3, 0x3, 0xff, 0xf3, 0x0,
    0xd, 0xff, 0xff, 0x30, 0x3f, 0xff, 0x30, 0x7,
    0xff, 0xff, 0xf3, 0x3, 0xff, 0xf3, 0x2, 0xff,
    0xff, 0xff, 0x30, 0x3f, 0xff, 0x30, 0xbf, 0xfb,
    0xff, 0xf3, 0x3, 0xff, 0xf3, 0x5f, 0xfd, 0x4f,
    0xff, 0x30, 0x3f, 0xff, 0x4e, 0xff, 0x33, 0xff,
    0xf3, 0x3, 0xff, 0xfc, 0xff, 0x90, 0x3f, 0xff,
    0x30, 0x3f, 0xff, 0xff, 0xe1, 0x3, 0xff, 0xf3,
    0x3, 0xff, 0xff, 0xf6, 0x0, 0x3f, 0xff, 0x30,
    0x3f, 0xff, 0xfc, 0x0, 0x3, 0xff, 0xff, 0xc3,
    0xff, 0xff, 0x20, 0x0, 0x3f, 0xff, 0xf7, 0x3f,
    0xff, 0x80, 0x0, 0x3, 0xff, 0xff, 0x10, 0x0,
    0x0, 0x0, 0x0, 0x0, 0xef, 0xb0, 0x0, 0x0,
    0x0, 0x0, 0x0, 0x5f, 0xf5, 0x0, 0x0, 0x0,
    0x0, 0x0, 0xc, 0xff, 0x0, 0x0, 0x0, 0x0,
    0x0, 0x1, 0x88, 0x50, 0x0,

    /* U+048C "Ҍ" */
    0x0, 0xff, 0xfb, 0x0, 0x0, 0x0, 0x0, 0x0,
    0x0, 0x0, 0xff, 0xfb, 0x0, 0x0, 0x0, 0x0,
    0x0, 0x0, 0x0, 0xff, 0xfb, 0x0, 0x0, 0x0,
    0x0, 0x0, 0x0, 0xcf, 0xff, 0xff, 0xf8, 0x0,
    0x0, 0x0, 0x0, 0x0, 0xcf, 0xff, 0xff, 0xf8,
    0x0, 0x0, 0x0, 0x0, 0x0, 0x56, 0xff, 0xfd,
    0x63, 0x0, 0x0, 0x0, 0x0, 0x0, 0x0, 0xff,
    0xfb, 0x0, 0x0, 0x0, 0x0, 0x0, 0x0, 0x0,
    0xff, 0xfc, 0x22, 0x22, 0x22, 0x0, 0x0, 0x0,
    0x0, 0xff, 0xff, 0xff, 0xff, 0xff, 0xfc, 0x60,
    0x0, 0x0, 0xff, 0xff, 0xff, 0xff, 0xff, 0xff,
    0xfc, 0x10, 0x0, 0xff, 0xff, 0xff, 0xff, 0xff,
    0xff, 0xff, 0xb0, 0x0, 0xff, 0xfb, 0x0, 0x0,
    0x2, 0x8f, 0xff, 0xf2, 0x0, 0xff, 0xfb, 0x0,
    0x0, 0x0, 0x9, 0xff, 0xf6, 0x0, 0xff, 0xfb,
    0x0, 0x0, 0x0, 0x6, 0xff, 0xf7, 0x0, 0xff,
    0xfb, 0x0, 0x0, 0x0, 0xb, 0xff, 0xf5, 0x0,
    0xff, 0xfc, 0x22, 0x22, 0x34, 0xbf, 0xff, 0xf1,
    0x0, 0xff, 0xff, 0xff, 0xff, 0xff, 0xff, 0xff,
    0xa0, 0x0, 0xff, 0xff, 0xff, 0xff, 0xff, 0xff,
    0xfc, 0x0, 0x0, 0xff, 0xff, 0xff, 0xff, 0xff,
    0xeb, 0x60, 0x0,

    /* U+048D "ҍ" */
    0x1, 0xff, 0xf8, 0x0, 0x0, 0x0, 0x0, 0x4,
    0x7f, 0xff, 0xb6, 0x10, 0x0, 0x0, 0x0, 0xaf,
    0xff, 0xff, 0xf2, 0x0, 0x0, 0x0, 0xa, 0xff,
    0xff, 0xff, 0x20, 0x0, 0x0, 0x0, 0x1, 0xff,
    0xf8, 0x0, 0x0, 0x0, 0x0, 0x0, 0x1f, 0xff,
    0x80, 0x0, 0x0, 0x0, 0x0, 0x1, 0xff, 0xf8,
    0x0, 0x0, 0x0, 0x0, 0x0, 0x1f, 0xff, 0x80,
    0x0, 0x0, 0x0, 0x0, 0x1, 0xff, 0xf8, 0x0,
    0x0, 0x0, 0x0, 0x0, 0x1f, 0xff, 0x80, 0x0,
    0x0, 0x0, 0x0, 0x1, 0xff, 0xf8, 0x0, 0x0,
    0x0, 0x0, 0x0, 0x1f, 0xff, 0xff, 0xff, 0xff,
    0xd8, 0x10, 0x1, 0xff, 0xff, 0xff, 0xff, 0xff,
    0xfe, 0x10, 0x1f, 0xff, 0xa3, 0x34, 0x5a, 0xff,
    0xfa, 0x1, 0xff, 0xf8, 0x0, 0x0, 0xd, 0xff,
    0xe0, 0x1f, 0xff, 0x80, 0x0, 0x0, 0xdf, 0xfe,
    0x1, 0xff, 0xfa, 0x44, 0x45, 0xbf, 0xff, 0xb0,
    0x1f, 0xff, 0xff, 0xff, 0xff, 0xff, 0xe2, 0x1,
    0xff, 0xff, 0xff, 0xff, 0xfd, 0x81, 0x0,

    /* U+048E "Ҏ" */
    0x1f, 0xff, 0xff, 0xff, 0xfe, 0xda, 0x30, 0x0,
    0x1f, 0xff, 0xff, 0xff, 0xff, 0xff, 0xf7, 0x0,
    0x1f, 0xff, 0xff, 0xff, 0xff, 0xff, 0xff, 0x30,
    0x1f, 0xff, 0xb3, 0x33, 0x47, 0xef, 0xff, 0xb0,
    0x1f, 0xff, 0xa0, 0x0, 0x0, 0x2f, 0xff, 0xf0,
    0x1f, 0xff, 0xa0, 0x0, 0x3, 0xc, 0xff, 0xf1,
    0x1f, 0xff, 0xa0, 0x0, 0x8f, 0x4c, 0xff, 0xf1,
    0x1f, 0xff, 0xa0, 0x1, 0xef, 0xff, 0xff, 0xf0,
    0x1f, 0xff, 0xb3, 0x33, 0x8f, 0xff, 0xff, 0xb0,
    0x1f, 0xff, 0xff, 0xff, 0xff, 0xff, 0xff, 0x30,
    0x1f, 0xff, 0xff, 0xff, 0xff, 0xff, 0xfe, 0x20,
    0x1f, 0xff, 0xff, 0xff, 0xfe, 0xd9, 0xff, 0xe0,
    0x1f, 0xff, 0xa0, 0x0, 0x0, 0x0, 0x4e, 0x40,
    0x1f, 0xff, 0xa0, 0x0, 0x0, 0x0, 0x0, 0x0,
    0x1f, 0xff, 0xa0, 0x0, 0x0, 0x0, 0x0, 0x0,
    0x1f, 0xff, 0xa0, 0x0, 0x0, 0x0, 0x0, 0x0,
    0x1f, 0xff, 0xa0, 0x0, 0x0, 0x0, 0x0, 0x0,
    0x1f, 0xff, 0xa0, 0x0, 0x0, 0x0, 0x0, 0x0,
    0x1f, 0xff, 0xa0, 0x0, 0x0, 0x0, 0x0, 0x0,

    /* U+048F "ҏ" */
    0x3f, 0xff, 0x13, 0xae, 0xfd, 0x80, 0x0, 0x3,
    0xff, 0xf6, 0xff, 0xff, 0xff, 0xd1, 0x0, 0x3f,
    0xff, 0xff, 0xfe, 0xff, 0xff, 0xc0, 0x3, 0xff,
    0xff, 0x80, 0x2, 0xdf, 0xff, 0x40, 0x3f, 0xff,
    0xc0, 0x0, 0x3, 0xff, 0xf9, 0x3, 0xff, 0xf7,
    0x0, 0x0, 0xe, 0xff, 0xc0, 0x3f, 0xff, 0x50,
    0x0, 0x0, 0xcf, 0xfe, 0x3, 0xff, 0xf5, 0x0,
    0x1, 0xc, 0xff, 0xe0, 0x3f, 0xff, 0x80, 0x3,
    0xe7, 0xdf, 0xfc, 0x3, 0xff, 0xfd, 0x0, 0xbf,
    0xff, 0xff, 0x90, 0x3f, 0xff, 0xfa, 0x0, 0xdf,
    0xff, 0xf3, 0x3, 0xff, 0xff, 0xff, 0xef, 0xff,
    0xfc, 0x0, 0x3f, 0xff, 0x8e, 0xff, 0xff, 0xff,
    0xf7, 0x3, 0xff, 0xf5, 0x19, 0xef, 0xd7, 0xcf,
    0xf2, 0x3f, 0xff, 0x50, 0x0, 0x0, 0x1, 0xd6,
    0x3, 0xff, 0xf5, 0x0, 0x0, 0x0, 0x0, 0x0,
    0x3f, 0xff, 0x50, 0x0, 0x0, 0x0, 0x0, 0x3,
    0xff, 0xf5, 0x0, 0x0, 0x0, 0x0, 0x0, 0x3f,
    0xff, 0x50, 0x0, 0x0, 0x0, 0x0, 0x0,

    /* U+0490 "Ґ" */
    0x0, 0x0, 0x0, 0x2, 0xff, 0xf0, 0x0, 0x0,
    0x0, 0x2f, 0xff, 0x0, 0x0, 0x0, 0x2, 0xff,
    0xf0, 0x0, 0x0, 0x0, 0x2f, 0xff, 0x1f, 0xff,
    0xff, 0xff, 0xff, 0xf1, 0xff, 0xff, 0xff, 0xff,
    0xff, 0x1f, 0xff, 0xff, 0xff, 0xff, 0xf1, 0xff,
    0xfb, 0x33, 0x33, 0x33, 0x1f, 0xff, 0xa0, 0x0,
    0x0, 0x1, 0xff, 0xfa, 0x0, 0x0, 0x0, 0x1f,
    0xff, 0xa0, 0x0, 0x0, 0x1, 0xff, 0xfa, 0x0,
    0x0, 0x0, 0x1f, 0xff, 0xa0, 0x0, 0x0, 0x1,
    0xff, 0xfa, 0x0, 0x0, 0x0, 0x1f, 0xff, 0xa0,
    0x0, 0x0, 0x1, 0xff, 0xfa, 0x0, 0x0, 0x0,
    0x1f, 0xff, 0xa0, 0x0, 0x0, 0x1, 0xff, 0xfa,
    0x0, 0x0, 0x0, 0x1f, 0xff, 0xa0, 0x0, 0x0,
    0x1, 0xff, 0xfa, 0x0, 0x0, 0x0, 0x1f, 0xff,
    0xa0, 0x0, 0x0, 0x1, 0xff, 0xfa, 0x0, 0x0,
    0x0, 0x1f, 0xff, 0xa0, 0x0, 0x0, 0x0,

    /* U+0491 "ґ" */
    0x0, 0x0, 0x0, 0x8, 0x86, 0x0, 0x0, 0x0,
    0x1f, 0xfc, 0x0, 0x0, 0x0, 0x1f, 0xfc, 0x0,
    0x0, 0x0, 0x1f, 0xfc, 0x4f, 0xff, 0xff, 0xff,
    0xfc, 0x4f, 0xff, 0xff, 0xff, 0xfc, 0x4f, 0xff,
    0xff, 0xff, 0xfb, 0x4f, 0xff, 0x40, 0x0, 0x0,
    0x4f, 0xff, 0x40, 0x0, 0x0, 0x4f, 0xff, 0x40,
    0x0, 0x0, 0x4f, 0xff, 0x40, 0x0, 0x0, 0x4f,
    0xff, 0x40, 0x0, 0x0, 0x4f, 0xff, 0x40, 0x0,
    0x0, 0x4f, 0xff, 0x40, 0x0, 0x0, 0x4f, 0xff,
    0x40, 0x0, 0x0, 0x4f, 0xff, 0x40, 0x0, 0x0,
    0x4f, 0xff, 0x40, 0x0, 0x0, 0x4f, 0xff, 0x40,
    0x0, 0x0,

    /* U+0492 "Ғ" */
    0x0, 0xe, 0xff, 0xff, 0xff, 0xff, 0xff, 0xfb,
    0x0, 0xe, 0xff, 0xff, 0xff, 0xff, 0xff, 0xfb,
    0x0, 0xe, 0xff, 0xff, 0xff, 0xff, 0xff, 0xfb,
    0x0, 0xe, 0xff, 0xd2, 0x22, 0x22, 0x22, 0x21,
    0x0, 0xe, 0xff, 0xd0, 0x0, 0x0, 0x0, 0x0,
    0x0, 0xe, 0xff, 0xd0, 0x0, 0x0, 0x0, 0x0,
    0x0, 0xe, 0xff, 0xd0, 0x0, 0x0, 0x0, 0x0,
    0x0, 0xe, 0xff, 0xd0, 0x0, 0x0, 0x0, 0x0,
    0x6, 0x6f, 0xff, 0xe6, 0x66, 0x30, 0x0, 0x0,
    0xf, 0xff, 0xff, 0xff, 0xff, 0x90, 0x0, 0x0,
    0xf, 0xff, 0xff, 0xff, 0xff, 0x90, 0x0, 0x0,
    0x0, 0xe, 0xff, 0xd0, 0x0, 0x0, 0x0, 0x0,
    0x0, 0xe, 0xff, 0xd0, 0x0, 0x0, 0x0, 0x0,
    0x0, 0xe, 0xff, 0xd0, 0x0, 0x0, 0x0, 0x0,
    0x0, 0xe, 0xff, 0xd0, 0x0, 0x0, 0x0, 0x0,
    0x0, 0xe, 0xff, 0xd0, 0x0, 0x0, 0x0, 0x0,
    0x0, 0xe, 0xff, 0xd0, 0x0, 0x0, 0x0, 0x0,
    0x0, 0xe, 0xff, 0xd0, 0x0, 0x0, 0x0, 0x0,
    0x0, 0xe, 0xff, 0xd0, 0x0, 0x0, 0x0, 0x0,

    /* U+0493 "ғ" */
    0x4, 0xff, 0xff, 0xff, 0xff, 0xd0, 0x4f, 0xff,
    0xff, 0xff, 0xfd, 0x4, 0xff, 0xff, 0xff, 0xff,
    0xc0, 0x4f, 0xff, 0x40, 0x0, 0x0, 0x4, 0xff,
    0xf4, 0x0, 0x0, 0x0, 0x4f, 0xff, 0x40, 0x0,
    0x0, 0xef, 0xff, 0xff, 0xfa, 0x0, 0xe, 0xff,
    0xff, 0xff, 0xa0, 0x0, 0x37, 0xff, 0xf7, 0x32,
    0x0, 0x0, 0x4f, 0xff, 0x40, 0x0, 0x0, 0x4,
    0xff, 0xf4, 0x0, 0x0, 0x0, 0x4f, 0xff, 0x40,
    0x0, 0x0, 0x4, 0xff, 0xf4, 0x0, 0x0, 0x0,
    0x4f, 0xff, 0x40, 0x0, 0x0,

    /* U+0494 "Ҕ" */
    0xf, 0xff, 0xff, 0xff, 0xff, 0xff, 0xf9, 0x0,
    0xf, 0xff, 0xff, 0xff, 0xff, 0xff, 0xf9, 0x0,
    0xf, 0xff, 0xff, 0xff, 0xff, 0xff, 0xf9, 0x0,
    0xf, 0xff, 0xc2, 0x22, 0x22, 0x22, 0x21, 0x0,
    0xf, 0xff, 0xb0, 0x0, 0x0, 0x0, 0x0, 0x0,
    0xf, 0xff, 0xb0, 0x0, 0x0, 0x0, 0x0, 0x0,
    0xf, 0xff, 0xb4, 0xad, 0xff, 0xd8, 0x10, 0x0,
    0xf, 0xff, 0xff, 0xff, 0xff, 0xff, 0xe3, 0x0,
    0xf, 0xff, 0xff, 0xff, 0xff, 0xff, 0xff, 0x20,
    0xf, 0xff, 0xfd, 0x73, 0x25, 0xdf, 0xff, 0xb0,
    0xf, 0xff, 0xc0, 0x0, 0x0, 0x1e, 0xff, 0xf2,
    0xf, 0xff, 0xb0, 0x0, 0x0, 0x8, 0xff, 0xf6,
    0xf, 0xff, 0xb0, 0x0, 0x0, 0x4, 0xff, 0xf9,
    0xf, 0xff, 0xb0, 0x0, 0x0, 0x2, 0xff, 0xfa,
    0xf, 0xff, 0xb0, 0x0, 0x0, 0x1, 0xff, 0xfa,
    0xf, 0xff, 0xb0, 0x0, 0x0, 0x1, 0xff, 0xf9,
    0xf, 0xff, 0xb0, 0x0, 0x0, 0x3, 0xff, 0xf8,
    0xf, 0xff, 0xb0, 0x0, 0x0, 0x5, 0xff, 0xf6,
    0xf, 0xff, 0xb0, 0x0, 0x0, 0xa, 0xff, 0xf2,
    0x0, 0x0, 0x10, 0x0, 0x0, 0x3f, 0xff, 0xd0,
    0xa, 0xef, 0xf7, 0x10, 0x5, 0xef, 0xff, 0x60,
    0x4, 0xff, 0xff, 0xff, 0xff, 0xff, 0xfb, 0x0,
    0x0, 0x5f, 0xff, 0xff, 0xff, 0xff, 0xa0, 0x0,
    0x0, 0x1, 0x7c, 0xef, 0xfd, 0x94, 0x0, 0x0,

    /* U+0495 "ҕ" */
    0x4f, 0xff, 0xff, 0xff, 0xff, 0x50, 0x0, 0x4,
    0xff, 0xff, 0xff, 0xff, 0xf5, 0x0, 0x0, 0x4f,
    0xff, 0xff, 0xff, 0xff, 0x50, 0x0, 0x4, 0xff,
    0xf4, 0x0, 0x0, 0x0, 0x0, 0x0, 0x4f, 0xff,
    0x40, 0x0, 0x0, 0x0, 0x0, 0x4, 0xff, 0xfb,
    0xce, 0xed, 0xa4, 0x0, 0x0, 0x4f, 0xff, 0xff,
    0xff, 0xff, 0xfb, 0x0, 0x4, 0xff, 0xff, 0xff,
    0xff, 0xff, 0xfa, 0x0, 0x4f, 0xff, 0xb4, 0x10,
    0x4e, 0xff, 0xf4, 0x4, 0xff, 0xf4, 0x0, 0x0,
    0x3f, 0xff, 0xa0, 0x4f, 0xff, 0x40, 0x0, 0x0,
    0xdf, 0xfe, 0x4, 0xff, 0xf4, 0x0, 0x0, 0xb,
    0xff, 0xf0, 0x4f, 0xff, 0x40, 0x0, 0x0, 0xbf,
    0xff, 0x4, 0xff, 0xf4, 0x0, 0x0, 0xd, 0xff,
    0xe0, 0x0, 0x0, 0x0, 0x0, 0x2, 0xff, 0xfa,
    0x1, 0xbd, 0xfc, 0x30, 0x3, 0xdf, 0xff, 0x40,
    0xa, 0xff, 0xff, 0xff, 0xff, 0xff, 0xb0, 0x0,
    0xb, 0xff, 0xff, 0xff, 0xff, 0xb1, 0x0, 0x0,
    0x5, 0xbe, 0xff, 0xeb, 0x50, 0x0, 0x0,

    /* U+0496 "Җ" */
    0x8f, 0xeb, 0x50, 0x0, 0x1, 0xff, 0xf9, 0x0,
    0x0, 0x19, 0xdf, 0xf0, 0x8f, 0xff, 0xf8, 0x0,
    0x1, 0xff, 0xf9, 0x0, 0x2, 0xef, 0xff, 0xf0,
    0x6d, 0xff, 0xff, 0x30, 0x1, 0xff, 0xf9, 0x0,
    0xb, 0xff, 0xfe, 0xc0, 0x0, 0x1c, 0xff, 0xb0,
    0x1, 0xff, 0xf9, 0x0, 0x3f, 0xff, 0x60, 0x0,
    0x0, 0x2, 0xff, 0xf2, 0x1, 0xff, 0xf9, 0x0,
    0xaf, 0xfb, 0x0, 0x0, 0x0, 0x0, 0xcf, 0xf8,
    0x1, 0xff, 0xf9, 0x1, 0xff, 0xf4, 0x0, 0x0,
    0x0, 0x0, 0x6f, 0xfe, 0x1, 0xff, 0xf9, 0x7,
    0xff, 0xe0, 0x0, 0x0, 0x0, 0x0, 0xe, 0xff,
    0xa2, 0xff, 0xf9, 0x4f, 0xff, 0x70, 0x0, 0x0,
    0x0, 0x0, 0x3, 0xff, 0xff, 0xff, 0xff, 0xff,
    0xfb, 0x0, 0x0, 0x0, 0x0, 0x0, 0x2, 0xcf,
    0xff, 0xff, 0xff, 0xff, 0xf7, 0x0, 0x0, 0x0,
    0x0, 0x0, 0x3f, 0xff, 0xfc, 0xff, 0xfd, 0xef,
    0xff, 0xb0, 0x0, 0x0, 0x0, 0x0, 0xef, 0xff,
    0x61, 0xff, 0xf9, 0x1d, 0xff, 0xf7, 0x0, 0x0,
    0x0, 0x8, 0xff, 0xfc, 0x1, 0xff, 0xf9, 0x4,
    0xff, 0xff, 0x10, 0x0, 0x0, 0x1f, 0xff, 0xf4,
    0x1, 0xff, 0xf9, 0x0, 0xbf, 0xff, 0x80, 0x0,
    0x0, 0x8f, 0xff, 0xb0, 0x1, 0xff, 0xf9, 0x0,
    0x3f, 0xff, 0xf1, 0x0, 0x1, 0xff, 0xff, 0x40,
    0x1, 0xff, 0xf9, 0x0, 0xc, 0xff, 0xfa, 0x40,
    0x7, 0xff, 0xfd, 0x0, 0x1, 0xff, 0xf9, 0x0,
    0x5, 0xff, 0xff, 0xf3, 0xe, 0xff, 0xf6, 0x0,
    0x1, 0xff, 0xf9, 0x0, 0x0, 0xdf, 0xff, 0xf3,
    0x7f, 0xff, 0xe0, 0x0, 0x1, 0xff, 0xf9, 0x0,
    0x0, 0x6f, 0xff, 0xf3, 0x0, 0x0, 0x0, 0x0,
    0x0, 0x0, 0x0, 0x0, 0x0, 0x0, 0xef, 0xf3,
    0x0, 0x0, 0x0, 0x0, 0x0, 0x0, 0x0, 0x0,
    0x0, 0x0, 0xef, 0xf3, 0x0, 0x0, 0x0, 0x0,
    0x0, 0x0, 0x0, 0x0, 0x0, 0x0, 0xef, 0xf3,
    0x0, 0x0, 0x0, 0x0, 0x0, 0x0, 0x0, 0x0,
    0x0, 0x0, 0xef, 0xf3,

    /* U+0497 "җ" */
    0x9, 0xfe, 0x91, 0x0, 0x8f, 0xff, 0x0, 0x5,
    0xdf, 0xf0, 0x9, 0xff, 0xfb, 0x0, 0x8f, 0xff,
    0x0, 0x4f, 0xff, 0xf0, 0x3, 0x8e, 0xff, 0x30,
    0x8f, 0xff, 0x0, 0xcf, 0xfa, 0x70, 0x0, 0x4,
    0xff, 0x90, 0x8f, 0xff, 0x1, 0xff, 0xb0, 0x0,
    0x0, 0x0, 0xef, 0xe0, 0x8f, 0xff, 0x7, 0xff,
    0x50, 0x0, 0x0, 0x0, 0x8f, 0xf8, 0x9f, 0xff,
    0x3e, 0xfe, 0x0, 0x0, 0x0, 0x0, 0xc, 0xff,
    0xff, 0xff, 0xff, 0xf5, 0x0, 0x0, 0x0, 0x0,
    0x2b, 0xff, 0xff, 0xff, 0xff, 0xe7, 0x0, 0x0,
    0x0, 0x1, 0xef, 0xfa, 0xaf, 0xff, 0x6e, 0xff,
    0x80, 0x0, 0x0, 0xa, 0xff, 0xd0, 0x8f, 0xff,
    0x5, 0xff, 0xf3, 0x0, 0x0, 0x3f, 0xff, 0x50,
    0x8f, 0xff, 0x0, 0xef, 0xfb, 0x0, 0x0, 0xbf,
    0xfe, 0x0, 0x8f, 0xff, 0x0, 0x7f, 0xff, 0xf7,
    0x3, 0xff, 0xf7, 0x0, 0x8f, 0xff, 0x0, 0x1f,
    0xff, 0xf7, 0xc, 0xff, 0xf1, 0x0, 0x8f, 0xff,
    0x0, 0x9, 0xff, 0xf7, 0x0, 0x0, 0x0, 0x0,
    0x0, 0x0, 0x0, 0x0, 0x7f, 0xf7, 0x0, 0x0,
    0x0, 0x0, 0x0, 0x0, 0x0, 0x0, 0x7f, 0xf7,
    0x0, 0x0, 0x0, 0x0, 0x0, 0x0, 0x0, 0x0,
    0x7f, 0xf7, 0x0, 0x0, 0x0, 0x0, 0x0, 0x0,
    0x0, 0x0, 0x38, 0x83,

    /* U+0498 "Ҙ" */
    0x0, 0x1, 0x8c, 0xef, 0xfd, 0x93, 0x0, 0x0,
    0x5, 0xff, 0xff, 0xff, 0xff, 0xf9, 0x0, 0x3,
    0xff, 0xff, 0xff, 0xff, 0xff, 0xf9, 0x0, 0xbf,
    0xff, 0xc4, 0x23, 0xaf, 0xff, 0xf0, 0xa, 0xdf,
    0xe0, 0x0, 0x0, 0xcf, 0xff, 0x20, 0x0, 0x12,
    0x0, 0x0, 0x9, 0xff, 0xf1, 0x0, 0x0, 0x0,
    0x0, 0x0, 0xdf, 0xfb, 0x0, 0x0, 0x0, 0x0,
    0x14, 0xbf, 0xfd, 0x10, 0x0, 0x0, 0x0, 0x8f,
    0xff, 0xfa, 0x10, 0x0, 0x0, 0x0, 0x8, 0xff,
    0xff, 0xf8, 0x0, 0x0, 0x0, 0x0, 0x7e, 0xff,
    0xff, 0xfb, 0x0, 0x0, 0x0, 0x0, 0x0, 0x4d,
    0xff, 0xf6, 0x0, 0x0, 0x0, 0x0, 0x0, 0x3f,
    0xff, 0xb0, 0x4, 0x92, 0x0, 0x0, 0x0, 0xff,
    0xfd, 0x3e, 0xff, 0xa0, 0x0, 0x0, 0x5f, 0xff,
    0xc0, 0xef, 0xff, 0xa4, 0x23, 0x8f, 0xff, 0xf7,
    0x6, 0xff, 0xff, 0xff, 0xff, 0xff, 0xfe, 0x0,
    0x8, 0xff, 0xff, 0xff, 0xff, 0xfd, 0x20, 0x0,
    0x3, 0x9d, 0xff, 0xfe, 0xa5, 0x0, 0x0, 0x0,
    0x0, 0x0, 0x5f, 0xa0, 0x0, 0x0, 0x0, 0x0,
    0x0, 0x5, 0xfc, 0x0, 0x0, 0x0, 0x0, 0x2,
    0x1, 0xbf, 0xc0, 0x0, 0x0, 0x0, 0x0, 0xdf,
    0xff, 0xf7, 0x0, 0x0, 0x0, 0x0, 0x7, 0xdf,
    0xe8, 0x0, 0x0, 0x0,

    /* U+0499 "ҙ" */
    0x0, 0x6, 0xce, 0xfd, 0xa3, 0x0, 0x1, 0xdf,
    0xff, 0xff, 0xff, 0x70, 0xb, 0xff, 0xf9, 0x8e,
    0xff, 0xf1, 0x9, 0xcf, 0x30, 0x2, 0xff, 0xf4,
    0x0, 0x0, 0x0, 0x1, 0xff, 0xf2, 0x0, 0x0,
    0x2, 0x7d, 0xff, 0x90, 0x0, 0x0, 0x8, 0xff,
    0xf7, 0x0, 0x0, 0x0, 0x8, 0xff, 0xff, 0x80,
    0x0, 0x0, 0x0, 0x5, 0xff, 0xf7, 0x1, 0x44,
    0x0, 0x0, 0xbf, 0xfd, 0x7f, 0xff, 0x20, 0x0,
    0xdf, 0xfd, 0x1f, 0xff, 0xe8, 0x7c, 0xff, 0xf9,
    0x5, 0xff, 0xff, 0xff, 0xff, 0xc1, 0x0, 0x2a,
    0xdf, 0xff, 0xc7, 0x0, 0x0, 0x0, 0x3, 0xfb,
    0x0, 0x0, 0x0, 0x0, 0x3, 0xfe, 0x0, 0x0,
    0x0, 0x20, 0x1a, 0xfe, 0x0, 0x0, 0x0, 0xbf,
    0xff, 0xf9, 0x0, 0x0, 0x0, 0x6d, 0xfe, 0x90,
    0x0, 0x0,

    /* U+049A "Қ" */
    0xf, 0xff, 0xb0, 0x0, 0x0, 0x6c, 0xef, 0x70,
    0xff, 0xfb, 0x0, 0x0, 0x9f, 0xff, 0xf7, 0xf,
    0xff, 0xb0, 0x0, 0x4f, 0xff, 0xeb, 0x40, 0xff,
    0xfb, 0x0, 0xc, 0xff, 0xa0, 0x0, 0xf, 0xff,
    0xb0, 0x3, 0xff, 0xf1, 0x0, 0x0, 0xff, 0xfb,
    0x0, 0x9f, 0xfa, 0x0, 0x0, 0xf, 0xff, 0xb0,
    0x1f, 0xff, 0x40, 0x0, 0x0, 0xff, 0xfb, 0x3c,
    0xff, 0xd0, 0x0, 0x0, 0xf, 0xff, 0xff, 0xff,
    0xe2, 0x0, 0x0, 0x0, 0xff, 0xff, 0xff, 0xfc,
    0x30, 0x0, 0x0, 0xf, 0xff, 0xec, 0xff, 0xff,
    0x30, 0x0, 0x0, 0xff, 0xfb, 0x6, 0xff, 0xfd,
    0x0, 0x0, 0xf, 0xff, 0xb0, 0xd, 0xff, 0xf7,
    0x0, 0x0, 0xff, 0xfb, 0x0, 0x4f, 0xff, 0xf1,
    0x0, 0xf, 0xff, 0xb0, 0x0, 0xcf, 0xff, 0x70,
    0x0, 0xff, 0xfb, 0x0, 0x5, 0xff, 0xfe, 0x42,
    0xf, 0xff, 0xb0, 0x0, 0xe, 0xff, 0xff, 0x90,
    0xff, 0xfb, 0x0, 0x0, 0x7f, 0xff, 0xf9, 0xf,
    0xff, 0xb0, 0x0, 0x0, 0xff, 0xff, 0x90, 0x0,
    0x0, 0x0, 0x0, 0x0, 0x8f, 0xf9, 0x0, 0x0,
    0x0, 0x0, 0x0, 0x8, 0xff, 0x90, 0x0, 0x0,
    0x0, 0x0, 0x0, 0x8f, 0xf9, 0x0, 0x0, 0x0,
    0x0, 0x0, 0x8, 0xff, 0x90,

    /* U+049B "қ" */
    0x4f, 0xff, 0x40, 0x1, 0xae, 0xf7, 0x4, 0xff,
    0xf4, 0x0, 0xdf, 0xff, 0x70, 0x4f, 0xff, 0x40,
    0x5f, 0xfd, 0x72, 0x4, 0xff, 0xf4, 0xb, 0xff,
    0x20, 0x0, 0x4f, 0xff, 0x42, 0xff, 0xc0, 0x0,
    0x4, 0xff, 0xf9, 0xdf, 0xf5, 0x0, 0x0, 0x4f,
    0xff, 0xff, 0xf8, 0x0, 0x0, 0x4, 0xff, 0xff,
    0xff, 0xe4, 0x0, 0x0, 0x4f, 0xff, 0x57, 0xff,
    0xf2, 0x0, 0x4, 0xff, 0xf4, 0xc, 0xff, 0xb0,
    0x0, 0x4f, 0xff, 0x40, 0x5f, 0xff, 0x30, 0x4,
    0xff, 0xf4, 0x0, 0xef, 0xff, 0xf0, 0x4f, 0xff,
    0x40, 0x7, 0xff, 0xff, 0x4, 0xff, 0xf4, 0x0,
    0x1f, 0xff, 0xf0, 0x0, 0x0, 0x0, 0x0, 0xe,
    0xff, 0x0, 0x0, 0x0, 0x0, 0x0, 0xef, 0xf0,
    0x0, 0x0, 0x0, 0x0, 0xe, 0xff, 0x0, 0x0,
    0x0, 0x0, 0x0, 0x78, 0x80,

    /* U+049C "Ҝ" */
    0xf, 0xff, 0xb0, 0x0, 0x0, 0x5b, 0xef, 0x70,
    0xff, 0xfb, 0x0, 0x0, 0x8f, 0xff, 0xf7, 0xf,
    0xff, 0xb0, 0x0, 0x3f, 0xff, 0xeb, 0x40, 0xff,
    0xfb, 0x2f, 0x3b, 0xff, 0xb0, 0x0, 0xf, 0xff,
    0xb2, 0xf5, 0xff, 0xf2, 0x0, 0x0, 0xff, 0xfb,
    0x2f, 0xbf, 0xfb, 0x0, 0x0, 0xf, 0xff, 0xb2,
    0xff, 0xff, 0x60, 0x0, 0x0, 0xff, 0xfb, 0x2f,
    0xff, 0xe0, 0x0, 0x0, 0xf, 0xff, 0xed, 0xff,
    0xf5, 0x0, 0x0, 0x0, 0xff, 0xff, 0xff, 0xfa,
    0x0, 0x0, 0x0, 0xf, 0xff, 0xff, 0xff, 0xfd,
    0x10, 0x0, 0x0, 0xff, 0xfb, 0x3f, 0xff, 0xfc,
    0x0, 0x0, 0xf, 0xff, 0xb2, 0xff, 0xff, 0xf5,
    0x0, 0x0, 0xff, 0xfb, 0x2f, 0xaf, 0xff, 0xd0,
    0x0, 0xf, 0xff, 0xb2, 0xf3, 0xef, 0xff, 0x60,
    0x0, 0xff, 0xfb, 0x2f, 0x36, 0xff, 0xfd, 0x0,
    0xf, 0xff, 0xb1, 0x81, 0xe, 0xff, 0xf6, 0x0,
    0xff, 0xfb, 0x0, 0x0, 0x7f, 0xff, 0xd0, 0xf,
    0xff, 0xb0, 0x0, 0x1, 0xff, 0xff, 0x60,

    /* U+049D "ҝ" */
    0x4f, 0xff, 0x40, 0x1, 0xae, 0xf7, 0x4, 0xff,
    0xf4, 0x0, 0xdf, 0xff, 0x70, 0x4f, 0xff, 0x4d,
    0x7f, 0xfd, 0x72, 0x4, 0xff, 0xf4, 0xdd, 0xff,
    0x20, 0x0, 0x4f, 0xff, 0x4d, 0xff, 0xc0, 0x0,
    0x4, 0xff, 0xf8, 0xef, 0xf6, 0x0, 0x0, 0x4f,
    0xff, 0xff, 0xf9, 0x0, 0x0, 0x4, 0xff, 0xff,
    0xff, 0xd3, 0x0, 0x0, 0x4f, 0xff, 0x6e, 0xff,
    0xe1, 0x0, 0x4, 0xff, 0xf4, 0xdf, 0xff, 0xa0,
    0x0, 0x4f, 0xff, 0x4d, 0x8f, 0xff, 0x30, 0x4,
    0xff, 0xf4, 0xd2, 0xef, 0xfb, 0x0, 0x4f, 0xff,
    0x45, 0x7, 0xff, 0xf3, 0x4, 0xff, 0xf4, 0x0,
    0x1f, 0xff, 0xc0,

    /* U+049E "Ҟ" */
    0x0, 0xff, 0xfb, 0x0, 0x0, 0x6, 0xbe, 0xf7,
    0x0, 0xff, 0xfb, 0x0, 0x0, 0x9f, 0xff, 0xf7,
    0x0, 0xff, 0xfb, 0x0, 0x3, 0xff, 0xfe, 0xb4,
    0xcf, 0xff, 0xff, 0xf4, 0xb, 0xff, 0xb0, 0x0,
    0xcf, 0xff, 0xff, 0xf4, 0x2f, 0xff, 0x10, 0x0,
    0x56, 0xff, 0xfd, 0x61, 0x8f, 0xfb, 0x0, 0x0,
    0x0, 0xff, 0xfb, 0x0, 0xef, 0xf5, 0x0, 0x0,
    0x0, 0xff, 0xfb, 0x9, 0xff, 0xe0, 0x0, 0x0,
    0x0, 0xff, 0xfe, 0xef, 0xff, 0x50, 0x0, 0x0,
    0x0, 0xff, 0xff, 0xff, 0xfa, 0x0, 0x0, 0x0,
    0x0, 0xff, 0xff, 0xff, 0xff, 0xd1, 0x0, 0x0,
    0x0, 0xff, 0xfb, 0x9, 0xff, 0xfc, 0x0, 0x0,
    0x0, 0xff, 0xfb, 0x0, 0xef, 0xff, 0x60, 0x0,
    0x0, 0xff, 0xfb, 0x0, 0x6f, 0xff, 0xe0, 0x0,
    0x0, 0xff, 0xfb, 0x0, 0xd, 0xff, 0xf6, 0x0,
    0x0, 0xff, 0xfb, 0x0, 0x6, 0xff, 0xfe, 0x0,
    0x0, 0xff, 0xfb, 0x0, 0x0, 0xef, 0xff, 0x60,
    0x0, 0xff, 0xfb, 0x0, 0x0, 0x7f, 0xff, 0xe0,
    0x0, 0xff, 0xfb, 0x0, 0x0, 0x1f, 0xff, 0xf6,

    /* U+049F "ҟ" */
    0x4, 0xff, 0xf4, 0x0, 0x0, 0x0, 0x0, 0x59,
    0xff, 0xf9, 0x60, 0x0, 0x0, 0x0, 0xdf, 0xff,
    0xff, 0xf0, 0x0, 0x0, 0x0, 0xdf, 0xff, 0xff,
    0xf0, 0x0, 0x0, 0x0, 0x4, 0xff, 0xf4, 0x0,
    0x0, 0x0, 0x0, 0x4, 0xff, 0xf4, 0x0, 0x1a,
    0xef, 0x70, 0x4, 0xff, 0xf4, 0x0, 0xdf, 0xff,
    0x70, 0x4, 0xff, 0xf4, 0x5, 0xff, 0xd8, 0x30,
    0x4, 0xff, 0xf4, 0xb, 0xff, 0x20, 0x0, 0x4,
    0xff, 0xf4, 0x1f, 0xfc, 0x0, 0x0, 0x4, 0xff,
    0xf9, 0xdf, 0xf5, 0x0, 0x0, 0x4, 0xff, 0xff,
    0xff, 0x80, 0x0, 0x0, 0x4, 0xff, 0xff, 0xff,
    0xe4, 0x0, 0x0, 0x4, 0xff, 0xf5, 0x8f, 0xff,
    0x20, 0x0, 0x4, 0xff, 0xf4, 0xc, 0xff, 0xa0,
    0x0, 0x4, 0xff, 0xf4, 0x5, 0xff, 0xf3, 0x0,
    0x4, 0xff, 0xf4, 0x0, 0xef, 0xfb, 0x0, 0x4,
    0xff, 0xf4, 0x0, 0x7f, 0xff, 0x40, 0x4, 0xff,
    0xf4, 0x0, 0x1f, 0xff, 0xc0,

    /* U+04A0 "Ҡ" */
    0xaf, 0xff, 0xff, 0xff, 0xfa, 0x0, 0x0, 0x7,
    0xce, 0xf6, 0xaf, 0xff, 0xff, 0xff, 0xfa, 0x0,
    0x0, 0xbf, 0xff, 0xf6, 0xaf, 0xff, 0xff, 0xff,
    0xfa, 0x0, 0x5, 0xff, 0xfe, 0xb4, 0x12, 0x22,
    0x24, 0xff, 0xfa, 0x0, 0xd, 0xff, 0xa0, 0x0,
    0x0, 0x0, 0x2, 0xff, 0xfa, 0x0, 0x4f, 0xff,
    0x0, 0x0, 0x0, 0x0, 0x2, 0xff, 0xfa, 0x0,
    0xaf, 0xf9, 0x0, 0x0, 0x0, 0x0, 0x2, 0xff,
    0xfa, 0x1, 0xff, 0xf3, 0x0, 0x0, 0x0, 0x0,
    0x2, 0xff, 0xfa, 0x2c, 0xff, 0xc0, 0x0, 0x0,
    0x0, 0x0, 0x2, 0xff, 0xff, 0xff, 0xfe, 0x20,
    0x0, 0x0, 0x0, 0x0, 0x2, 0xff, 0xff, 0xff,
    0xfb, 0x10, 0x0, 0x0, 0x0, 0x0, 0x2, 0xff,
    0xfe, 0xdf, 0xff, 0xe2, 0x0, 0x0, 0x0, 0x0,
    0x2, 0xff, 0xfa, 0x8, 0xff, 0xfc, 0x0, 0x0,
    0x0, 0x0, 0x2, 0xff, 0xfa, 0x0, 0xef, 0xff,
    0x60, 0x0, 0x0, 0x0, 0x2, 0xff, 0xfa, 0x0,
    0x6f, 0xff, 0xd0, 0x0, 0x0, 0x0, 0x2, 0xff,
    0xfa, 0x0, 0xd, 0xff, 0xf6, 0x0, 0x0, 0x0,
    0x2, 0xff, 0xfa, 0x0, 0x7, 0xff, 0xfd, 0x0,
    0x0, 0x0, 0x2, 0xff, 0xfa, 0x0, 0x0, 0xef,
    0xff, 0x50, 0x0, 0x0, 0x2, 0xff, 0xfa, 0x0,
    0x0, 0x8f, 0xff, 0xd0, 0x0, 0x0, 0x2, 0xff,
    0xfa, 0x0, 0x0, 0x1f, 0xff, 0xf5,

    /* U+04A1 "ҡ" */
    0x7f, 0xff, 0xff, 0xff, 0x70, 0x0, 0x9e, 0xfa,
    0x7, 0xff, 0xff, 0xff, 0xf7, 0x0, 0xaf, 0xff,
    0xa0, 0x7f, 0xff, 0xff, 0xff, 0x70, 0x2f, 0xfe,
    0x74, 0x0, 0x0, 0x1, 0xff, 0xf7, 0x8, 0xff,
    0x50, 0x0, 0x0, 0x0, 0x1f, 0xff, 0x70, 0xef,
    0xe0, 0x0, 0x0, 0x0, 0x1, 0xff, 0xfa, 0xcf,
    0xf8, 0x0, 0x0, 0x0, 0x0, 0x1f, 0xff, 0xff,
    0xfb, 0x0, 0x0, 0x0, 0x0, 0x1, 0xff, 0xff,
    0xff, 0xf6, 0x0, 0x0, 0x0, 0x0, 0x1f, 0xff,
    0x75, 0xff, 0xf4, 0x0, 0x0, 0x0, 0x1, 0xff,
    0xf7, 0x9, 0xff, 0xd0, 0x0, 0x0, 0x0, 0x1f,
    0xff, 0x70, 0x2f, 0xff, 0x60, 0x0, 0x0, 0x1,
    0xff, 0xf7, 0x0, 0xbf, 0xfe, 0x0, 0x0, 0x0,
    0x1f, 0xff, 0x70, 0x4, 0xff, 0xf7, 0x0, 0x0,
    0x1, 0xff, 0xf7, 0x0, 0xd, 0xff, 0xe0,

    /* U+04A2 "Ң" */
    0x1f, 0xff, 0xa0, 0x0, 0x0, 0x0, 0xff, 0xfc,
    0x0, 0x1f, 0xff, 0xa0, 0x0, 0x0, 0x0, 0xff,
    0xfc, 0x0, 0x1f, 0xff, 0xa0, 0x0, 0x0, 0x0,
    0xff, 0xfc, 0x0, 0x1f, 0xff, 0xa0, 0x0, 0x0,
    0x0, 0xff, 0xfc, 0x0, 0x1f, 0xff, 0xa0, 0x0,
    0x0, 0x0, 0xff, 0xfc, 0x0, 0x1f, 0xff, 0xa0,
    0x0, 0x0, 0x0, 0xff, 0xfc, 0x0, 0x1f, 0xff,
    0xa0, 0x0, 0x0, 0x0, 0xff, 0xfc, 0x0, 0x1f,
    0xff, 0xb3, 0x33, 0x33, 0x33, 0xff, 0xfc, 0x0,
    0x1f, 0xff, 0xff, 0xff, 0xff, 0xff, 0xff, 0xfc,
    0x0, 0x1f, 0xff, 0xff, 0xff, 0xff, 0xff, 0xff,
    0xfc, 0x0, 0x1f, 0xff, 0xff, 0xff, 0xff, 0xff,
    0xff, 0xfc, 0x0, 0x1f, 0xff, 0xa0, 0x0, 0x0,
    0x0, 0xff, 0xfc, 0x0, 0x1f, 0xff, 0xa0, 0x0,
    0x0, 0x0, 0xff, 0xfc, 0x0, 0x1f, 0xff, 0xa0,
    0x0, 0x0, 0x0, 0xff, 0xfc, 0x0, 0x1f, 0xff,
    0xa0, 0x0, 0x0, 0x0, 0xff, 0xfc, 0x0, 0x1f,
    0xff, 0xa0, 0x0, 0x0, 0x0, 0xff, 0xfd, 0x41,
    0x1f, 0xff, 0xa0, 0x0, 0x0, 0x0, 0xff, 0xff,
    0xf5, 0x1f, 0xff, 0xa0, 0x0, 0x0, 0x0, 0xff,
    0xff, 0xf5, 0x1f, 0xff, 0xa0, 0x0, 0x0, 0x0,
    0xff, 0xff, 0xf5, 0x0, 0x0, 0x0, 0x0, 0x0,
    0x0, 0x0, 0xdf, 0xf5, 0x0, 0x0, 0x0, 0x0,
    0x0, 0x0, 0x0, 0xdf, 0xf5, 0x0, 0x0, 0x0,
    0x0, 0x0, 0x0, 0x0, 0xdf, 0xf5, 0x0, 0x0,
    0x0, 0x0, 0x0, 0x0, 0x0, 0xdf, 0xf5,

    /* U+04A3 "ң" */
    0x4f, 0xff, 0x40, 0x0, 0x9, 0xff, 0xf0, 0x4,
    0xff, 0xf4, 0x0, 0x0, 0x9f, 0xff, 0x0, 0x4f,
    0xff, 0x40, 0x0, 0x9, 0xff, 0xf0, 0x4, 0xff,
    0xf4, 0x0, 0x0, 0x9f, 0xff, 0x0, 0x4f, 0xff,
    0x40, 0x0, 0x9, 0xff, 0xf0, 0x4, 0xff, 0xff,
    0xee, 0xee, 0xff, 0xff, 0x0, 0x4f, 0xff, 0xff,
    0xff, 0xff, 0xff, 0xf0, 0x4, 0xff, 0xff, 0xff,
    0xff, 0xff, 0xff, 0x0, 0x4f, 0xff, 0x40, 0x0,
    0x9, 0xff, 0xf0, 0x4, 0xff, 0xf4, 0x0, 0x0,
    0x9f, 0xff, 0x0, 0x4f, 0xff, 0x40, 0x0, 0x9,
    0xff, 0xf0, 0x4, 0xff, 0xf4, 0x0, 0x0, 0x9f,
    0xff, 0xf6, 0x4f, 0xff, 0x40, 0x0, 0x9, 0xff,
    0xff, 0x64, 0xff, 0xf4, 0x0, 0x0, 0x9f, 0xff,
    0xf6, 0x0, 0x0, 0x0, 0x0, 0x0, 0x8, 0xff,
    0x60, 0x0, 0x0, 0x0, 0x0, 0x0, 0x8f, 0xf6,
    0x0, 0x0, 0x0, 0x0, 0x0, 0x8, 0xff, 0x60,
    0x0, 0x0, 0x0, 0x0, 0x0, 0x48, 0x83,

    /* U+04A4 "Ҥ" */
    0x1f, 0xff, 0xa0, 0x0, 0x0, 0x0, 0xff, 0xff,
    0xff, 0xff, 0xf5, 0x1f, 0xff, 0xa0, 0x0, 0x0,
    0x0, 0xff, 0xff, 0xff, 0xff, 0xf5, 0x1f, 0xff,
    0xa0, 0x0, 0x0, 0x0, 0xff, 0xff, 0xff, 0xff,
    0xf5, 0x1f, 0xff, 0xa0, 0x0, 0x0, 0x0, 0xff,
    0xfd, 0x22, 0x22, 0x20, 0x1f, 0xff, 0xa0, 0x0,
    0x0, 0x0, 0xff, 0xfc, 0x0, 0x0, 0x0, 0x1f,
    0xff, 0xa0, 0x0, 0x0, 0x0, 0xff, 0xfc, 0x0,
    0x0, 0x0, 0x1f, 0xff, 0xa0, 0x0, 0x0, 0x0,
    0xff, 0xfc, 0x0, 0x0, 0x0, 0x1f, 0xff, 0xb3,
    0x33, 0x33, 0x33, 0xff, 0xfc, 0x0, 0x0, 0x0,
    0x1f, 0xff, 0xff, 0xff, 0xff, 0xff, 0xff, 0xfc,
    0x0, 0x0, 0x0, 0x1f, 0xff, 0xff, 0xff, 0xff,
    0xff, 0xff, 0xfc, 0x0, 0x0, 0x0, 0x1f, 0xff,
    0xff, 0xff, 0xff, 0xff, 0xff, 0xfc, 0x0, 0x0,
    0x0, 0x1f, 0xff, 0xa0, 0x0, 0x0, 0x0, 0xff,
    0xfc, 0x0, 0x0, 0x0, 0x1f, 0xff, 0xa0, 0x0,
    0x0, 0x0, 0xff, 0xfc, 0x0, 0x0, 0x0, 0x1f,
    0xff, 0xa0, 0x0, 0x0, 0x0, 0xff, 0xfc, 0x0,
    0x0, 0x0, 0x1f, 0xff, 0xa0, 0x0, 0x0, 0x0,
    0xff, 0xfc, 0x0, 0x0, 0x0, 0x1f, 0xff, 0xa0,
    0x0, 0x0, 0x0, 0xff, 0xfc, 0x0, 0x0, 0x0,
    0x1f, 0xff, 0xa0, 0x0, 0x0, 0x0, 0xff, 0xfc,
    0x0, 0x0, 0x0, 0x1f, 0xff, 0xa0, 0x0, 0x0,
    0x0, 0xff, 0xfc, 0x0, 0x0, 0x0, 0x1f, 0xff,
    0xa0, 0x0, 0x0, 0x0, 0xff, 0xfc, 0x0, 0x0,
    0x0,

    /* U+04A5 "ҥ" */
    0x4f, 0xff, 0x40, 0x0, 0x9, 0xff, 0xff, 0xff,
    0xf4, 0x4f, 0xff, 0x40, 0x0, 0x9, 0xff, 0xff,
    0xff, 0xf4, 0x4f, 0xff, 0x40, 0x0, 0x9, 0xff,
    0xff, 0xff, 0xf4, 0x4f, 0xff, 0x40, 0x0, 0x9,
    0xff, 0xf0, 0x0, 0x0, 0x4f, 0xff, 0x40, 0x0,
    0x9, 0xff, 0xf0, 0x0, 0x0, 0x4f, 0xff, 0xfe,
    0xee, 0xef, 0xff, 0xf0, 0x0, 0x0, 0x4f, 0xff,
    0xff, 0xff, 0xff, 0xff, 0xf0, 0x0, 0x0, 0x4f,
    0xff, 0xff, 0xff, 0xff, 0xff, 0xf0, 0x0, 0x0,
    0x4f, 0xff, 0x40, 0x0, 0x9, 0xff, 0xf0, 0x0,
    0x0, 0x4f, 0xff, 0x40, 0x0, 0x9, 0xff, 0xf0,
    0x0, 0x0, 0x4f, 0xff, 0x40, 0x0, 0x9, 0xff,
    0xf0, 0x0, 0x0, 0x4f, 0xff, 0x40, 0x0, 0x9,
    0xff, 0xf0, 0x0, 0x0, 0x4f, 0xff, 0x40, 0x0,
    0x9, 0xff, 0xf0, 0x0, 0x0, 0x4f, 0xff, 0x40,
    0x0, 0x9, 0xff, 0xf0, 0x0, 0x0,

    /* U+04A6 "Ҧ" */
    0x1f, 0xff, 0xff, 0xff, 0xff, 0xff, 0xff, 0xfc,
    0x0, 0x0, 0x0, 0x0, 0x0, 0x1, 0xff, 0xff,
    0xff, 0xff, 0xff, 0xff, 0xff, 0xc0, 0x0, 0x0,
    0x0, 0x0, 0x0, 0x1f, 0xff, 0xff, 0xff, 0xff,
    0xff, 0xff, 0xfc, 0x0, 0x0, 0x0, 0x0, 0x0,
    0x1, 0xff, 0xfc, 0x22, 0x22, 0x22, 0x2f, 0xff,
    0xc0, 0x0, 0x0, 0x0, 0x0, 0x0, 0x1f, 0xff,
    0xb0, 0x0, 0x0, 0x0, 0xff, 0xfc, 0x0, 0x0,
    0x0, 0x0, 0x0, 0x1, 0xff, 0xfb, 0x0, 0x0,
    0x0, 0xf, 0xff, 0xc0, 0x0, 0x0, 0x0, 0x0,
    0x0, 0x1f, 0xff, 0xb0, 0x0, 0x0, 0x0, 0xff,
    0xfc, 0x49, 0xdf, 0xfd, 0x81, 0x0, 0x1, 0xff,
    0xfb, 0x0, 0x0, 0x0, 0xf, 0xff, 0xff, 0xff,
    0xff, 0xff, 0xe3, 0x0, 0x1f, 0xff, 0xb0, 0x0,
    0x0, 0x0, 0xff, 0xff, 0xff, 0xff, 0xff, 0xff,
    0xf2, 0x1, 0xff, 0xfb, 0x0, 0x0, 0x0, 0xf,
    0xff, 0xfd, 0x73, 0x25, 0xdf, 0xff, 0xb0, 0x1f,
    0xff, 0xb0, 0x0, 0x0, 0x0, 0xff, 0xfc, 0x0,
    0x0, 0x1, 0xef, 0xff, 0x21, 0xff, 0xfb, 0x0,
    0x0, 0x0, 0xf, 0xff, 0xc0, 0x0, 0x0, 0x8,
    0xff, 0xf6, 0x1f, 0xff, 0xb0, 0x0, 0x0, 0x0,
    0xff, 0xfc, 0x0, 0x0, 0x0, 0x4f, 0xff, 0x91,
    0xff, 0xfb, 0x0, 0x0, 0x0, 0xf, 0xff, 0xc0,
    0x0, 0x0, 0x2, 0xff, 0xfa, 0x1f, 0xff, 0xb0,
    0x0, 0x0, 0x0, 0xff, 0xfc, 0x0, 0x0, 0x0,
    0x1f, 0xff, 0xa1, 0xff, 0xfb, 0x0, 0x0, 0x0,
    0xf, 0xff, 0xc0, 0x0, 0x0, 0x1, 0xff, 0xf9,
    0x1f, 0xff, 0xb0, 0x0, 0x0, 0x0, 0xff, 0xfc,
    0x0, 0x0, 0x0, 0x2f, 0xff, 0x81, 0xff, 0xfb,
    0x0, 0x0, 0x0, 0xf, 0xff, 0xc0, 0x0, 0x0,
    0x5, 0xff, 0xf6, 0x1f, 0xff, 0xb0, 0x0, 0x0,
    0x0, 0xff, 0xfc, 0x0, 0x0, 0x0, 0xaf, 0xff,
    0x20, 0x0, 0x0, 0x0, 0x0, 0x0, 0x0, 0x0,
    0x10, 0x0, 0x0, 0x3f, 0xff, 0xd0, 0x0, 0x0,
    0x0, 0x0, 0x0, 0x0, 0xae, 0xff, 0x71, 0x0,
    0x5e, 0xff, 0xf6, 0x0, 0x0, 0x0, 0x0, 0x0,
    0x0, 0x4, 0xff, 0xff, 0xff, 0xff, 0xff, 0xfb,
    0x0, 0x0, 0x0, 0x0, 0x0, 0x0, 0x0, 0x5,
    0xff, 0xff, 0xff, 0xff, 0xfa, 0x10, 0x0, 0x0,
    0x0, 0x0, 0x0, 0x0, 0x0, 0x1, 0x7c, 0xef,
    0xfd, 0x94, 0x0, 0x0,

    /* U+04A7 "ҧ" */
    0x4f, 0xff, 0xff, 0xff, 0xff, 0xff, 0xb0, 0x0,
    0x0, 0x0, 0x0, 0x4, 0xff, 0xff, 0xff, 0xff,
    0xff, 0xfb, 0x0, 0x0, 0x0, 0x0, 0x0, 0x4f,
    0xff, 0xff, 0xff, 0xff, 0xff, 0xb0, 0x0, 0x0,
    0x0, 0x0, 0x4, 0xff, 0xf4, 0x0, 0x0, 0xef,
    0xfb, 0x0, 0x0, 0x0, 0x0, 0x0, 0x4f, 0xff,
    0x40, 0x0, 0xe, 0xff, 0xb0, 0x0, 0x0, 0x0,
    0x0, 0x4, 0xff, 0xf4, 0x0, 0x0, 0xef, 0xfd,
    0xbd, 0xee, 0xc7, 0x0, 0x0, 0x4f, 0xff, 0x40,
    0x0, 0xe, 0xff, 0xff, 0xff, 0xff, 0xfe, 0x30,
    0x4, 0xff, 0xf4, 0x0, 0x0, 0xef, 0xff, 0xff,
    0xff, 0xff, 0xff, 0x20, 0x4f, 0xff, 0x40, 0x0,
    0xe, 0xff, 0xe6, 0x20, 0x2a, 0xff, 0xfa, 0x4,
    0xff, 0xf4, 0x0, 0x0, 0xef, 0xfb, 0x0, 0x0,
    0xc, 0xff, 0xf1, 0x4f, 0xff, 0x40, 0x0, 0xe,
    0xff, 0xb0, 0x0, 0x0, 0x6f, 0xff, 0x44, 0xff,
    0xf4, 0x0, 0x0, 0xef, 0xfb, 0x0, 0x0, 0x5,
    0xff, 0xf6, 0x4f, 0xff, 0x40, 0x0, 0xe, 0xff,
    0xb0, 0x0, 0x0, 0x4f, 0xff, 0x64, 0xff, 0xf4,
    0x0, 0x0, 0xef, 0xfb, 0x0, 0x0, 0x6, 0xff,
    0xf4, 0x0, 0x0, 0x0, 0x0, 0x0, 0x0, 0x0,
    0x0, 0x0, 0xcf, 0xff, 0x10, 0x0, 0x0, 0x0,
    0x0, 0x7c, 0xef, 0x50, 0x1, 0x9f, 0xff, 0xb0,
    0x0, 0x0, 0x0, 0x0, 0x4, 0xff, 0xff, 0xff,
    0xff, 0xff, 0xf2, 0x0, 0x0, 0x0, 0x0, 0x0,
    0x6, 0xff, 0xff, 0xff, 0xff, 0xf4, 0x0, 0x0,
    0x0, 0x0, 0x0, 0x0, 0x2, 0x9d, 0xff, 0xfd,
    0x81, 0x0, 0x0,

    /* U+04A8 "Ҩ" */
    0x0, 0x0, 0x28, 0xdf, 0xeb, 0x40, 0x0, 0x0,
    0x0, 0x0, 0x0, 0x5f, 0xff, 0xff, 0xf5, 0x0,
    0x0, 0x0, 0x0, 0x0, 0x4f, 0xff, 0xff, 0xfc,
    0x1, 0x20, 0x0, 0x0, 0x0, 0xe, 0xff, 0xfc,
    0x53, 0x5d, 0xff, 0xe5, 0x0, 0x0, 0x6, 0xff,
    0xfd, 0x0, 0x3f, 0xff, 0xff, 0xf4, 0x0, 0x0,
    0xbf, 0xff, 0x40, 0xc, 0xff, 0xff, 0xff, 0xc0,
    0x0, 0xf, 0xff, 0xf0, 0x3, 0xff, 0xf7, 0x5f,
    0xff, 0x20, 0x2, 0xff, 0xfb, 0x0, 0x7f, 0xff,
    0x0, 0xff, 0xf5, 0x0, 0x3f, 0xff, 0xa0, 0x9,
    0xff, 0xc0, 0xd, 0xff, 0x70, 0x3, 0xff, 0xf9,
    0x0, 0xaf, 0xfb, 0x0, 0xcf, 0xf8, 0x0, 0x3f,
    0xff, 0xa0, 0xb, 0xff, 0xa0, 0xc, 0xff, 0x90,
    0x1, 0xff, 0xfc, 0x0, 0xaf, 0xfb, 0x0, 0xdf,
    0xf8, 0x0, 0xf, 0xff, 0xf1, 0x8, 0xff, 0xd0,
    0xf, 0xff, 0x50, 0x0, 0xbf, 0xff, 0x70, 0x4f,
    0xff, 0x25, 0xff, 0xf1, 0x0, 0x5, 0xff, 0xff,
    0x30, 0xdf, 0xfc, 0xef, 0xfa, 0x0, 0x0, 0xd,
    0xff, 0xff, 0x9a, 0xff, 0xff, 0xff, 0x78, 0x80,
    0x0, 0x3f, 0xff, 0xff, 0xff, 0xff, 0xff, 0xff,
    0xfe, 0x0, 0x0, 0x3d, 0xff, 0xff, 0xff, 0xff,
    0xff, 0xff, 0xf3, 0x0, 0x0, 0x6, 0xbe, 0xfe,
    0xc8, 0x7c, 0xef, 0xd9, 0x20,

    /* U+04A9 "ҩ" */
    0x0, 0x4, 0xbe, 0xfc, 0x10, 0x0, 0x0, 0x0,
    0x7, 0xff, 0xff, 0xc0, 0x0, 0x0, 0x0, 0x3,
    0xff, 0xff, 0xf5, 0x4, 0x30, 0x0, 0x0, 0xbf,
    0xff, 0x30, 0x3e, 0xff, 0xb0, 0x0, 0xf, 0xff,
    0xa0, 0xe, 0xff, 0xff, 0x80, 0x3, 0xff, 0xf6,
    0x4, 0xff, 0x4a, 0xfe, 0x0, 0x5f, 0xff, 0x40,
    0x7f, 0xf0, 0x5f, 0xf1, 0x5, 0xff, 0xf5, 0x8,
    0xfe, 0x4, 0xff, 0x20, 0x3f, 0xff, 0x70, 0x7f,
    0xf0, 0x5f, 0xf0, 0x0, 0xff, 0xfc, 0x5, 0xff,
    0x38, 0xfe, 0x0, 0xa, 0xff, 0xf7, 0xf, 0xfd,
    0xff, 0x80, 0x0, 0x1f, 0xff, 0xfd, 0xef, 0xff,
    0xfc, 0xd2, 0x0, 0x3e, 0xff, 0xff, 0xff, 0xff,
    0xff, 0x70, 0x0, 0x7, 0xce, 0xfe, 0xac, 0xff,
    0xc5,

    /* U+04AA "Ҫ" */
    0x0, 0x0, 0x6, 0xbd, 0xff, 0xda, 0x40, 0x0,
    0x0, 0x0, 0x4d, 0xff, 0xff, 0xff, 0xff, 0xb1,
    0x0, 0x0, 0x5f, 0xff, 0xff, 0xff, 0xff, 0xff,
    0xd0, 0x0, 0x2f, 0xff, 0xfc, 0x64, 0x6a, 0xff,
    0xff, 0x90, 0xa, 0xff, 0xf9, 0x0, 0x0, 0x5,
    0xff, 0xff, 0x11, 0xff, 0xfd, 0x0, 0x0, 0x0,
    0xa, 0xfe, 0xa2, 0x6f, 0xff, 0x70, 0x0, 0x0,
    0x0, 0x11, 0x0, 0x9, 0xff, 0xf4, 0x0, 0x0,
    0x0, 0x0, 0x0, 0x0, 0xbf, 0xff, 0x20, 0x0,
    0x0, 0x0, 0x0, 0x0, 0xb, 0xff, 0xf1, 0x0,
    0x0, 0x0, 0x0, 0x0, 0x0, 0xbf, 0xff, 0x20,
    0x0, 0x0, 0x0, 0x0, 0x0, 0xa, 0xff, 0xf4,
    0x0, 0x0, 0x0, 0x0, 0x0, 0x0, 0x6f, 0xff,
    0x80, 0x0, 0x0, 0x0, 0x6e, 0x94, 0x2, 0xff,
    0xfd, 0x0, 0x0, 0x0, 0xc, 0xff, 0xf4, 0xb,
    0xff, 0xf9, 0x0, 0x0, 0x8, 0xff, 0xfe, 0x0,
    0x2f, 0xff, 0xfc, 0x64, 0x6b, 0xff, 0xff, 0x60,
    0x0, 0x5f, 0xff, 0xff, 0xff, 0xff, 0xff, 0xa0,
    0x0, 0x0, 0x4e, 0xff, 0xff, 0xff, 0xff, 0x90,
    0x0, 0x0, 0x0, 0x6, 0xbe, 0xff, 0xe8, 0x20,
    0x0, 0x0, 0x0, 0x0, 0x0, 0x4, 0xfa, 0x0,
    0x0, 0x0, 0x0, 0x0, 0x0, 0x0, 0x4f, 0xd0,
    0x0, 0x0, 0x0, 0x0, 0x0, 0x20, 0x1b, 0xfc,
    0x0, 0x0, 0x0, 0x0, 0x0, 0xc, 0xff, 0xff,
    0x80, 0x0, 0x0, 0x0, 0x0, 0x0, 0x7d, 0xfe,
    0x80, 0x0, 0x0, 0x0,

    /* U+04AB "ҫ" */
    0x0, 0x5, 0xbe, 0xff, 0xc7, 0x0, 0x0, 0xb,
    0xff, 0xff, 0xff, 0xfd, 0x10, 0xa, 0xff, 0xff,
    0xef, 0xff, 0xfc, 0x3, 0xff, 0xfc, 0x10, 0x9,
    0xff, 0xf5, 0x9f, 0xff, 0x20, 0x0, 0xd, 0xa7,
    0x3c, 0xff, 0xe0, 0x0, 0x0, 0x0, 0x0, 0xef,
    0xfc, 0x0, 0x0, 0x0, 0x0, 0xe, 0xff, 0xc0,
    0x0, 0x0, 0x0, 0x0, 0xcf, 0xfe, 0x0, 0x0,
    0x4, 0x31, 0x9, 0xff, 0xf3, 0x0, 0x0, 0xff,
    0xf9, 0x3f, 0xff, 0xd3, 0x1, 0xbf, 0xff, 0x50,
    0xaf, 0xff, 0xff, 0xff, 0xff, 0xc0, 0x0, 0xbf,
    0xff, 0xff, 0xff, 0xc1, 0x0, 0x0, 0x5b, 0xef,
    0xfb, 0x50, 0x0, 0x0, 0x0, 0x0, 0x9f, 0x60,
    0x0, 0x0, 0x0, 0x0, 0x9, 0xf8, 0x0, 0x0,
    0x0, 0x2, 0x3, 0xef, 0x80, 0x0, 0x0, 0x1,
    0xff, 0xff, 0xf3, 0x0, 0x0, 0x0, 0xa, 0xef,
    0xd5, 0x0, 0x0, 0x0,

    /* U+04AC "Ҭ" */
    0x6f, 0xff, 0xff, 0xff, 0xff, 0xff, 0xff, 0xf5,
    0x6f, 0xff, 0xff, 0xff, 0xff, 0xff, 0xff, 0xf5,
    0x6f, 0xff, 0xff, 0xff, 0xff, 0xff, 0xff, 0xf5,
    0x13, 0x33, 0x33, 0xff, 0xfe, 0x33, 0x33, 0x31,
    0x0, 0x0, 0x0, 0xef, 0xfd, 0x0, 0x0, 0x0,
    0x0, 0x0, 0x0, 0xef, 0xfd, 0x0, 0x0, 0x0,
    0x0, 0x0, 0x0, 0xef, 0xfd, 0x0, 0x0, 0x0,
    0x0, 0x0, 0x0, 0xef, 0xfd, 0x0, 0x0, 0x0,
    0x0, 0x0, 0x0, 0xef, 0xfd, 0x0, 0x0, 0x0,
    0x0, 0x0, 0x0, 0xef, 0xfd, 0x0, 0x0, 0x0,
    0x0, 0x0, 0x0, 0xef, 0xfd, 0x0, 0x0, 0x0,
    0x0, 0x0, 0x0, 0xef, 0xfd, 0x0, 0x0, 0x0,
    0x0, 0x0, 0x0, 0xef, 0xfd, 0x0, 0x0, 0x0,
    0x0, 0x0, 0x0, 0xef, 0xfd, 0x0, 0x0, 0x0,
    0x0, 0x0, 0x0, 0xef, 0xfd, 0x0, 0x0, 0x0,
    0x0, 0x0, 0x0, 0xef, 0xfe, 0x41, 0x0, 0x0,
    0x0, 0x0, 0x0, 0xef, 0xff, 0xf6, 0x0, 0x0,
    0x0, 0x0, 0x0, 0xef, 0xff, 0xf6, 0x0, 0x0,
    0x0, 0x0, 0x0, 0xef, 0xff, 0xf6, 0x0, 0x0,
    0x0, 0x0, 0x0, 0x0, 0xbf, 0xf6, 0x0, 0x0,
    0x0, 0x0, 0x0, 0x0, 0xbf, 0xf6, 0x0, 0x0,
    0x0, 0x0, 0x0, 0x0, 0xbf, 0xf6, 0x0, 0x0,
    0x0, 0x0, 0x0, 0x0, 0xbf, 0xf6, 0x0, 0x0,

    /* U+04AD "ҭ" */
    0xbf, 0xff, 0xff, 0xff, 0xff, 0xff, 0x7b, 0xff,
    0xff, 0xff, 0xff, 0xff, 0xf7, 0xbf, 0xff, 0xff,
    0xff, 0xff, 0xff, 0x70, 0x0, 0x6, 0xff, 0xf2,
    0x0, 0x0, 0x0, 0x0, 0x6f, 0xff, 0x20, 0x0,
    0x0, 0x0, 0x6, 0xff, 0xf2, 0x0, 0x0, 0x0,
    0x0, 0x6f, 0xff, 0x20, 0x0, 0x0, 0x0, 0x6,
    0xff, 0xf2, 0x0, 0x0, 0x0, 0x0, 0x6f, 0xff,
    0x20, 0x0, 0x0, 0x0, 0x6, 0xff, 0xf2, 0x0,
    0x0, 0x0, 0x0, 0x6f, 0xff, 0x20, 0x0, 0x0,
    0x0, 0x6, 0xff, 0xff, 0x90, 0x0, 0x0, 0x0,
    0x6f, 0xff, 0xf9, 0x0, 0x0, 0x0, 0x6, 0xff,
    0xff, 0x90, 0x0, 0x0, 0x0, 0x0, 0x5f, 0xf9,
    0x0, 0x0, 0x0, 0x0, 0x5, 0xff, 0x90, 0x0,
    0x0, 0x0, 0x0, 0x5f, 0xf9, 0x0, 0x0, 0x0,
    0x0, 0x2, 0x88, 0x40, 0x0,

    /* U+04AE "Ү" */
    0xbf, 0xff, 0x20, 0x0, 0x0, 0xcf, 0xff, 0x14,
    0xff, 0xf9, 0x0, 0x0, 0x4f, 0xff, 0x90, 0xc,
    0xff, 0xf1, 0x0, 0xc, 0xff, 0xf1, 0x0, 0x4f,
    0xff, 0x80, 0x3, 0xff, 0xf9, 0x0, 0x0, 0xcf,
    0xff, 0x0, 0xbf, 0xff, 0x20, 0x0, 0x5, 0xff,
    0xf7, 0x2f, 0xff, 0xa0, 0x0, 0x0, 0xd, 0xff,
    0xd8, 0xff, 0xf2, 0x0, 0x0, 0x0, 0x5f, 0xff,
    0xff, 0xfa, 0x0, 0x0, 0x0, 0x0, 0xdf, 0xff,
    0xff, 0x20, 0x0, 0x0, 0x0, 0x6, 0xff, 0xff,
    0xa0, 0x0, 0x0, 0x0, 0x0, 0xe, 0xff, 0xf3,
    0x0, 0x0, 0x0, 0x0, 0x0, 0xaf, 0xfe, 0x0,
    0x0, 0x0, 0x0, 0x0, 0xa, 0xff, 0xe0, 0x0,
    0x0, 0x0, 0x0, 0x0, 0xaf, 0xfe, 0x0, 0x0,
    0x0, 0x0, 0x0, 0xa, 0xff, 0xe0, 0x0, 0x0,
    0x0, 0x0, 0x0, 0xaf, 0xfe, 0x0, 0x0, 0x0,
    0x0, 0x0, 0xa, 0xff, 0xe0, 0x0, 0x0, 0x0,
    0x0, 0x0, 0xaf, 0xfe, 0x0, 0x0, 0x0, 0x0,
    0x0, 0xa, 0xff, 0xe0, 0x0, 0x0, 0x0,

    /* U+04AF "ү" */
    0x9f, 0xff, 0x20, 0x0, 0x0, 0x9f, 0xff, 0x13,
    0xff, 0xf7, 0x0, 0x0, 0xe, 0xff, 0xa0, 0xc,
    0xff, 0xc0, 0x0, 0x4, 0xff, 0xf4, 0x0, 0x6f,
    0xff, 0x20, 0x0, 0xaf, 0xfe, 0x0, 0x1, 0xff,
    0xf7, 0x0, 0xf, 0xff, 0x80, 0x0, 0xa, 0xff,
    0xd0, 0x4, 0xff, 0xf2, 0x0, 0x0, 0x4f, 0xff,
    0x20, 0xaf, 0xfc, 0x0, 0x0, 0x0, 0xef, 0xf7,
    0xf, 0xff, 0x60, 0x0, 0x0, 0x8, 0xff, 0xd5,
    0xff, 0xf1, 0x0, 0x0, 0x0, 0x2f, 0xff, 0xcf,
    0xfa, 0x0, 0x0, 0x0, 0x0, 0xbf, 0xff, 0xff,
    0x40, 0x0, 0x0, 0x0, 0x5, 0xff, 0xff, 0xe0,
    0x0, 0x0, 0x0, 0x0, 0xe, 0xff, 0xf8, 0x0,
    0x0, 0x0, 0x0, 0x0, 0x9f, 0xff, 0x20, 0x0,
    0x0, 0x0, 0x0, 0x7, 0xff, 0xf1, 0x0, 0x0,
    0x0, 0x0, 0x0, 0x7f, 0xff, 0x10, 0x0, 0x0,
    0x0, 0x0, 0x7, 0xff, 0xf1, 0x0, 0x0, 0x0,
    0x0, 0x0, 0x7f, 0xff, 0x10, 0x0, 0x0, 0x0,
    0x0, 0x7, 0xff, 0xf1, 0x0, 0x0, 0x0,

    /* U+04B0 "Ұ" */
    0xbf, 0xff, 0x20, 0x0, 0x0, 0xcf, 0xff, 0x14,
    0xff, 0xf9, 0x0, 0x0, 0x4f, 0xff, 0x90, 0xc,
    0xff, 0xf1, 0x0, 0xc, 0xff, 0xf1, 0x0, 0x4f,
    0xff, 0x80, 0x3, 0xff, 0xf9, 0x0, 0x0, 0xcf,
    0xff, 0x0, 0xbf, 0xff, 0x20, 0x0, 0x5, 0xff,
    0xf7, 0x2f, 0xff, 0xa0, 0x0, 0x0, 0xd, 0xff,
    0xd8, 0xff, 0xf2, 0x0, 0x0, 0x0, 0x5f, 0xff,
    0xff, 0xfa, 0x0, 0x0, 0x4d, 0xdd, 0xff, 0xff,
    0xff, 0xed, 0xd9, 0x5, 0xff, 0xff, 0xff, 0xff,
    0xff, 0xff, 0xb0, 0x5f, 0xff, 0xff, 0xff, 0xff,
    0xff, 0xfb, 0x0, 0x0, 0x0, 0xaf, 0xfe, 0x0,
    0x0, 0x0, 0x0, 0x0, 0xa, 0xff, 0xe0, 0x0,
    0x0, 0x0, 0x0, 0x0, 0xaf, 0xfe, 0x0, 0x0,
    0x0, 0x0, 0x0, 0xa, 0xff, 0xe0, 0x0, 0x0,
    0x0, 0x0, 0x0, 0xaf, 0xfe, 0x0, 0x0, 0x0,
    0x0, 0x0, 0xa, 0xff, 0xe0, 0x0, 0x0, 0x0,
    0x0, 0x0, 0xaf, 0xfe, 0x0, 0x0, 0x0, 0x0,
    0x0, 0xa, 0xff, 0xe0, 0x0, 0x0, 0x0,

    /* U+04B1 "ұ" */
    0x9f, 0xff, 0x20, 0x0, 0x0, 0x9f, 0xff, 0x13,
    0xff, 0xf7, 0x0, 0x0, 0xe, 0xff, 0xa0, 0xd,
    0xff, 0xc0, 0x0, 0x4, 0xff, 0xf5, 0x0, 0x7f,
    0xff, 0x20, 0x0, 0x9f, 0xfe, 0x0, 0x1, 0xff,
    0xf7, 0x0, 0xe, 0xff, 0x90, 0x0, 0xb, 0xff,
    0xc0, 0x4, 0xff, 0xf3, 0x0, 0x0, 0x5f, 0xff,
    0x10, 0x9f, 0xfd, 0x0, 0x0, 0x0, 0xef, 0xf7,
    0xe, 0xff, 0x70, 0x0, 0x0, 0x8, 0xff, 0xc4,
    0xff, 0xf1, 0x0, 0x0, 0x0, 0x2f, 0xff, 0xbf,
    0xfb, 0x0, 0x0, 0x0, 0x0, 0xcf, 0xff, 0xff,
    0x50, 0x0, 0x0, 0x0, 0x6, 0xff, 0xff, 0xf0,
    0x0, 0x0, 0x0, 0x0, 0x1f, 0xff, 0xfa, 0x0,
    0x0, 0x0, 0x0, 0x0, 0xaf, 0xff, 0x40, 0x0,
    0x0, 0x7, 0xff, 0xff, 0xff, 0xff, 0xff, 0xf0,
    0x0, 0x7f, 0xff, 0xff, 0xff, 0xff, 0xff, 0x0,
    0x3, 0x66, 0x6b, 0xff, 0xf7, 0x66, 0x60, 0x0,
    0x0, 0x0, 0x7f, 0xff, 0x10, 0x0, 0x0, 0x0,
    0x0, 0x7, 0xff, 0xf1, 0x0, 0x0, 0x0,

    /* U+04B2 "Ҳ" */
    0x2f, 0xff, 0xf4, 0x0, 0x0, 0x0, 0xef, 0xff,
    0x60, 0x7, 0xff, 0xfd, 0x0, 0x0, 0x8, 0xff,
    0xfc, 0x0, 0x0, 0xcf, 0xff, 0x80, 0x0, 0x2f,
    0xff, 0xf2, 0x0, 0x0, 0x2f, 0xff, 0xf2, 0x0,
    0xbf, 0xff, 0x80, 0x0, 0x0, 0x8, 0xff, 0xfc,
    0x5, 0xff, 0xfd, 0x0, 0x0, 0x0, 0x0, 0xdf,
    0xff, 0x6e, 0xff, 0xf4, 0x0, 0x0, 0x0, 0x0,
    0x4f, 0xff, 0xff, 0xff, 0xa0, 0x0, 0x0, 0x0,
    0x0, 0x9, 0xff, 0xff, 0xfe, 0x10, 0x0, 0x0,
    0x0, 0x0, 0x1, 0xef, 0xff, 0xf5, 0x0, 0x0,
    0x0, 0x0, 0x0, 0x0, 0xef, 0xff, 0xf2, 0x0,
    0x0, 0x0, 0x0, 0x0, 0x9, 0xff, 0xff, 0xfc,
    0x0, 0x0, 0x0, 0x0, 0x0, 0x3f, 0xff, 0xff,
    0xff, 0x70, 0x0, 0x0, 0x0, 0x0, 0xdf, 0xff,
    0xbf, 0xff, 0xf2, 0x0, 0x0, 0x0, 0x7, 0xff,
    0xfe, 0xa, 0xff, 0xfc, 0x0, 0x0, 0x0, 0x2f,
    0xff, 0xf4, 0x1, 0xef, 0xff, 0x70, 0x0, 0x0,
    0xcf, 0xff, 0xa0, 0x0, 0x6f, 0xff, 0xf5, 0x41,
    0x6, 0xff, 0xff, 0x10, 0x0, 0xc, 0xff, 0xff,
    0xf4, 0x1f, 0xff, 0xf6, 0x0, 0x0, 0x2, 0xff,
    0xff, 0xf4, 0xaf, 0xff, 0xc0, 0x0, 0x0, 0x0,
    0x8f, 0xff, 0xf4, 0x0, 0x0, 0x0, 0x0, 0x0,
    0x0, 0x0, 0xdf, 0xf4, 0x0, 0x0, 0x0, 0x0,
    0x0, 0x0, 0x0, 0xdf, 0xf4, 0x0, 0x0, 0x0,
    0x0, 0x0, 0x0, 0x0, 0xdf, 0xf4, 0x0, 0x0,
    0x0, 0x0, 0x0, 0x0, 0x0, 0xdf, 0xf4,

    /* U+04B3 "ҳ" */
    0x4f, 0xff, 0xe1, 0x0, 0xb, 0xff, 0xf7, 0x0,
    0x9f, 0xff, 0xa0, 0x6, 0xff, 0xfc, 0x0, 0x0,
    0xdf, 0xff, 0x41, 0xef, 0xff, 0x20, 0x0, 0x3,
    0xff, 0xfd, 0xbf, 0xff, 0x60, 0x0, 0x0, 0x8,
    0xff, 0xff, 0xff, 0xb0, 0x0, 0x0, 0x0, 0xd,
    0xff, 0xff, 0xe1, 0x0, 0x0, 0x0, 0x0, 0x3f,
    0xff, 0xf6, 0x0, 0x0, 0x0, 0x0, 0x7, 0xff,
    0xff, 0xd0, 0x0, 0x0, 0x0, 0x2, 0xff, 0xff,
    0xff, 0x80, 0x0, 0x0, 0x0, 0xcf, 0xff, 0xff,
    0xff, 0x30, 0x0, 0x0, 0x7f, 0xff, 0x86, 0xff,
    0xfd, 0x0, 0x0, 0x2f, 0xff, 0xd0, 0xb, 0xff,
    0xff, 0xf3, 0xd, 0xff, 0xf4, 0x0, 0x2f, 0xff,
    0xff, 0x38, 0xff, 0xfa, 0x0, 0x0, 0x7f, 0xff,
    0xf3, 0x0, 0x0, 0x0, 0x0, 0x0, 0xa, 0xff,
    0x30, 0x0, 0x0, 0x0, 0x0, 0x0, 0xaf, 0xf3,
    0x0, 0x0, 0x0, 0x0, 0x0, 0xa, 0xff, 0x30,
    0x0, 0x0, 0x0, 0x0, 0x0, 0x58, 0x81,

    /* U+04B4 "Ҵ" */
    0x7f, 0xff, 0xff, 0xff, 0xff, 0xff, 0xf7, 0x0,
    0xdf, 0xff, 0x0, 0x7f, 0xff, 0xff, 0xff, 0xff,
    0xff, 0xf7, 0x0, 0xdf, 0xff, 0x0, 0x7f, 0xff,
    0xff, 0xff, 0xff, 0xff, 0xf7, 0x0, 0xdf, 0xff,
    0x0, 0x13, 0x33, 0x3e, 0xff, 0xe3, 0x33, 0x31,
    0x0, 0xdf, 0xff, 0x0, 0x0, 0x0, 0xe, 0xff,
    0xe0, 0x0, 0x0, 0x0, 0xdf, 0xff, 0x0, 0x0,
    0x0, 0xe, 0xff, 0xe0, 0x0, 0x0, 0x0, 0xdf,
    0xff, 0x0, 0x0, 0x0, 0xe, 0xff, 0xe0, 0x0,
    0x0, 0x0, 0xdf, 0xff, 0x0, 0x0, 0x0, 0xe,
    0xff, 0xe0, 0x0, 0x0, 0x0, 0xdf, 0xff, 0x0,
    0x0, 0x0, 0xe, 0xff, 0xe0, 0x0, 0x0, 0x0,
    0xdf, 0xff, 0x0, 0x0, 0x0, 0xe, 0xff, 0xe0,
    0x0, 0x0, 0x0, 0xdf, 0xff, 0x0, 0x0, 0x0,
    0xe, 0xff, 0xe0, 0x0, 0x0, 0x0, 0xdf, 0xff,
    0x0, 0x0, 0x0, 0xe, 0xff, 0xe0, 0x0, 0x0,
    0x0, 0xdf, 0xff, 0x0, 0x0, 0x0, 0xe, 0xff,
    0xe0, 0x0, 0x0, 0x0, 0xdf, 0xff, 0x0, 0x0,
    0x0, 0xe, 0xff, 0xe0, 0x0, 0x0, 0x0, 0xdf,
    0xff, 0x0, 0x0, 0x0, 0xe, 0xff, 0xe0, 0x0,
    0x0, 0x0, 0xdf, 0xff, 0x0, 0x0, 0x0, 0xe,
    0xff, 0xe2, 0x22, 0x22, 0x22, 0xdf, 0xff, 0x21,
    0x0, 0x0, 0xe, 0xff, 0xff, 0xff, 0xff, 0xff,
    0xff, 0xff, 0xf7, 0x0, 0x0, 0xe, 0xff, 0xff,
    0xff, 0xff, 0xff, 0xff, 0xff, 0xf7, 0x0, 0x0,
    0xe, 0xff, 0xff, 0xff, 0xff, 0xff, 0xff, 0xff,
    0xf7, 0x0, 0x0, 0x0, 0x0, 0x0, 0x0, 0x0,
    0x0, 0x0, 0xaf, 0xf7, 0x0, 0x0, 0x0, 0x0,
    0x0, 0x0, 0x0, 0x0, 0x0, 0xaf, 0xf7, 0x0,
    0x0, 0x0, 0x0, 0x0, 0x0, 0x0, 0x0, 0x0,
    0xaf, 0xf7, 0x0, 0x0, 0x0, 0x0, 0x0, 0x0,
    0x0, 0x0, 0x0, 0xaf, 0xf7, 0x0, 0x0, 0x0,
    0x0, 0x0, 0x0, 0x0, 0x0, 0x0, 0x12, 0x20,

    /* U+04B5 "ҵ" */
    0xbf, 0xff, 0xff, 0xff, 0xff, 0x90, 0xaf, 0xfe,
    0x0, 0xbf, 0xff, 0xff, 0xff, 0xff, 0x90, 0xaf,
    0xfe, 0x0, 0xbf, 0xff, 0xff, 0xff, 0xff, 0x80,
    0xaf, 0xfe, 0x0, 0x0, 0x6, 0xff, 0xf3, 0x0,
    0x0, 0xaf, 0xfe, 0x0, 0x0, 0x6, 0xff, 0xf3,
    0x0, 0x0, 0xaf, 0xfe, 0x0, 0x0, 0x6, 0xff,
    0xf3, 0x0, 0x0, 0xaf, 0xfe, 0x0, 0x0, 0x6,
    0xff, 0xf3, 0x0, 0x0, 0xaf, 0xfe, 0x0, 0x0,
    0x6, 0xff, 0xf3, 0x0, 0x0, 0xaf, 0xfe, 0x0,
    0x0, 0x6, 0xff, 0xf3, 0x0, 0x0, 0xaf, 0xfe,
    0x0, 0x0, 0x6, 0xff, 0xf3, 0x0, 0x0, 0xaf,
    0xfe, 0x0, 0x0, 0x6, 0xff, 0xf3, 0x0, 0x0,
    0xaf, 0xfe, 0x0, 0x0, 0x6, 0xff, 0xff, 0xee,
    0xee, 0xff, 0xff, 0xe4, 0x0, 0x6, 0xff, 0xff,
    0xff, 0xff, 0xff, 0xff, 0xf4, 0x0, 0x6, 0xff,
    0xff, 0xff, 0xff, 0xff, 0xff, 0xf4, 0x0, 0x0,
    0x0, 0x0, 0x0, 0x0, 0x0, 0x9f, 0xf4, 0x0,
    0x0, 0x0, 0x0, 0x0, 0x0, 0x0, 0x9f, 0xf4,
    0x0, 0x0, 0x0, 0x0, 0x0, 0x0, 0x0, 0x9f,
    0xf4, 0x0, 0x0, 0x0, 0x0, 0x0, 0x0, 0x0,
    0x59, 0x92,

    /* U+04B6 "Ҷ" */
    0x6f, 0xff, 0x50, 0x0, 0x0, 0x7, 0xff, 0xf4,
    0x6, 0xff, 0xf5, 0x0, 0x0, 0x0, 0x7f, 0xff,
    0x40, 0x6f, 0xff, 0x50, 0x0, 0x0, 0x7, 0xff,
    0xf4, 0x6, 0xff, 0xf5, 0x0, 0x0, 0x0, 0x7f,
    0xff, 0x40, 0x6f, 0xff, 0x50, 0x0, 0x0, 0x7,
    0xff, 0xf4, 0x6, 0xff, 0xf5, 0x0, 0x0, 0x0,
    0x7f, 0xff, 0x40, 0x6f, 0xff, 0x60, 0x0, 0x0,
    0x7, 0xff, 0xf4, 0x4, 0xff, 0xfb, 0x0, 0x0,
    0x0, 0x7f, 0xff, 0x40, 0x1f, 0xff, 0xf8, 0x20,
    0x2, 0x7e, 0xff, 0xf4, 0x0, 0xaf, 0xff, 0xff,
    0xff, 0xff, 0xff, 0xff, 0x40, 0x1, 0xdf, 0xff,
    0xff, 0xff, 0xff, 0xff, 0xf4, 0x0, 0x0, 0x7d,
    0xff, 0xff, 0xd8, 0x9f, 0xff, 0x40, 0x0, 0x0,
    0x0, 0x12, 0x0, 0x7, 0xff, 0xf4, 0x0, 0x0,
    0x0, 0x0, 0x0, 0x0, 0x7f, 0xff, 0x40, 0x0,
    0x0, 0x0, 0x0, 0x0, 0x7, 0xff, 0xf4, 0x0,
    0x0, 0x0, 0x0, 0x0, 0x0, 0x7f, 0xff, 0x74,
    0x0, 0x0, 0x0, 0x0, 0x0, 0x7, 0xff, 0xff,
    0xd0, 0x0, 0x0, 0x0, 0x0, 0x0, 0x7f, 0xff,
    0xfd, 0x0, 0x0, 0x0, 0x0, 0x0, 0x7, 0xff,
    0xff, 0xd0, 0x0, 0x0, 0x0, 0x0, 0x0, 0x0,
    0x4f, 0xfd, 0x0, 0x0, 0x0, 0x0, 0x0, 0x0,
    0x4, 0xff, 0xd0, 0x0, 0x0, 0x0, 0x0, 0x0,
    0x0, 0x4f, 0xfd, 0x0, 0x0, 0x0, 0x0, 0x0,
    0x0, 0x4, 0xff, 0xd0,

    /* U+04B7 "ҷ" */
    0x8f, 0xff, 0x0, 0x0, 0x2f, 0xff, 0x60, 0x8f,
    0xff, 0x0, 0x0, 0x2f, 0xff, 0x60, 0x8f, 0xff,
    0x0, 0x0, 0x2f, 0xff, 0x60, 0x8f, 0xff, 0x0,
    0x0, 0x2f, 0xff, 0x60, 0x7f, 0xff, 0x10, 0x0,
    0x2f, 0xff, 0x60, 0x4f, 0xff, 0x80, 0x0, 0x2f,
    0xff, 0x60, 0xe, 0xff, 0xfc, 0x89, 0xdf, 0xff,
    0x60, 0x4, 0xff, 0xff, 0xff, 0xff, 0xff, 0x60,
    0x0, 0x29, 0xdf, 0xec, 0x9f, 0xff, 0x60, 0x0,
    0x0, 0x0, 0x0, 0x2f, 0xff, 0x60, 0x0, 0x0,
    0x0, 0x0, 0x2f, 0xff, 0x60, 0x0, 0x0, 0x0,
    0x0, 0x2f, 0xff, 0xfd, 0x0, 0x0, 0x0, 0x0,
    0x2f, 0xff, 0xfd, 0x0, 0x0, 0x0, 0x0, 0x2f,
    0xff, 0xfd, 0x0, 0x0, 0x0, 0x0, 0x0, 0x1f,
    0xfd, 0x0, 0x0, 0x0, 0x0, 0x0, 0x1f, 0xfd,
    0x0, 0x0, 0x0, 0x0, 0x0, 0x1f, 0xfd, 0x0,
    0x0, 0x0, 0x0, 0x0, 0x8, 0x86,

    /* U+04B8 "Ҹ" */
    0x6f, 0xff, 0x50, 0x0, 0x0, 0x7, 0xff, 0xf4,
    0x6f, 0xff, 0x50, 0x0, 0x0, 0x7, 0xff, 0xf4,
    0x6f, 0xff, 0x50, 0x0, 0x0, 0x7, 0xff, 0xf4,
    0x6f, 0xff, 0x50, 0x0, 0x0, 0x7, 0xff, 0xf4,
    0x6f, 0xff, 0x50, 0x2f, 0xf2, 0x7, 0xff, 0xf4,
    0x6f, 0xff, 0x50, 0x2f, 0xf2, 0x7, 0xff, 0xf4,
    0x6f, 0xff, 0x60, 0x2f, 0xf2, 0x7, 0xff, 0xf4,
    0x5f, 0xff, 0x90, 0x2f, 0xf2, 0x7, 0xff, 0xf4,
    0x2f, 0xff, 0xf5, 0x2f, 0xf2, 0x4d, 0xff, 0xf4,
    0xc, 0xff, 0xff, 0xef, 0xff, 0xff, 0xff, 0xf4,
    0x2, 0xef, 0xff, 0xff, 0xff, 0xff, 0xff, 0xf4,
    0x0, 0x2a, 0xff, 0xff, 0xff, 0xaa, 0xff, 0xf4,
    0x0, 0x0, 0x2, 0x5f, 0xf2, 0x7, 0xff, 0xf4,
    0x0, 0x0, 0x0, 0x2f, 0xf2, 0x7, 0xff, 0xf4,
    0x0, 0x0, 0x0, 0x2f, 0xf2, 0x7, 0xff, 0xf4,
    0x0, 0x0, 0x0, 0x2f, 0xf2, 0x7, 0xff, 0xf4,
    0x0, 0x0, 0x0, 0x1, 0x10, 0x7, 0xff, 0xf4,
    0x0, 0x0, 0x0, 0x0, 0x0, 0x7, 0xff, 0xf4,
    0x0, 0x0, 0x0, 0x0, 0x0, 0x7, 0xff, 0xf4,

    /* U+04B9 "ҹ" */
    0x8f, 0xff, 0x0, 0x0, 0x2f, 0xff, 0x68, 0xff,
    0xf0, 0x0, 0x2, 0xff, 0xf6, 0x8f, 0xff, 0x0,
    0x0, 0x2f, 0xff, 0x68, 0xff, 0xf0, 0x3f, 0x22,
    0xff, 0xf6, 0x7f, 0xff, 0x13, 0xf2, 0x2f, 0xff,
    0x65, 0xff, 0xf7, 0x3f, 0x22, 0xff, 0xf6, 0x1e,
    0xff, 0xfb, 0xf9, 0xbf, 0xff, 0x60, 0x5f, 0xff,
    0xff, 0xff, 0xff, 0xf6, 0x0, 0x3b, 0xff, 0xfe,
    0xbf, 0xff, 0x60, 0x0, 0x0, 0x4f, 0x22, 0xff,
    0xf6, 0x0, 0x0, 0x3, 0xf2, 0x2f, 0xff, 0x60,
    0x0, 0x0, 0x2d, 0x22, 0xff, 0xf6, 0x0, 0x0,
    0x0, 0x0, 0x2f, 0xff, 0x60, 0x0, 0x0, 0x0,
    0x2, 0xff, 0xf6,

    /* U+04BA "Һ" */
    0xf, 0xff, 0xb0, 0x0, 0x0, 0x0, 0x0, 0x0,
    0xf, 0xff, 0xb0, 0x0, 0x0, 0x0, 0x0, 0x0,
    0xf, 0xff, 0xb0, 0x0, 0x0, 0x0, 0x0, 0x0,
    0xf, 0xff, 0xb0, 0x0, 0x0, 0x0, 0x0, 0x0,
    0xf, 0xff, 0xb0, 0x0, 0x0, 0x0, 0x0, 0x0,
    0xf, 0xff, 0xb0, 0x0, 0x0, 0x0, 0x0, 0x0,
    0xf, 0xff, 0xb0, 0x0, 0x11, 0x0, 0x0, 0x0,
    0xf, 0xff, 0xc6, 0xbf, 0xff, 0xfe, 0x91, 0x0,
    0xf, 0xff, 0xff, 0xff, 0xff, 0xff, 0xff, 0x30,
    0xf, 0xff, 0xff, 0xff, 0xff, 0xff, 0xff, 0xe0,
    0xf, 0xff, 0xf9, 0x31, 0x1, 0x6f, 0xff, 0xf5,
    0xf, 0xff, 0xb0, 0x0, 0x0, 0x6, 0xff, 0xf9,
    0xf, 0xff, 0xb0, 0x0, 0x0, 0x1, 0xff, 0xfa,
    0xf, 0xff, 0xb0, 0x0, 0x0, 0x1, 0xff, 0xfb,
    0xf, 0xff, 0xb0, 0x0, 0x0, 0x1, 0xff, 0xfb,
    0xf, 0xff, 0xb0, 0x0, 0x0, 0x1, 0xff, 0xfb,
    0xf, 0xff, 0xb0, 0x0, 0x0, 0x1, 0xff, 0xfb,
    0xf, 0xff, 0xb0, 0x0, 0x0, 0x1, 0xff, 0xfb,
    0xf, 0xff, 0xb0, 0x0, 0x0, 0x1, 0xff, 0xfb,

    /* U+04BB "һ" */
    0x2f, 0xff, 0x60, 0x0, 0x0, 0x0, 0x0, 0x2f,
    0xff, 0x60, 0x0, 0x0, 0x0, 0x0, 0x2f, 0xff,
    0x60, 0x0, 0x0, 0x0, 0x0, 0x2f, 0xff, 0x60,
    0x0, 0x0, 0x0, 0x0, 0x2f, 0xff, 0x60, 0x0,
    0x0, 0x0, 0x0, 0x2f, 0xff, 0x61, 0x8d, 0xfe,
    0x92, 0x0, 0x2f, 0xff, 0x8e, 0xff, 0xff, 0xfe,
    0x20, 0x2f, 0xff, 0xff, 0xec, 0xff, 0xff, 0xb0,
    0x2f, 0xff, 0xf7, 0x0, 0x1e, 0xff, 0xf0, 0x2f,
    0xff, 0xc0, 0x0, 0x8, 0xff, 0xf1, 0x2f, 0xff,
    0x80, 0x0, 0x7, 0xff, 0xf1, 0x2f, 0xff, 0x70,
    0x0, 0x7, 0xff, 0xf2, 0x2f, 0xff, 0x60, 0x0,
    0x7, 0xff, 0xf2, 0x2f, 0xff, 0x60, 0x0, 0x7,
    0xff, 0xf2, 0x2f, 0xff, 0x60, 0x0, 0x7, 0xff,
    0xf2, 0x2f, 0xff, 0x60, 0x0, 0x7, 0xff, 0xf2,
    0x2f, 0xff, 0x60, 0x0, 0x7, 0xff, 0xf2, 0x2f,
    0xff, 0x60, 0x0, 0x7, 0xff, 0xf2, 0x2f, 0xff,
    0x60, 0x0, 0x7, 0xff, 0xf2,

    /* U+04BC "Ҽ" */
    0x0, 0x0, 0x0, 0x0, 0x5, 0xae, 0xff, 0xda,
    0x40, 0x0, 0x0, 0x0, 0x0, 0x0, 0x2, 0xcf,
    0xff, 0xff, 0xff, 0xfa, 0x0, 0x0, 0x0, 0x0,
    0x0, 0x3e, 0xff, 0xff, 0xff, 0xff, 0xff, 0xb0,
    0x0, 0x0, 0x0, 0x0, 0xdf, 0xff, 0xe7, 0x44,
    0x8f, 0xff, 0xf8, 0x0, 0x35, 0x20, 0x7, 0xff,
    0xfd, 0x10, 0x0, 0x3, 0xff, 0xff, 0x20, 0xaf,
    0xf0, 0xe, 0xff, 0xf3, 0x0, 0x0, 0x0, 0x8f,
    0xff, 0x80, 0xcf, 0xe0, 0x2f, 0xff, 0xc0, 0x0,
    0x0, 0x0, 0x1f, 0xff, 0xd0, 0xdf, 0xf6, 0x7f,
    0xff, 0xa2, 0x22, 0x22, 0x22, 0x2e, 0xff, 0xf0,
    0xbf, 0xff, 0xff, 0xff, 0xff, 0xff, 0xff, 0xff,
    0xff, 0xff, 0xf2, 0x4f, 0xff, 0xff, 0xff, 0xff,
    0xff, 0xff, 0xff, 0xff, 0xff, 0xf3, 0x4, 0xbe,
    0xff, 0xff, 0xff, 0xff, 0xff, 0xff, 0xff, 0xff,
    0xf2, 0x0, 0x0, 0x4f, 0xff, 0x90, 0x0, 0x0,
    0x0, 0x0, 0x0, 0x0, 0x0, 0x0, 0x1f, 0xff,
    0xd0, 0x0, 0x0, 0x0, 0x2, 0x0, 0x0, 0x0,
    0x0, 0xd, 0xff, 0xf5, 0x0, 0x0, 0x0, 0x5f,
    0xfb, 0x50, 0x0, 0x0, 0x6, 0xff, 0xfe, 0x20,
    0x0, 0x2, 0xef, 0xff, 0x70, 0x0, 0x0, 0x0,
    0xcf, 0xff, 0xf9, 0x55, 0x9f, 0xff, 0xfe, 0x0,
    0x0, 0x0, 0x0, 0x2e, 0xff, 0xff, 0xff, 0xff,
    0xff, 0xf4, 0x0, 0x0, 0x0, 0x0, 0x1, 0xcf,
    0xff, 0xff, 0xff, 0xfe, 0x40, 0x0, 0x0, 0x0,
    0x0, 0x0, 0x4, 0x9d, 0xff, 0xeb, 0x60, 0x0,
    0x0,

    /* U+04BD "ҽ" */
    0x0, 0x0, 0x0, 0x6, 0xcf, 0xfe, 0xa3, 0x0,
    0x0, 0x0, 0x0, 0x1c, 0xff, 0xff, 0xff, 0xf7,
    0x0, 0x33, 0x0, 0xb, 0xff, 0xff, 0xdf, 0xff,
    0xf4, 0xa, 0xfa, 0x4, 0xff, 0xf9, 0x0, 0x1c,
    0xff, 0xd0, 0xdf, 0x80, 0xaf, 0xfe, 0x0, 0x0,
    0x3f, 0xff, 0x2c, 0xfd, 0x4e, 0xff, 0xd3, 0x33,
    0x33, 0xff, 0xf6, 0x7f, 0xff, 0xff, 0xff, 0xff,
    0xff, 0xff, 0xff, 0x80, 0x6c, 0xff, 0xff, 0xff,
    0xff, 0xff, 0xff, 0xf9, 0x0, 0x0, 0xef, 0xfb,
    0x0, 0x0, 0x0, 0x0, 0x0, 0x0, 0xc, 0xff,
    0xf0, 0x0, 0x2, 0x85, 0x20, 0x0, 0x0, 0x6f,
    0xff, 0xa0, 0x0, 0xbf, 0xff, 0x20, 0x0, 0x0,
    0xcf, 0xff, 0xec, 0xef, 0xff, 0x90, 0x0, 0x0,
    0x1, 0xcf, 0xff, 0xff, 0xff, 0xb0, 0x0, 0x0,
    0x0, 0x0, 0x5b, 0xef, 0xeb, 0x50, 0x0,

    /* U+04BE "Ҿ" */
    0x0, 0x0, 0x0, 0x0, 0x5, 0xae, 0xff, 0xda,
    0x30, 0x0, 0x0, 0x0, 0x0, 0x0, 0x1, 0xcf,
    0xff, 0xff, 0xff, 0xfa, 0x0, 0x0, 0x0, 0x0,
    0x0, 0x2e, 0xff, 0xff, 0xff, 0xff, 0xff, 0xa0,
    0x0, 0x0, 0x0, 0x0, 0xdf, 0xff, 0xe7, 0x44,
    0x9f, 0xff, 0xf8, 0x0, 0x34, 0x10, 0x7, 0xff,
    0xfd, 0x10, 0x0, 0x3, 0xff, 0xff, 0x20, 0xaf,
    0xf0, 0xd, 0xff, 0xf3, 0x0, 0x0, 0x0, 0x8f,
    0xff, 0x80, 0xcf, 0xe0, 0x2f, 0xff, 0xd0, 0x0,
    0x0, 0x0, 0x1f, 0xff, 0xd0, 0xdf, 0xf3, 0x5f,
    0xff, 0x90, 0x0, 0x0, 0x0, 0xd, 0xff, 0xf0,
    0xcf, 0xff, 0xff, 0xff, 0xff, 0xff, 0xff, 0xff,
    0xff, 0xff, 0xf2, 0x5f, 0xff, 0xff, 0xff, 0xff,
    0xff, 0xff, 0xff, 0xff, 0xff, 0xf3, 0x6, 0xef,
    0xff, 0xff, 0xff, 0xff, 0xff, 0xff, 0xff, 0xff,
    0xf2, 0x0, 0x1, 0x6f, 0xff, 0xa2, 0x22, 0x22,
    0x22, 0x22, 0x22, 0x20, 0x0, 0x0, 0x2f, 0xff,
    0xc0, 0x0, 0x0, 0x0, 0x0, 0x0, 0x0, 0x0,
    0x0, 0xe, 0xff, 0xf3, 0x0, 0x0, 0x0, 0x3e,
    0xb7, 0x30, 0x0, 0x0, 0x8, 0xff, 0xfc, 0x0,
    0x0, 0x0, 0xcf, 0xff, 0x80, 0x0, 0x0, 0x1,
    0xef, 0xff, 0xc4, 0x0, 0x4c, 0xff, 0xff, 0x20,
    0x0, 0x0, 0x0, 0x4f, 0xff, 0xff, 0xff, 0xff,
    0xff, 0xf8, 0x0, 0x0, 0x0, 0x0, 0x4, 0xff,
    0xff, 0xff, 0xff, 0xff, 0x80, 0x0, 0x0, 0x0,
    0x0, 0x0, 0x19, 0xef, 0xff, 0xff, 0xb3, 0x0,
    0x0, 0x0, 0x0, 0x0, 0x0, 0x0, 0x3, 0xff,
    0x60, 0x0, 0x0, 0x0, 0x0, 0x0, 0x0, 0x0,
    0x0, 0x1, 0xff, 0x40, 0x0, 0x0, 0x0, 0x0,
    0x0, 0x0, 0x0, 0x0, 0x1, 0xff, 0x40, 0x0,
    0x0, 0x0, 0x0, 0x0, 0x0, 0x0, 0x0, 0x0,
    0x77, 0x10, 0x0, 0x0, 0x0,

    /* U+04BF "ҿ" */
    0x0, 0x0, 0x0, 0x6, 0xcf, 0xfe, 0xa3, 0x0,
    0x0, 0x0, 0x0, 0xb, 0xff, 0xff, 0xff, 0xf6,
    0x0, 0x32, 0x0, 0xa, 0xff, 0xff, 0xdf, 0xff,
    0xf4, 0xa, 0xfa, 0x4, 0xff, 0xfa, 0x0, 0x1d,
    0xff, 0xc0, 0xdf, 0x80, 0xaf, 0xff, 0x10, 0x0,
    0x4f, 0xff, 0x2d, 0xfb, 0xd, 0xff, 0xc0, 0x0,
    0x0, 0xff, 0xf5, 0x9f, 0xff, 0xff, 0xff, 0xff,
    0xff, 0xff, 0xff, 0x70, 0x9f, 0xff, 0xff, 0xff,
    0xff, 0xff, 0xff, 0xf8, 0x0, 0x2, 0xff, 0xfc,
    0x33, 0x33, 0x33, 0x33, 0x20, 0x0, 0xd, 0xff,
    0xd0, 0x0, 0x0, 0x0, 0x0, 0x0, 0x0, 0x9f,
    0xff, 0x30, 0x0, 0x6f, 0xda, 0x20, 0x0, 0x2,
    0xff, 0xfe, 0x30, 0x4e, 0xff, 0xe0, 0x0, 0x0,
    0x7, 0xff, 0xff, 0xff, 0xff, 0xf5, 0x0, 0x0,
    0x0, 0x6, 0xff, 0xff, 0xff, 0xf6, 0x0, 0x0,
    0x0, 0x0, 0x1, 0x6e, 0xfd, 0x61, 0x0, 0x0,
    0x0, 0x0, 0x0, 0x0, 0xbf, 0xa0, 0x0, 0x0,
    0x0, 0x0, 0x0, 0x0, 0xb, 0xfa, 0x0, 0x0,
    0x0, 0x0, 0x0, 0x0, 0x0, 0xae, 0x90, 0x0,
    0x0,

    /* U+04C0 "Ӏ" */
    0x3f, 0xff, 0x83, 0xff, 0xf8, 0x3f, 0xff, 0x83,
    0xff, 0xf8, 0x3f, 0xff, 0x83, 0xff, 0xf8, 0x3f,
    0xff, 0x83, 0xff, 0xf8, 0x3f, 0xff, 0x83, 0xff,
    0xf8, 0x3f, 0xff, 0x83, 0xff, 0xf8, 0x3f, 0xff,
    0x83, 0xff, 0xf8, 0x3f, 0xff, 0x83, 0xff, 0xf8,
    0x3f, 0xff, 0x83, 0xff, 0xf8, 0x3f, 0xff, 0x80,

    /* U+04C1 "Ӂ" */
    0x0, 0x0, 0x0, 0x0, 0x64, 0x0, 0x0, 0x64,
    0x0, 0x0, 0x0, 0x0, 0x0, 0x0, 0x0, 0x0,
    0xee, 0x20, 0x7, 0xf8, 0x0, 0x0, 0x0, 0x0,
    0x0, 0x0, 0x0, 0x0, 0x6f, 0xfe, 0xff, 0xe1,
    0x0, 0x0, 0x0, 0x0, 0x0, 0x0, 0x0, 0x0,
    0x5, 0xcf, 0xea, 0x20, 0x0, 0x0, 0x0, 0x0,
    0x0, 0x0, 0x0, 0x0, 0x0, 0x0, 0x0, 0x0,
    0x0, 0x0, 0x0, 0x0, 0x8f, 0xeb, 0x60, 0x0,
    0x1, 0xff, 0xf9, 0x0, 0x0, 0x29, 0xdf, 0xf0,
    0x8f, 0xff, 0xf8, 0x0, 0x1, 0xff, 0xf9, 0x0,
    0x1, 0xef, 0xff, 0xf0, 0x6d, 0xff, 0xff, 0x30,
    0x1, 0xff, 0xf9, 0x0, 0xb, 0xff, 0xfe, 0xc0,
    0x0, 0x1c, 0xff, 0xa0, 0x1, 0xff, 0xf9, 0x0,
    0x2f, 0xff, 0x50, 0x0, 0x0, 0x3, 0xff, 0xf1,
    0x1, 0xff, 0xf9, 0x0, 0x9f, 0xfb, 0x0, 0x0,
    0x0, 0x0, 0xdf, 0xf7, 0x1, 0xff, 0xf9, 0x0,
    0xff, 0xf5, 0x0, 0x0, 0x0, 0x0, 0x7f, 0xfe,
    0x1, 0xff, 0xf9, 0x6, 0xff, 0xe0, 0x0, 0x0,
    0x0, 0x0, 0x1f, 0xff, 0x71, 0xff, 0xf9, 0x1e,
    0xff, 0x80, 0x0, 0x0, 0x0, 0x0, 0x7, 0xff,
    0xfc, 0xff, 0xfe, 0xef, 0xfe, 0x10, 0x0, 0x0,
    0x0, 0x0, 0x0, 0xbf, 0xff, 0xff, 0xff, 0xff,
    0xf4, 0x0, 0x0, 0x0, 0x0, 0x0, 0x1d, 0xff,
    0xff, 0xff, 0xff, 0xff, 0xff, 0x60, 0x0, 0x0,
    0x0, 0x0, 0xcf, 0xff, 0xa2, 0xff, 0xf9, 0x4f,
    0xff, 0xf4, 0x0, 0x0, 0x0, 0x6, 0xff, 0xfe,
    0x1, 0xff, 0xf9, 0x7, 0xff, 0xfd, 0x0, 0x0,
    0x0, 0xe, 0xff, 0xf5, 0x1, 0xff, 0xf9, 0x0,
    0xdf, 0xff, 0x60, 0x0, 0x0, 0x7f, 0xff, 0xd0,
    0x1, 0xff, 0xf9, 0x0, 0x5f, 0xff, 0xe0, 0x0,
    0x0, 0xef, 0xff, 0x50, 0x1, 0xff, 0xf9, 0x0,
    0xd, 0xff, 0xf7, 0x0, 0x7, 0xff, 0xfd, 0x0,
    0x1, 0xff, 0xf9, 0x0, 0x6, 0xff, 0xfe, 0x0,
    0xe, 0xff, 0xf6, 0x0, 0x1, 0xff, 0xf9, 0x0,
    0x0, 0xef, 0xff, 0x70, 0x7f, 0xff, 0xe0, 0x0,
    0x1, 0xff, 0xf9, 0x0, 0x0, 0x7f, 0xff, 0xe0,

    /* U+04C2 "ӂ" */
    0x0, 0x0, 0x0, 0x9f, 0x20, 0x0, 0xaf, 0x10,
    0x0, 0x0, 0x0, 0x0, 0x0, 0x5f, 0xb1, 0x5,
    0xfc, 0x0, 0x0, 0x0, 0x0, 0x0, 0x0, 0xc,
    0xff, 0xff, 0xf3, 0x0, 0x0, 0x0, 0x0, 0x0,
    0x0, 0x0, 0x8d, 0xeb, 0x30, 0x0, 0x0, 0x0,
    0x0, 0x0, 0x0, 0x0, 0x0, 0x0, 0x0, 0x0,
    0x0, 0x0, 0x9, 0xfe, 0xa1, 0x0, 0x8f, 0xff,
    0x0, 0x6, 0xdf, 0xf0, 0x9, 0xff, 0xfb, 0x0,
    0x8f, 0xff, 0x0, 0x5f, 0xff, 0xf0, 0x3, 0x7e,
    0xff, 0x30, 0x8f, 0xff, 0x0, 0xcf, 0xf9, 0x70,
    0x0, 0x4, 0xff, 0xa0, 0x8f, 0xff, 0x2, 0xff,
    0xb0, 0x0, 0x0, 0x0, 0xdf, 0xf0, 0x8f, 0xff,
    0x9, 0xff, 0x50, 0x0, 0x0, 0x0, 0x6f, 0xfb,
    0xbf, 0xff, 0x6f, 0xfd, 0x0, 0x0, 0x0, 0x0,
    0x9, 0xff, 0xff, 0xff, 0xff, 0xe2, 0x0, 0x0,
    0x0, 0x0, 0x4e, 0xff, 0xff, 0xff, 0xff, 0xf9,
    0x0, 0x0, 0x0, 0x2, 0xff, 0xf6, 0x9f, 0xff,
    0x2d, 0xff, 0x80, 0x0, 0x0, 0xb, 0xff, 0xc0,
    0x8f, 0xff, 0x4, 0xff, 0xf3, 0x0, 0x0, 0x4f,
    0xff, 0x40, 0x8f, 0xff, 0x0, 0xdf, 0xfb, 0x0,
    0x0, 0xcf, 0xfd, 0x0, 0x8f, 0xff, 0x0, 0x6f,
    0xff, 0x30, 0x4, 0xff, 0xf7, 0x0, 0x8f, 0xff,
    0x0, 0xf, 0xff, 0xb0, 0xc, 0xff, 0xf1, 0x0,
    0x8f, 0xff, 0x0, 0x9, 0xff, 0xf3,

    /* U+04C3 "Ӄ" */
    0xf, 0xff, 0xb0, 0x0, 0x0, 0x6c, 0xef, 0x70,
    0xf, 0xff, 0xb0, 0x0, 0x9, 0xff, 0xff, 0x70,
    0xf, 0xff, 0xb0, 0x0, 0x4f, 0xff, 0xeb, 0x40,
    0xf, 0xff, 0xb0, 0x0, 0xcf, 0xfa, 0x0, 0x0,
    0xf, 0xff, 0xb0, 0x3, 0xff, 0xf1, 0x0, 0x0,
    0xf, 0xff, 0xb0, 0x9, 0xff, 0xb0, 0x0, 0x0,
    0xf, 0xff, 0xb0, 0x1f, 0xff, 0x50, 0x0, 0x0,
    0xf, 0xff, 0xb2, 0xcf, 0xfd, 0x0, 0x0, 0x0,
    0xf, 0xff, 0xff, 0xff, 0xfe, 0xa5, 0x0, 0x0,
    0xf, 0xff, 0xff, 0xff, 0xff, 0xff, 0xd3, 0x0,
    0xf, 0xff, 0xea, 0xaa, 0xcf, 0xff, 0xff, 0x30,
    0xf, 0xff, 0xb0, 0x0, 0x2, 0xcf, 0xff, 0xd0,
    0xf, 0xff, 0xb0, 0x0, 0x0, 0x1e, 0xff, 0xf4,
    0xf, 0xff, 0xb0, 0x0, 0x0, 0x7, 0xff, 0xf8,
    0xf, 0xff, 0xb0, 0x0, 0x0, 0x3, 0xff, 0xfa,
    0xf, 0xff, 0xb0, 0x0, 0x0, 0x1, 0xff, 0xfa,
    0xf, 0xff, 0xb0, 0x0, 0x0, 0x2, 0xff, 0xf9,
    0xf, 0xff, 0xb0, 0x0, 0x0, 0x4, 0xff, 0xf7,
    0xf, 0xff, 0xb0, 0x0, 0x0, 0x8, 0xff, 0xf4,
    0x0, 0x0, 0x10, 0x0, 0x0, 0x1e, 0xff, 0xf0,
    0xa, 0xef, 0xf7, 0x10, 0x5, 0xdf, 0xff, 0xa0,
    0x4, 0xff, 0xff, 0xff, 0xff, 0xff, 0xfe, 0x10,
    0x0, 0x5f, 0xff, 0xff, 0xff, 0xff, 0xd2, 0x0,
    0x0, 0x1, 0x7c, 0xef, 0xfd, 0xa5, 0x0, 0x0,

    /* U+04C4 "ӄ" */
    0x4f, 0xff, 0x40, 0x1, 0xae, 0xf7, 0x0, 0x4f,
    0xff, 0x40, 0xd, 0xff, 0xf7, 0x0, 0x4f, 0xff,
    0x40, 0x5f, 0xfd, 0x73, 0x0, 0x4f, 0xff, 0x40,
    0xbf, 0xf2, 0x0, 0x0, 0x4f, 0xff, 0x42, 0xff,
    0xc0, 0x0, 0x0, 0x4f, 0xff, 0x9d, 0xff, 0x70,
    0x0, 0x0, 0x4f, 0xff, 0xff, 0xff, 0xff, 0xb3,
    0x0, 0x4f, 0xff, 0xff, 0xff, 0xff, 0xff, 0x50,
    0x4f, 0xff, 0x40, 0x1, 0x6f, 0xff, 0xf2, 0x4f,
    0xff, 0x40, 0x0, 0x5, 0xff, 0xf9, 0x4f, 0xff,
    0x40, 0x0, 0x0, 0xef, 0xfd, 0x4f, 0xff, 0x40,
    0x0, 0x0, 0xbf, 0xff, 0x4f, 0xff, 0x40, 0x0,
    0x0, 0xbf, 0xff, 0x4f, 0xff, 0x40, 0x0, 0x0,
    0xdf, 0xfd, 0x0, 0x0, 0x0, 0x0, 0x2, 0xff,
    0xfa, 0x1b, 0xdf, 0xc3, 0x0, 0x3d, 0xff, 0xf4,
    0xa, 0xff, 0xff, 0xff, 0xff, 0xff, 0xa0, 0x0,
    0xbf, 0xff, 0xff, 0xff, 0xfb, 0x0, 0x0, 0x5,
    0xbe, 0xff, 0xeb, 0x50, 0x0,

    /* U+04C5 "Ӆ" */
    0x0, 0xc, 0xff, 0xff, 0xff, 0xff, 0xff, 0xff,
    0x40, 0x0, 0x0, 0xcf, 0xff, 0xff, 0xff, 0xff,
    0xff, 0xf4, 0x0, 0x0, 0xc, 0xff, 0xff, 0xff,
    0xff, 0xff, 0xff, 0x40, 0x0, 0x0, 0xcf, 0xfe,
    0x33, 0x33, 0x39, 0xff, 0xf4, 0x0, 0x0, 0xc,
    0xff, 0xe0, 0x0, 0x0, 0x8f, 0xff, 0x40, 0x0,
    0x0, 0xcf, 0xfe, 0x0, 0x0, 0x8, 0xff, 0xf4,
    0x0, 0x0, 0xc, 0xff, 0xe0, 0x0, 0x0, 0x8f,
    0xff, 0x40, 0x0, 0x0, 0xcf, 0xfe, 0x0, 0x0,
    0x8, 0xff, 0xf4, 0x0, 0x0, 0xc, 0xff, 0xe0,
    0x0, 0x0, 0x8f, 0xff, 0x40, 0x0, 0x0, 0xcf,
    0xfe, 0x0, 0x0, 0x8, 0xff, 0xf4, 0x0, 0x0,
    0xc, 0xff, 0xe0, 0x0, 0x0, 0x8f, 0xff, 0x40,
    0x0, 0x0, 0xcf, 0xfe, 0x0, 0x0, 0x8, 0xff,
    0xf4, 0x0, 0x0, 0xc, 0xff, 0xe0, 0x0, 0x0,
    0x8f, 0xff, 0x40, 0x0, 0x0, 0xcf, 0xfe, 0x0,
    0x0, 0x8, 0xff, 0xf4, 0x0, 0x0, 0xc, 0xff,
    0xd0, 0x0, 0x0, 0x8f, 0xff, 0x40, 0x0, 0x3,
    0xff, 0xfc, 0x0, 0x0, 0x8, 0xff, 0xf4, 0x0,
    0x9f, 0xff, 0xff, 0x80, 0x0, 0x0, 0x8f, 0xff,
    0xff, 0x29, 0xff, 0xff, 0xf2, 0x0, 0x0, 0x8,
    0xff, 0xff, 0xd0, 0x9f, 0xfe, 0xb3, 0x0, 0x0,
    0x0, 0x8f, 0xff, 0xf7, 0x0, 0x0, 0x0, 0x0,
    0x0, 0x0, 0x0, 0xe, 0xff, 0x10, 0x0, 0x0,
    0x0, 0x0, 0x0, 0x0, 0x4, 0xff, 0xc0, 0x0,
    0x0, 0x0, 0x0, 0x0, 0x0, 0x0, 0xaf, 0xf6,
    0x0, 0x0, 0x0, 0x0, 0x0, 0x0, 0x0, 0x1f,
    0xff, 0x10, 0x0,

    /* U+04C6 "ӆ" */
    0x0, 0x2f, 0xff, 0xff, 0xff, 0xff, 0xff, 0xc0,
    0x0, 0x2, 0xff, 0xff, 0xff, 0xff, 0xff, 0xfc,
    0x0, 0x0, 0x2f, 0xff, 0xff, 0xff, 0xff, 0xff,
    0xc0, 0x0, 0x2, 0xff, 0xf5, 0x0, 0x0, 0xcf,
    0xfc, 0x0, 0x0, 0x2f, 0xff, 0x50, 0x0, 0xc,
    0xff, 0xc0, 0x0, 0x2, 0xff, 0xf5, 0x0, 0x0,
    0xcf, 0xfc, 0x0, 0x0, 0x2f, 0xff, 0x50, 0x0,
    0xc, 0xff, 0xc0, 0x0, 0x2, 0xff, 0xf5, 0x0,
    0x0, 0xcf, 0xfc, 0x0, 0x0, 0x2f, 0xff, 0x50,
    0x0, 0xc, 0xff, 0xc0, 0x0, 0x2, 0xff, 0xf5,
    0x0, 0x0, 0xcf, 0xfc, 0x0, 0x0, 0x4f, 0xff,
    0x40, 0x0, 0xc, 0xff, 0xc0, 0x6, 0xae, 0xff,
    0xf1, 0x0, 0x0, 0xcf, 0xff, 0xf5, 0xbf, 0xff,
    0xfb, 0x0, 0x0, 0xc, 0xff, 0xff, 0x1b, 0xff,
    0xfb, 0x10, 0x0, 0x0, 0xcf, 0xff, 0xa0, 0x0,
    0x0, 0x0, 0x0, 0x0, 0x0, 0x5f, 0xf5, 0x0,
    0x0, 0x0, 0x0, 0x0, 0x0, 0xc, 0xfe, 0x0,
    0x0, 0x0, 0x0, 0x0, 0x0, 0x3, 0xff, 0x90,
    0x0, 0x0, 0x0, 0x0, 0x0, 0x0, 0x48, 0x82,
    0x0,

    /* U+04C7 "Ӈ" */
    0x1f, 0xff, 0xa0, 0x0, 0x0, 0x0, 0xff, 0xfc,
    0x1f, 0xff, 0xa0, 0x0, 0x0, 0x0, 0xff, 0xfc,
    0x1f, 0xff, 0xa0, 0x0, 0x0, 0x0, 0xff, 0xfc,
    0x1f, 0xff, 0xa0, 0x0, 0x0, 0x0, 0xff, 0xfc,
    0x1f, 0xff, 0xa0, 0x0, 0x0, 0x0, 0xff, 0xfc,
    0x1f, 0xff, 0xa0, 0x0, 0x0, 0x0, 0xff, 0xfc,
    0x1f, 0xff, 0xa0, 0x0, 0x0, 0x0, 0xff, 0xfc,
    0x1f, 0xff, 0xff, 0xff, 0xff, 0xff, 0xff, 0xfc,
    0x1f, 0xff, 0xff, 0xff, 0xff, 0xff, 0xff, 0xfc,
    0x1f, 0xff, 0xff, 0xff, 0xff, 0xff, 0xff, 0xfc,
    0x1f, 0xff, 0xb3, 0x33, 0x33, 0x33, 0xff, 0xfc,
    0x1f, 0xff, 0xa0, 0x0, 0x0, 0x0, 0xff, 0xfc,
    0x1f, 0xff, 0xa0, 0x0, 0x0, 0x0, 0xff, 0xfc,
    0x1f, 0xff, 0xa0, 0x0, 0x0, 0x0, 0xff, 0xfc,
    0x1f, 0xff, 0xa0, 0x0, 0x0, 0x0, 0xff, 0xfc,
    0x1f, 0xff, 0xa0, 0x0, 0x0, 0x0, 0xff, 0xfb,
    0x1f, 0xff, 0xa0, 0x0, 0x0, 0x1, 0xff, 0xfa,
    0x1f, 0xff, 0xa0, 0x0, 0x0, 0x3, 0xff, 0xf8,
    0x1f, 0xff, 0xa0, 0x0, 0x0, 0x8, 0xff, 0xf4,
    0x0, 0x0, 0x10, 0x0, 0x0, 0x2f, 0xff, 0xf0,
    0xb, 0xef, 0xf7, 0x10, 0x5, 0xef, 0xff, 0x80,
    0x5, 0xff, 0xff, 0xff, 0xff, 0xff, 0xfd, 0x0,
    0x0, 0x5f, 0xff, 0xff, 0xff, 0xff, 0xc1, 0x0,
    0x0, 0x1, 0x7c, 0xdf, 0xfd, 0xa5, 0x0, 0x0,

    /* U+04C8 "ӈ" */
    0x4f, 0xff, 0x40, 0x0, 0x9, 0xff, 0xf4, 0xff,
    0xf4, 0x0, 0x0, 0x9f, 0xff, 0x4f, 0xff, 0x40,
    0x0, 0x9, 0xff, 0xf4, 0xff, 0xf4, 0x0, 0x0,
    0x9f, 0xff, 0x4f, 0xff, 0x40, 0x0, 0x9, 0xff,
    0xf4, 0xff, 0xff, 0xff, 0xff, 0xff, 0xff, 0x4f,
    0xff, 0xff, 0xff, 0xff, 0xff, 0xf4, 0xff, 0xff,
    0xee, 0xee, 0xff, 0xff, 0x4f, 0xff, 0x40, 0x0,
    0x9, 0xff, 0xf4, 0xff, 0xf4, 0x0, 0x0, 0x9f,
    0xff, 0x4f, 0xff, 0x40, 0x0, 0x9, 0xff, 0xf4,
    0xff, 0xf4, 0x0, 0x0, 0x9f, 0xff, 0x4f, 0xff,
    0x40, 0x0, 0x9, 0xff, 0xf4, 0xff, 0xf4, 0x0,
    0x0, 0xbf, 0xfe, 0x0, 0x0, 0x0, 0x0, 0xe,
    0xff, 0xc1, 0xbd, 0xfc, 0x20, 0x9, 0xff, 0xf8,
    0xc, 0xff, 0xff, 0xff, 0xff, 0xff, 0x20, 0x1d,
    0xff, 0xff, 0xff, 0xff, 0x50, 0x0, 0x7, 0xce,
    0xff, 0xd9, 0x20, 0x0,

    /* U+04C9 "Ӊ" */
    0x1f, 0xff, 0xa0, 0x0, 0x0, 0x0, 0xff, 0xfc,
    0x0, 0x1f, 0xff, 0xa0, 0x0, 0x0, 0x0, 0xff,
    0xfc, 0x0, 0x1f, 0xff, 0xa0, 0x0, 0x0, 0x0,
    0xff, 0xfc, 0x0, 0x1f, 0xff, 0xa0, 0x0, 0x0,
    0x0, 0xff, 0xfc, 0x0, 0x1f, 0xff, 0xa0, 0x0,
    0x0, 0x0, 0xff, 0xfc, 0x0, 0x1f, 0xff, 0xa0,
    0x0, 0x0, 0x0, 0xff, 0xfc, 0x0, 0x1f, 0xff,
    0xa0, 0x0, 0x0, 0x0, 0xff, 0xfc, 0x0, 0x1f,
    0xff, 0xb3, 0x33, 0x33, 0x33, 0xff, 0xfc, 0x0,
    0x1f, 0xff, 0xff, 0xff, 0xff, 0xff, 0xff, 0xfc,
    0x0, 0x1f, 0xff, 0xff, 0xff, 0xff, 0xff, 0xff,
    0xfc, 0x0, 0x1f, 0xff, 0xff, 0xff, 0xff, 0xff,
    0xff, 0xfc, 0x0, 0x1f, 0xff, 0xa0, 0x0, 0x0,
    0x0, 0xff, 0xfc, 0x0, 0x1f, 0xff, 0xa0, 0x0,
    0x0, 0x0, 0xff, 0xfc, 0x0, 0x1f, 0xff, 0xa0,
    0x0, 0x0, 0x0, 0xff, 0xfc, 0x0, 0x1f, 0xff,
    0xa0, 0x0, 0x0, 0x0, 0xff, 0xfc, 0x0, 0x1f,
    0xff, 0xa0, 0x0, 0x0, 0x0, 0xff, 0xfc, 0x10,
    0x1f, 0xff, 0xa0, 0x0, 0x0, 0x0, 0xff, 0xff,
    0xfa, 0x1f, 0xff, 0xa0, 0x0, 0x0, 0x0, 0xff,
    0xff, 0xf4, 0x1f, 0xff, 0xa0, 0x0, 0x0, 0x0,
    0xff, 0xff, 0xe0, 0x0, 0x0, 0x0, 0x0, 0x0,
    0x0, 0x5, 0xff, 0x90, 0x0, 0x0, 0x0, 0x0,
    0x0, 0x0, 0xc, 0xff, 0x40, 0x0, 0x0, 0x0,
    0x0, 0x0, 0x0, 0x2f, 0xfe, 0x0, 0x0, 0x0,
    0x0, 0x0, 0x0, 0x0, 0x8f, 0xf9, 0x0,

    /* U+04CA "ӊ" */
    0x4f, 0xff, 0x40, 0x0, 0x9, 0xff, 0xf0, 0x4,
    0xff, 0xf4, 0x0, 0x0, 0x9f, 0xff, 0x0, 0x4f,
    0xff, 0x40, 0x0, 0x9, 0xff, 0xf0, 0x4, 0xff,
    0xf4, 0x0, 0x0, 0x9f, 0xff, 0x0, 0x4f, 0xff,
    0x40, 0x0, 0x9, 0xff, 0xf0, 0x4, 0xff, 0xff,
    0xee, 0xee, 0xff, 0xff, 0x0, 0x4f, 0xff, 0xff,
    0xff, 0xff, 0xff, 0xf0, 0x4, 0xff, 0xff, 0xff,
    0xff, 0xff, 0xff, 0x0, 0x4f, 0xff, 0x40, 0x0,
    0x9, 0xff, 0xf0, 0x4, 0xff, 0xf4, 0x0, 0x0,
    0x9f, 0xff, 0x0, 0x4f, 0xff, 0x40, 0x0, 0x9,
    0xff, 0xf0, 0x4, 0xff, 0xf4, 0x0, 0x0, 0x9f,
    0xff, 0xf9, 0x4f, 0xff, 0x40, 0x0, 0x9, 0xff,
    0xff, 0x34, 0xff, 0xf4, 0x0, 0x0, 0x9f, 0xff,
    0xd0, 0x0, 0x0, 0x0, 0x0, 0x0, 0x2f, 0xf8,
    0x0, 0x0, 0x0, 0x0, 0x0, 0x9, 0xff, 0x20,
    0x0, 0x0, 0x0, 0x0, 0x1, 0xff, 0xc0, 0x0,
    0x0, 0x0, 0x0, 0x0, 0x28, 0x84, 0x0,

    /* U+04CB "Ӌ" */
    0x6f, 0xff, 0x50, 0x0, 0x0, 0x7, 0xff, 0xf4,
    0x6f, 0xff, 0x50, 0x0, 0x0, 0x7, 0xff, 0xf4,
    0x6f, 0xff, 0x50, 0x0, 0x0, 0x7, 0xff, 0xf4,
    0x6f, 0xff, 0x50, 0x0, 0x0, 0x7, 0xff, 0xf4,
    0x6f, 0xff, 0x50, 0x0, 0x0, 0x7, 0xff, 0xf4,
    0x6f, 0xff, 0x50, 0x0, 0x0, 0x7, 0xff, 0xf4,
    0x6f, 0xff, 0x60, 0x0, 0x0, 0x7, 0xff, 0xf4,
    0x4f, 0xff, 0xb0, 0x0, 0x0, 0x7, 0xff, 0xf4,
    0x1f, 0xff, 0xf8, 0x20, 0x2, 0x7e, 0xff, 0xf4,
    0xa, 0xff, 0xff, 0xff, 0xff, 0xff, 0xff, 0xf4,
    0x1, 0xcf, 0xff, 0xff, 0xff, 0xff, 0xff, 0xf4,
    0x0, 0x6, 0xcf, 0xff, 0xfd, 0x89, 0xff, 0xf4,
    0x0, 0x0, 0x0, 0x12, 0x0, 0x7, 0xff, 0xf4,
    0x0, 0x0, 0x0, 0x0, 0x0, 0x7, 0xff, 0xf4,
    0x0, 0x0, 0x0, 0x0, 0x0, 0x7, 0xff, 0xf4,
    0x0, 0x0, 0x0, 0x0, 0x0, 0x4a, 0xff, 0xf4,
    0x0, 0x0, 0x0, 0x0, 0x0, 0xff, 0xff, 0xf4,
    0x0, 0x0, 0x0, 0x0, 0x0, 0xff, 0xff, 0xf4,
    0x0, 0x0, 0x0, 0x0, 0x0, 0xff, 0xff, 0xf4,
    0x0, 0x0, 0x0, 0x0, 0x0, 0xff, 0xf1, 0x0,
    0x0, 0x0, 0x0, 0x0, 0x0, 0xff, 0xf1, 0x0,
    0x0, 0x0, 0x0, 0x0, 0x0, 0xff, 0xf1, 0x0,
    0x0, 0x0, 0x0, 0x0, 0x0, 0xff, 0xf1, 0x0,

    /* U+04CC "ӌ" */
    0x8f, 0xff, 0x0, 0x0, 0x2f, 0xff, 0x68, 0xff,
    0xf0, 0x0, 0x2, 0xff, 0xf6, 0x8f, 0xff, 0x0,
    0x0, 0x2f, 0xff, 0x68, 0xff, 0xf0, 0x0, 0x2,
    0xff, 0xf6, 0x7f, 0xff, 0x10, 0x0, 0x2f, 0xff,
    0x64, 0xff, 0xf8, 0x0, 0x2, 0xff, 0xf6, 0xe,
    0xff, 0xfc, 0x89, 0xdf, 0xff, 0x60, 0x4f, 0xff,
    0xff, 0xff, 0xff, 0xf6, 0x0, 0x29, 0xdf, 0xec,
    0x9f, 0xff, 0x60, 0x0, 0x0, 0x0, 0x2, 0xff,
    0xf6, 0x0, 0x0, 0x0, 0x0, 0x2f, 0xff, 0x60,
    0x0, 0x0, 0x0, 0x9f, 0xff, 0xf6, 0x0, 0x0,
    0x0, 0x9, 0xff, 0xff, 0x60, 0x0, 0x0, 0x0,
    0x9f, 0xff, 0xf6, 0x0, 0x0, 0x0, 0x9, 0xff,
    0x50, 0x0, 0x0, 0x0, 0x0, 0x9f, 0xf5, 0x0,
    0x0, 0x0, 0x0, 0x9, 0xff, 0x50, 0x0, 0x0,
    0x0, 0x0, 0x48, 0x82, 0x0,

    /* U+04CD "Ӎ" */
    0x2f, 0xff, 0xff, 0x90, 0x0, 0x0, 0xe, 0xff,
    0xff, 0xd0, 0x2, 0xff, 0xff, 0xfd, 0x0, 0x0,
    0x3, 0xff, 0xff, 0xfd, 0x0, 0x2f, 0xff, 0xff,
    0xf1, 0x0, 0x0, 0x7f, 0xff, 0xff, 0xd0, 0x2,
    0xff, 0xff, 0xff, 0x60, 0x0, 0xb, 0xff, 0xff,
    0xfd, 0x0, 0x2f, 0xff, 0xef, 0xfa, 0x0, 0x0,
    0xff, 0xfe, 0xff, 0xd0, 0x2, 0xff, 0xfa, 0xff,
    0xe0, 0x0, 0x3f, 0xff, 0xbf, 0xfd, 0x0, 0x2f,
    0xff, 0x6f, 0xff, 0x20, 0x7, 0xff, 0xba, 0xff,
    0xd0, 0x2, 0xff, 0xf5, 0xdf, 0xf6, 0x0, 0xcf,
    0xf7, 0xaf, 0xfd, 0x0, 0x2f, 0xff, 0x59, 0xff,
    0xa0, 0xf, 0xff, 0x3a, 0xff, 0xd0, 0x2, 0xff,
    0xf5, 0x5f, 0xfe, 0x4, 0xff, 0xf0, 0xaf, 0xfd,
    0x0, 0x2f, 0xff, 0x51, 0xff, 0xf3, 0x8f, 0xfb,
    0xa, 0xff, 0xd0, 0x2, 0xff, 0xf5, 0xd, 0xff,
    0x7c, 0xff, 0x70, 0xaf, 0xfd, 0x0, 0x2f, 0xff,
    0x50, 0x9f, 0xfc, 0xff, 0xf3, 0xa, 0xff, 0xd0,
    0x2, 0xff, 0xf5, 0x5, 0xff, 0xff, 0xff, 0x0,
    0xaf, 0xfd, 0x0, 0x2f, 0xff, 0x50, 0x1f, 0xff,
    0xff, 0xb0, 0xa, 0xff, 0xd0, 0x2, 0xff, 0xf5,
    0x0, 0xdf, 0xff, 0xf7, 0x0, 0xaf, 0xfd, 0x32,
    0x2f, 0xff, 0x50, 0x9, 0xff, 0xff, 0x30, 0xa,
    0xff, 0xff, 0xa2, 0xff, 0xf5, 0x0, 0x5f, 0xff,
    0xf0, 0x0, 0xaf, 0xff, 0xf4, 0x2f, 0xff, 0x50,
    0x1, 0xff, 0xfb, 0x0, 0xa, 0xff, 0xff, 0x0,
    0x0, 0x0, 0x0, 0x0, 0x0, 0x0, 0x0, 0x5,
    0xff, 0x90, 0x0, 0x0, 0x0, 0x0, 0x0, 0x0,
    0x0, 0x0, 0xbf, 0xf4, 0x0, 0x0, 0x0, 0x0,
    0x0, 0x0, 0x0, 0x0, 0x2f, 0xfe, 0x0, 0x0,
    0x0, 0x0, 0x0, 0x0, 0x0, 0x0, 0x8, 0xff,
    0x90, 0x0,

    /* U+04CE "ӎ" */
    0xf, 0xff, 0xf8, 0x0, 0x0, 0x1, 0xff, 0xff,
    0x80, 0x0, 0xff, 0xff, 0xe0, 0x0, 0x0, 0x6f,
    0xff, 0xf8, 0x0, 0xf, 0xff, 0xff, 0x30, 0x0,
    0xc, 0xff, 0xff, 0x80, 0x0, 0xff, 0xff, 0xf9,
    0x0, 0x1, 0xff, 0xff, 0xf8, 0x0, 0xf, 0xff,
    0xff, 0xe0, 0x0, 0x7f, 0xff, 0xff, 0x80, 0x0,
    0xff, 0xfc, 0xff, 0x40, 0xc, 0xff, 0xbf, 0xf8,
    0x0, 0xf, 0xff, 0x6f, 0xf9, 0x2, 0xff, 0xd8,
    0xff, 0x80, 0x0, 0xff, 0xf1, 0xff, 0xe0, 0x7f,
    0xf8, 0x8f, 0xf8, 0x0, 0xf, 0xff, 0xb, 0xff,
    0x4d, 0xff, 0x28, 0xff, 0x80, 0x0, 0xff, 0xf0,
    0x6f, 0xfc, 0xff, 0xc0, 0x8f, 0xf8, 0x0, 0xf,
    0xff, 0x1, 0xff, 0xff, 0xf7, 0x8, 0xff, 0x80,
    0x0, 0xff, 0xf0, 0xb, 0xff, 0xff, 0x10, 0x8f,
    0xff, 0xf2, 0xf, 0xff, 0x0, 0x5f, 0xff, 0xb0,
    0x8, 0xff, 0xfc, 0x0, 0xff, 0xf0, 0x0, 0xff,
    0xf6, 0x0, 0x8f, 0xff, 0x60, 0x0, 0x0, 0x0,
    0x0, 0x0, 0x0, 0x0, 0x9f, 0xf1, 0x0, 0x0,
    0x0, 0x0, 0x0, 0x0, 0x0, 0x1f, 0xfb, 0x0,
    0x0, 0x0, 0x0, 0x0, 0x0, 0x0, 0x7, 0xff,
    0x50, 0x0, 0x0, 0x0, 0x0, 0x0, 0x0, 0x0,
    0x68, 0x70, 0x0,

    /* U+04CF "ӏ" */
    0x2f, 0xff, 0x72, 0xff, 0xf7, 0x2f, 0xff, 0x72,
    0xff, 0xf7, 0x2f, 0xff, 0x72, 0xff, 0xf7, 0x2f,
    0xff, 0x72, 0xff, 0xf7, 0x2f, 0xff, 0x72, 0xff,
    0xf7, 0x2f, 0xff, 0x72, 0xff, 0xf7, 0x2f, 0xff,
    0x72, 0xff, 0xf7, 0x2f, 0xff, 0x72, 0xff, 0xf7,
    0x2f, 0xff, 0x72, 0xff, 0xf7, 0x2f, 0xff, 0x70,

    /* U+04D0 "Ӑ" */
    0x0, 0x0, 0x7, 0xf4, 0x0, 0x8, 0xf3, 0x0,
    0x0, 0x0, 0x0, 0x0, 0x3f, 0xc2, 0x4, 0xfe,
    0x0, 0x0, 0x0, 0x0, 0x0, 0x0, 0x9f, 0xff,
    0xff, 0x50, 0x0, 0x0, 0x0, 0x0, 0x0, 0x0,
    0x7c, 0xec, 0x50, 0x0, 0x0, 0x0, 0x0, 0x0,
    0x0, 0x0, 0x0, 0x0, 0x0, 0x0, 0x0, 0x0,
    0x0, 0x0, 0x0, 0xef, 0xff, 0x60, 0x0, 0x0,
    0x0, 0x0, 0x0, 0x0, 0x5f, 0xff, 0xfc, 0x0,
    0x0, 0x0, 0x0, 0x0, 0x0, 0xb, 0xff, 0xff,
    0xf3, 0x0, 0x0, 0x0, 0x0, 0x0, 0x1, 0xff,
    0xff, 0xff, 0x90, 0x0, 0x0, 0x0, 0x0, 0x0,
    0x7f, 0xff, 0xef, 0xff, 0x0, 0x0, 0x0, 0x0,
    0x0, 0xd, 0xff, 0xd7, 0xff, 0xf6, 0x0, 0x0,
    0x0, 0x0, 0x3, 0xff, 0xf8, 0x2f, 0xff, 0xc0,
    0x0, 0x0, 0x0, 0x0, 0x9f, 0xff, 0x20, 0xcf,
    0xff, 0x20, 0x0, 0x0, 0x0, 0xf, 0xff, 0xd0,
    0x6, 0xff, 0xf8, 0x0, 0x0, 0x0, 0x6, 0xff,
    0xf7, 0x0, 0x1f, 0xff, 0xe0, 0x0, 0x0, 0x0,
    0xcf, 0xff, 0x20, 0x0, 0xbf, 0xff, 0x50, 0x0,
    0x0, 0x2f, 0xff, 0xd3, 0x33, 0x38, 0xff, 0xfb,
    0x0, 0x0, 0x8, 0xff, 0xff, 0xff, 0xff, 0xff,
    0xff, 0xf2, 0x0, 0x0, 0xef, 0xff, 0xff, 0xff,
    0xff, 0xff, 0xff, 0x80, 0x0, 0x4f, 0xff, 0xff,
    0xff, 0xff, 0xff, 0xff, 0xfe, 0x0, 0xa, 0xff,
    0xf5, 0x0, 0x0, 0x0, 0xd, 0xff, 0xf4, 0x1,
    0xff, 0xfe, 0x0, 0x0, 0x0, 0x0, 0x6f, 0xff,
    0xb0, 0x6f, 0xff, 0x80, 0x0, 0x0, 0x0, 0x0,
    0xff, 0xff, 0x1c, 0xff, 0xf2, 0x0, 0x0, 0x0,
    0x0, 0x9, 0xff, 0xf7,

    /* U+04D1 "ӑ" */
    0x0, 0xf, 0xd1, 0x0, 0x4f, 0xa0, 0x0, 0x0,
    0x8, 0xff, 0xef, 0xff, 0x30, 0x0, 0x0, 0x0,
    0x6c, 0xfe, 0xb3, 0x0, 0x0, 0x0, 0x0, 0x0,
    0x0, 0x0, 0x0, 0x0, 0x0, 0x0, 0x0, 0x0,
    0x0, 0x0, 0x0, 0x0, 0x3, 0xad, 0xff, 0xec,
    0x70, 0x0, 0x0, 0x6f, 0xff, 0xff, 0xff, 0xfd,
    0x0, 0x2, 0xff, 0xff, 0xcd, 0xff, 0xff, 0x70,
    0x8, 0xff, 0xe2, 0x0, 0x1e, 0xff, 0xb0, 0x0,
    0x14, 0x40, 0x0, 0xb, 0xff, 0xc0, 0x0, 0x0,
    0x1, 0x47, 0xcf, 0xff, 0xc0, 0x0, 0x18, 0xdf,
    0xff, 0xff, 0xff, 0xc0, 0x2, 0xef, 0xff, 0xeb,
    0x7c, 0xff, 0xc0, 0xb, 0xff, 0xe4, 0x0, 0xb,
    0xff, 0xc0, 0xf, 0xff, 0x90, 0x0, 0xd, 0xff,
    0xc0, 0xf, 0xff, 0xc0, 0x0, 0x6f, 0xff, 0xc0,
    0xc, 0xff, 0xfd, 0x9c, 0xff, 0xff, 0xd0, 0x3,
    0xff, 0xff, 0xff, 0xfc, 0xff, 0xf0, 0x0, 0x3a,
    0xef, 0xeb, 0x41, 0xff, 0xf5,

    /* U+04D2 "Ӓ" */
    0x0, 0x0, 0xf, 0xff, 0x0, 0x9f, 0xf8, 0x0,
    0x0, 0x0, 0x0, 0x0, 0xff, 0xf0, 0x9, 0xff,
    0x80, 0x0, 0x0, 0x0, 0x0, 0xf, 0xff, 0x0,
    0x9f, 0xf8, 0x0, 0x0, 0x0, 0x0, 0x0, 0x11,
    0x10, 0x0, 0x11, 0x0, 0x0, 0x0, 0x0, 0x0,
    0x0, 0x0, 0x0, 0x0, 0x0, 0x0, 0x0, 0x0,
    0x0, 0x0, 0x0, 0xef, 0xff, 0x60, 0x0, 0x0,
    0x0, 0x0, 0x0, 0x0, 0x5f, 0xff, 0xfc, 0x0,
    0x0, 0x0, 0x0, 0x0, 0x0, 0xb, 0xff, 0xff,
    0xf3, 0x0, 0x0, 0x0, 0x0, 0x0, 0x1, 0xff,
    0xff, 0xff, 0x90, 0x0, 0x0, 0x0, 0x0, 0x0,
    0x7f, 0xff, 0xef, 0xff, 0x0, 0x0, 0x0, 0x0,
    0x0, 0xd, 0xff, 0xd7, 0xff, 0xf6, 0x0, 0x0,
    0x0, 0x0, 0x3, 0xff, 0xf8, 0x2f, 0xff, 0xc0,
    0x0, 0x0, 0x0, 0x0, 0x9f, 0xff, 0x20, 0xcf,
    0xff, 0x20, 0x0, 0x0, 0x0, 0xf, 0xff, 0xd0,
    0x6, 0xff, 0xf8, 0x0, 0x0, 0x0, 0x6, 0xff,
    0xf7, 0x0, 0x1f, 0xff, 0xe0, 0x0, 0x0, 0x0,
    0xcf, 0xff, 0x20, 0x0, 0xbf, 0xff, 0x50, 0x0,
    0x0, 0x2f, 0xff, 0xd3, 0x33, 0x38, 0xff, 0xfb,
    0x0, 0x0, 0x8, 0xff, 0xff, 0xff, 0xff, 0xff,
    0xff, 0xf2, 0x0, 0x0, 0xef, 0xff, 0xff, 0xff,
    0xff, 0xff, 0xff, 0x80, 0x0, 0x4f, 0xff, 0xff,
    0xff, 0xff, 0xff, 0xff, 0xfe, 0x0, 0xa, 0xff,
    0xf5, 0x0, 0x0, 0x0, 0xd, 0xff, 0xf4, 0x1,
    0xff, 0xfe, 0x0, 0x0, 0x0, 0x0, 0x6f, 0xff,
    0xb0, 0x6f, 0xff, 0x80, 0x0, 0x0, 0x0, 0x0,
    0xff, 0xff, 0x1c, 0xff, 0xf2, 0x0, 0x0, 0x0,
    0x0, 0x9, 0xff, 0xf7,

    /* U+04D3 "ӓ" */
    0x0, 0xe, 0xff, 0x20, 0x7f, 0xfa, 0x0, 0x0,
    0xe, 0xff, 0x20, 0x7f, 0xfa, 0x0, 0x0, 0xe,
    0xff, 0x20, 0x7f, 0xfa, 0x0, 0x0, 0x1, 0x11,
    0x0, 0x1, 0x11, 0x0, 0x0, 0x0, 0x0, 0x0,
    0x0, 0x0, 0x0, 0x0, 0x3, 0xad, 0xff, 0xec,
    0x70, 0x0, 0x0, 0x6f, 0xff, 0xff, 0xff, 0xfd,
    0x0, 0x2, 0xff, 0xff, 0xcd, 0xff, 0xff, 0x70,
    0x8, 0xff, 0xe2, 0x0, 0x1e, 0xff, 0xb0, 0x0,
    0x14, 0x40, 0x0, 0xb, 0xff, 0xc0, 0x0, 0x0,
    0x1, 0x47, 0xcf, 0xff, 0xc0, 0x0, 0x18, 0xdf,
    0xff, 0xff, 0xff, 0xc0, 0x2, 0xef, 0xff, 0xeb,
    0x7c, 0xff, 0xc0, 0xb, 0xff, 0xe4, 0x0, 0xb,
    0xff, 0xc0, 0xf, 0xff, 0x90, 0x0, 0xd, 0xff,
    0xc0, 0xf, 0xff, 0xc0, 0x0, 0x6f, 0xff, 0xc0,
    0xc, 0xff, 0xfd, 0x9c, 0xff, 0xff, 0xd0, 0x3,
    0xff, 0xff, 0xff, 0xfc, 0xff, 0xf0, 0x0, 0x3a,
    0xef, 0xeb, 0x41, 0xff, 0xf5,

    /* U+04D4 "Ӕ" */
    0x0, 0x0, 0x0, 0x0, 0xa, 0xff, 0xff, 0xff,
    0xff, 0xff, 0xff, 0xff, 0xff, 0x60, 0x0, 0x0,
    0x0, 0x1, 0xff, 0xff, 0xff, 0xff, 0xff, 0xff,
    0xff, 0xff, 0xf6, 0x0, 0x0, 0x0, 0x0, 0x8f,
    0xff, 0xde, 0xff, 0xff, 0xff, 0xff, 0xff, 0xff,
    0x60, 0x0, 0x0, 0x0, 0xf, 0xff, 0xb0, 0x8f,
    0xff, 0x53, 0x33, 0x33, 0x33, 0x31, 0x0, 0x0,
    0x0, 0x7, 0xff, 0xf4, 0x8, 0xff, 0xf3, 0x0,
    0x0, 0x0, 0x0, 0x0, 0x0, 0x0, 0x0, 0xef,
    0xfd, 0x0, 0x8f, 0xff, 0x30, 0x0, 0x0, 0x0,
    0x0, 0x0, 0x0, 0x0, 0x6f, 0xff, 0x50, 0x8,
    0xff, 0xf3, 0x0, 0x0, 0x0, 0x0, 0x0, 0x0,
    0x0, 0xd, 0xff, 0xe0, 0x0, 0x8f, 0xff, 0x53,
    0x33, 0x33, 0x33, 0x20, 0x0, 0x0, 0x4, 0xff,
    0xf7, 0x0, 0x8, 0xff, 0xff, 0xff, 0xff, 0xff,
    0xfa, 0x0, 0x0, 0x0, 0xcf, 0xff, 0x10, 0x0,
    0x8f, 0xff, 0xff, 0xff, 0xff, 0xff, 0xa0, 0x0,
    0x0, 0x3f, 0xff, 0x90, 0x0, 0x8, 0xff, 0xff,
    0xff, 0xff, 0xff, 0xfa, 0x0, 0x0, 0xa, 0xff,
    0xff, 0xff, 0xff, 0xff, 0xff, 0x30, 0x0, 0x0,
    0x0, 0x0, 0x0, 0x2, 0xff, 0xff, 0xff, 0xff,
    0xff, 0xff, 0xf3, 0x0, 0x0, 0x0, 0x0, 0x0,
    0x0, 0x9f, 0xff, 0xff, 0xff, 0xff, 0xff, 0xff,
    0x30, 0x0, 0x0, 0x0, 0x0, 0x0, 0x1f, 0xff,
    0xe4, 0x44, 0x44, 0x4b, 0xff, 0xf3, 0x0, 0x0,
    0x0, 0x0, 0x0, 0x7, 0xff, 0xf7, 0x0, 0x0,
    0x0, 0x9f, 0xff, 0x53, 0x33, 0x33, 0x33, 0x32,
    0x0, 0xef, 0xff, 0x10, 0x0, 0x0, 0x9, 0xff,
    0xff, 0xff, 0xff, 0xff, 0xff, 0xc0, 0x6f, 0xff,
    0xa0, 0x0, 0x0, 0x0, 0x9f, 0xff, 0xff, 0xff,
    0xff, 0xff, 0xfc, 0xd, 0xff, 0xf4, 0x0, 0x0,
    0x0, 0x9, 0xff, 0xff, 0xff, 0xff, 0xff, 0xff,
    0xc0,

    /* U+04D5 "ӕ" */
    0x0, 0x18, 0xcf, 0xff, 0xc7, 0x3, 0xae, 0xfe,
    0xb4, 0x0, 0x0, 0x3e, 0xff, 0xff, 0xff, 0xfe,
    0xff, 0xff, 0xff, 0xfa, 0x0, 0xe, 0xff, 0xfd,
    0xcf, 0xff, 0xff, 0xff, 0xce, 0xff, 0xf8, 0x4,
    0xff, 0xf4, 0x0, 0x1e, 0xff, 0xfc, 0x10, 0x8,
    0xff, 0xf2, 0x0, 0x23, 0x0, 0x0, 0x9f, 0xff,
    0x30, 0x0, 0xd, 0xff, 0x70, 0x0, 0x1, 0x58,
    0xcf, 0xff, 0xf4, 0x44, 0x44, 0xcf, 0xfb, 0x1,
    0x8d, 0xff, 0xff, 0xff, 0xff, 0xff, 0xff, 0xff,
    0xff, 0xd1, 0xdf, 0xff, 0xfb, 0x7b, 0xff, 0xff,
    0xff, 0xff, 0xff, 0xfd, 0x8f, 0xff, 0x50, 0x0,
    0xaf, 0xff, 0x0, 0x0, 0x0, 0x0, 0xd, 0xff,
    0xb0, 0x0, 0xc, 0xff, 0xf5, 0x0, 0x0, 0x86,
    0x30, 0xdf, 0xfe, 0x20, 0x6, 0xff, 0xff, 0xe2,
    0x0, 0x7f, 0xff, 0x79, 0xff, 0xff, 0xce, 0xff,
    0xff, 0xff, 0xfd, 0xef, 0xff, 0xe0, 0x1e, 0xff,
    0xff, 0xff, 0xf6, 0x8f, 0xff, 0xff, 0xff, 0xe2,
    0x0, 0x19, 0xef, 0xec, 0x71, 0x0, 0x3a, 0xef,
    0xec, 0x70, 0x0,

    /* U+04D6 "Ӗ" */
    0x0, 0x0, 0xfc, 0x0, 0x0, 0xfb, 0x0, 0x0,
    0x0, 0x0, 0xbf, 0x60, 0x1a, 0xf7, 0x0, 0x0,
    0x0, 0x0, 0x2f, 0xff, 0xff, 0xd0, 0x0, 0x0,
    0x0, 0x0, 0x3, 0xae, 0xd9, 0x10, 0x0, 0x0,
    0x0, 0x0, 0x0, 0x0, 0x0, 0x0, 0x0, 0x0,
    0x1f, 0xff, 0xff, 0xff, 0xff, 0xff, 0xff, 0xb0,
    0x1f, 0xff, 0xff, 0xff, 0xff, 0xff, 0xff, 0xb0,
    0x1f, 0xff, 0xff, 0xff, 0xff, 0xff, 0xff, 0xb0,
    0x1f, 0xff, 0xb3, 0x33, 0x33, 0x33, 0x33, 0x20,
    0x1f, 0xff, 0xa0, 0x0, 0x0, 0x0, 0x0, 0x0,
    0x1f, 0xff, 0xa0, 0x0, 0x0, 0x0, 0x0, 0x0,
    0x1f, 0xff, 0xa0, 0x0, 0x0, 0x0, 0x0, 0x0,
    0x1f, 0xff, 0xb3, 0x33, 0x33, 0x33, 0x33, 0x0,
    0x1f, 0xff, 0xff, 0xff, 0xff, 0xff, 0xff, 0x0,
    0x1f, 0xff, 0xff, 0xff, 0xff, 0xff, 0xff, 0x0,
    0x1f, 0xff, 0xff, 0xff, 0xff, 0xff, 0xff, 0x0,
    0x1f, 0xff, 0xa0, 0x0, 0x0, 0x0, 0x0, 0x0,
    0x1f, 0xff, 0xa0, 0x0, 0x0, 0x0, 0x0, 0x0,
    0x1f, 0xff, 0xa0, 0x0, 0x0, 0x0, 0x0, 0x0,
    0x1f, 0xff, 0xa0, 0x0, 0x0, 0x0, 0x0, 0x0,
    0x1f, 0xff, 0xb3, 0x33, 0x33, 0x33, 0x33, 0x30,
    0x1f, 0xff, 0xff, 0xff, 0xff, 0xff, 0xff, 0xf0,
    0x1f, 0xff, 0xff, 0xff, 0xff, 0xff, 0xff, 0xf0,
    0x1f, 0xff, 0xff, 0xff, 0xff, 0xff, 0xff, 0xf0,

    /* U+04D7 "ӗ" */
    0x0, 0xb, 0xf3, 0x0, 0x2e, 0xe0, 0x0, 0x0,
    0x4, 0xff, 0xff, 0xff, 0x60, 0x0, 0x0, 0x0,
    0x4b, 0xef, 0xc5, 0x0, 0x0, 0x0, 0x0, 0x0,
    0x0, 0x0, 0x0, 0x0, 0x0, 0x0, 0x0, 0x0,
    0x0, 0x0, 0x0, 0x0, 0x0, 0x7c, 0xff, 0xd8,
    0x10, 0x0, 0x0, 0x2d, 0xff, 0xff, 0xff, 0xf4,
    0x0, 0x0, 0xdf, 0xff, 0xed, 0xff, 0xff, 0x20,
    0x7, 0xff, 0xf7, 0x0, 0x2e, 0xff, 0xa0, 0xd,
    0xff, 0xc0, 0x0, 0x6, 0xff, 0xf0, 0xf, 0xff,
    0xb3, 0x33, 0x35, 0xff, 0xf3, 0x2f, 0xff, 0xff,
    0xff, 0xff, 0xff, 0xf5, 0x2f, 0xff, 0xff, 0xff,
    0xff, 0xff, 0xf6, 0x1f, 0xff, 0x90, 0x0, 0x0,
    0x0, 0x0, 0xd, 0xff, 0xc0, 0x0, 0x4, 0x75,
    0x20, 0x8, 0xff, 0xf8, 0x0, 0x1d, 0xff, 0xe0,
    0x0, 0xef, 0xff, 0xec, 0xff, 0xff, 0x60, 0x0,
    0x2e, 0xff, 0xff, 0xff, 0xf8, 0x0, 0x0, 0x0,
    0x7c, 0xef, 0xeb, 0x40, 0x0,

    /* U+04D8 "Ә" */
    0x0, 0x0, 0x4a, 0xdf, 0xfe, 0xb6, 0x0, 0x0,
    0x0, 0x1, 0xbf, 0xff, 0xff, 0xff, 0xfe, 0x50,
    0x0, 0x1, 0xdf, 0xff, 0xff, 0xff, 0xff, 0xff,
    0x60, 0x0, 0xaf, 0xff, 0xfb, 0x65, 0x7d, 0xff,
    0xff, 0x20, 0x1f, 0xff, 0xf5, 0x0, 0x0, 0xa,
    0xff, 0xfc, 0x2, 0x9c, 0xfa, 0x0, 0x0, 0x0,
    0xe, 0xff, 0xf2, 0x0, 0x0, 0x0, 0x0, 0x0,
    0x0, 0x7f, 0xff, 0x72, 0x22, 0x22, 0x22, 0x22,
    0x22, 0x25, 0xff, 0xfa, 0xcf, 0xff, 0xff, 0xff,
    0xff, 0xff, 0xff, 0xff, 0xcd, 0xff, 0xff, 0xff,
    0xff, 0xff, 0xff, 0xff, 0xfd, 0xcf, 0xff, 0xff,
    0xff, 0xff, 0xff, 0xff, 0xff, 0xcb, 0xff, 0xf3,
    0x0, 0x0, 0x0, 0x3, 0xff, 0xfa, 0x7f, 0xff,
    0x60, 0x0, 0x0, 0x0, 0x7f, 0xff, 0x82, 0xff,
    0xfd, 0x0, 0x0, 0x0, 0xd, 0xff, 0xf3, 0xb,
    0xff, 0xf8, 0x0, 0x0, 0x9, 0xff, 0xfd, 0x0,
    0x2f, 0xff, 0xfb, 0x54, 0x6c, 0xff, 0xff, 0x30,
    0x0, 0x5f, 0xff, 0xff, 0xff, 0xff, 0xff, 0x70,
    0x0, 0x0, 0x5f, 0xff, 0xff, 0xff, 0xff, 0x50,
    0x0, 0x0, 0x0, 0x18, 0xcf, 0xfe, 0xc7, 0x10,
    0x0, 0x0,

    /* U+04D9 "ә" */
    0x0, 0x1, 0x8c, 0xef, 0xd9, 0x30, 0x0, 0x0,
    0x3f, 0xff, 0xff, 0xff, 0xf8, 0x0, 0x1, 0xff,
    0xff, 0xcc, 0xff, 0xff, 0x60, 0x8, 0xff, 0xf5,
    0x0, 0x2d, 0xff, 0xe0, 0x0, 0x14, 0x50, 0x0,
    0x5, 0xff, 0xf5, 0x3, 0x33, 0x33, 0x33, 0x34,
    0xff, 0xf8, 0xf, 0xff, 0xff, 0xff, 0xff, 0xff,
    0xf9, 0xe, 0xff, 0xff, 0xff, 0xff, 0xff, 0xf9,
    0xc, 0xff, 0xa0, 0x0, 0x2, 0xff, 0xf7, 0x8,
    0xff, 0xe0, 0x0, 0x6, 0xff, 0xf4, 0x2, 0xff,
    0xf8, 0x0, 0x2e, 0xff, 0xe0, 0x0, 0x9f, 0xff,
    0xed, 0xff, 0xff, 0x50, 0x0, 0xb, 0xff, 0xff,
    0xff, 0xf7, 0x0, 0x0, 0x0, 0x5b, 0xef, 0xea,
    0x30, 0x0,

    /* U+04DA "Ӛ" */
    0x0, 0x0, 0x1, 0x10, 0x0, 0x11, 0x10, 0x0,
    0x0, 0x0, 0x9, 0xff, 0x70, 0x2f, 0xfe, 0x0,
    0x0, 0x0, 0x0, 0x9f, 0xf7, 0x2, 0xff, 0xe0,
    0x0, 0x0, 0x0, 0x9, 0xff, 0x70, 0x2f, 0xfe,
    0x0, 0x0, 0x0, 0x0, 0x0, 0x0, 0x0, 0x0,
    0x0, 0x0, 0x0, 0x0, 0x0, 0x0, 0x0, 0x0,
    0x0, 0x0, 0x0, 0x0, 0x0, 0x4a, 0xdf, 0xfe,
    0xb6, 0x0, 0x0, 0x0, 0x1, 0xbf, 0xff, 0xff,
    0xff, 0xfe, 0x50, 0x0, 0x1, 0xdf, 0xff, 0xff,
    0xff, 0xff, 0xff, 0x60, 0x0, 0xaf, 0xff, 0xfb,
    0x65, 0x7d, 0xff, 0xff, 0x20, 0x1f, 0xff, 0xf5,
    0x0, 0x0, 0xa, 0xff, 0xfc, 0x2, 0x9c, 0xfa,
    0x0, 0x0, 0x0, 0xe, 0xff, 0xf2, 0x0, 0x0,
    0x0, 0x0, 0x0, 0x0, 0x7f, 0xff, 0x72, 0x22,
    0x22, 0x22, 0x22, 0x22, 0x25, 0xff, 0xfa, 0xcf,
    0xff, 0xff, 0xff, 0xff, 0xff, 0xff, 0xff, 0xcd,
    0xff, 0xff, 0xff, 0xff, 0xff, 0xff, 0xff, 0xfd,
    0xcf, 0xff, 0xff, 0xff, 0xff, 0xff, 0xff, 0xff,
    0xcb, 0xff, 0xf3, 0x0, 0x0, 0x0, 0x3, 0xff,
    0xfa, 0x7f, 0xff, 0x60, 0x0, 0x0, 0x0, 0x7f,
    0xff, 0x82, 0xff, 0xfd, 0x0, 0x0, 0x0, 0xd,
    0xff, 0xf3, 0xb, 0xff, 0xf8, 0x0, 0x0, 0x9,
    0xff, 0xfd, 0x0, 0x2f, 0xff, 0xfb, 0x54, 0x6c,
    0xff, 0xff, 0x30, 0x0, 0x5f, 0xff, 0xff, 0xff,
    0xff, 0xff, 0x70, 0x0, 0x0, 0x5f, 0xff, 0xff,
    0xff, 0xff, 0x50, 0x0, 0x0, 0x0, 0x18, 0xcf,
    0xfe, 0xc7, 0x10, 0x0, 0x0,

    /* U+04DB "ӛ" */
    0x0, 0x6f, 0xfa, 0x0, 0xff, 0xf2, 0x0, 0x0,
    0x6f, 0xfa, 0x0, 0xff, 0xf2, 0x0, 0x0, 0x6f,
    0xfa, 0x0, 0xff, 0xf2, 0x0, 0x0, 0x1, 0x11,
    0x0, 0x11, 0x10, 0x0, 0x0, 0x0, 0x0, 0x0,
    0x0, 0x0, 0x0, 0x0, 0x1, 0x8c, 0xef, 0xd9,
    0x30, 0x0, 0x0, 0x3f, 0xff, 0xff, 0xff, 0xf8,
    0x0, 0x1, 0xff, 0xff, 0xcc, 0xff, 0xff, 0x60,
    0x8, 0xff, 0xf5, 0x0, 0x2d, 0xff, 0xe0, 0x0,
    0x14, 0x50, 0x0, 0x5, 0xff, 0xf5, 0x3, 0x33,
    0x33, 0x33, 0x34, 0xff, 0xf8, 0xf, 0xff, 0xff,
    0xff, 0xff, 0xff, 0xf9, 0xe, 0xff, 0xff, 0xff,
    0xff, 0xff, 0xf9, 0xc, 0xff, 0xa0, 0x0, 0x2,
    0xff, 0xf7, 0x8, 0xff, 0xe0, 0x0, 0x6, 0xff,
    0xf4, 0x2, 0xff, 0xf8, 0x0, 0x2e, 0xff, 0xe0,
    0x0, 0x9f, 0xff, 0xed, 0xff, 0xff, 0x50, 0x0,
    0xb, 0xff, 0xff, 0xff, 0xf7, 0x0, 0x0, 0x0,
    0x5b, 0xef, 0xea, 0x30, 0x0,

    /* U+04DC "Ӝ" */
    0x0, 0x0, 0x0, 0x5, 0xff, 0xb0, 0xd, 0xff,
    0x30, 0x0, 0x0, 0x0, 0x0, 0x0, 0x0, 0x5,
    0xff, 0xb0, 0xd, 0xff, 0x30, 0x0, 0x0, 0x0,
    0x0, 0x0, 0x0, 0x5, 0xff, 0xb0, 0xd, 0xff,
    0x30, 0x0, 0x0, 0x0, 0x0, 0x0, 0x0, 0x0,
    0x11, 0x10, 0x1, 0x11, 0x0, 0x0, 0x0, 0x0,
    0x0, 0x0, 0x0, 0x0, 0x0, 0x0, 0x0, 0x0,
    0x0, 0x0, 0x0, 0x0, 0x8f, 0xeb, 0x60, 0x0,
    0x1, 0xff, 0xf9, 0x0, 0x0, 0x29, 0xdf, 0xf0,
    0x8f, 0xff, 0xf8, 0x0, 0x1, 0xff, 0xf9, 0x0,
    0x2, 0xef, 0xff, 0xf0, 0x6d, 0xff, 0xff, 0x30,
    0x1, 0xff, 0xf9, 0x0, 0xb, 0xff, 0xfe, 0xc0,
    0x0, 0x1c, 0xff, 0xb0, 0x1, 0xff, 0xf9, 0x0,
    0x3f, 0xff, 0x50, 0x0, 0x0, 0x3, 0xff, 0xf2,
    0x1, 0xff, 0xf9, 0x0, 0xaf, 0xfb, 0x0, 0x0,
    0x0, 0x0, 0xcf, 0xf8, 0x1, 0xff, 0xf9, 0x1,
    0xff, 0xf4, 0x0, 0x0, 0x0, 0x0, 0x6f, 0xfe,
    0x1, 0xff, 0xf9, 0x7, 0xff, 0xe0, 0x0, 0x0,
    0x0, 0x0, 0xe, 0xff, 0x91, 0xff, 0xf9, 0x2e,
    0xff, 0x70, 0x0, 0x0, 0x0, 0x0, 0x4, 0xff,
    0xff, 0xff, 0xff, 0xff, 0xfc, 0x0, 0x0, 0x0,
    0x0, 0x0, 0x2, 0xbf, 0xff, 0xff, 0xff, 0xff,
    0xf6, 0x0, 0x0, 0x0, 0x0, 0x0, 0x2e, 0xff,
    0xfd, 0xff, 0xfe, 0xef, 0xff, 0x90, 0x0, 0x0,
    0x0, 0x0, 0xdf, 0xff, 0x71, 0xff, 0xf9, 0x1e,
    0xff, 0xf5, 0x0, 0x0, 0x0, 0x7, 0xff, 0xfc,
    0x1, 0xff, 0xf9, 0x5, 0xff, 0xfe, 0x0, 0x0,
    0x0, 0x1e, 0xff, 0xf4, 0x1, 0xff, 0xf9, 0x0,
    0xcf, 0xff, 0x70, 0x0, 0x0, 0x8f, 0xff, 0xc0,
    0x1, 0xff, 0xf9, 0x0, 0x4f, 0xff, 0xf0, 0x0,
    0x0, 0xef, 0xff, 0x40, 0x1, 0xff, 0xf9, 0x0,
    0xc, 0xff, 0xf7, 0x0, 0x7, 0xff, 0xfd, 0x0,
    0x1, 0xff, 0xf9, 0x0, 0x5, 0xff, 0xfe, 0x0,
    0xe, 0xff, 0xf6, 0x0, 0x1, 0xff, 0xf9, 0x0,
    0x0, 0xef, 0xff, 0x70, 0x7f, 0xff, 0xe0, 0x0,
    0x1, 0xff, 0xf9, 0x0, 0x0, 0x6f, 0xff, 0xe0,

    /* U+04DD "ӝ" */
    0x0, 0x0, 0x0, 0xff, 0xf0, 0x9, 0xff, 0x80,
    0x0, 0x0, 0x0, 0x0, 0x0, 0xff, 0xf0, 0x9,
    0xff, 0x80, 0x0, 0x0, 0x0, 0x0, 0x0, 0xff,
    0xf0, 0x9, 0xff, 0x80, 0x0, 0x0, 0x0, 0x0,
    0x0, 0x11, 0x10, 0x1, 0x11, 0x0, 0x0, 0x0,
    0x0, 0x0, 0x0, 0x0, 0x0, 0x0, 0x0, 0x0,
    0x0, 0x0, 0x9, 0xfe, 0xa1, 0x0, 0x8f, 0xff,
    0x0, 0x6, 0xdf, 0xf0, 0x9, 0xff, 0xfb, 0x0,
    0x8f, 0xff, 0x0, 0x5f, 0xff, 0xf0, 0x3, 0x7e,
    0xff, 0x30, 0x8f, 0xff, 0x0, 0xcf, 0xf9, 0x70,
    0x0, 0x4, 0xff, 0xa0, 0x8f, 0xff, 0x2, 0xff,
    0xb0, 0x0, 0x0, 0x0, 0xdf, 0xf0, 0x8f, 0xff,
    0x9, 0xff, 0x50, 0x0, 0x0, 0x0, 0x6f, 0xfb,
    0xbf, 0xff, 0x6f, 0xfd, 0x0, 0x0, 0x0, 0x0,
    0x9, 0xff, 0xff, 0xff, 0xff, 0xe2, 0x0, 0x0,
    0x0, 0x0, 0x4e, 0xff, 0xff, 0xff, 0xff, 0xf9,
    0x0, 0x0, 0x0, 0x2, 0xff, 0xf6, 0x9f, 0xff,
    0x2d, 0xff, 0x80, 0x0, 0x0, 0xb, 0xff, 0xc0,
    0x8f, 0xff, 0x4, 0xff, 0xf3, 0x0, 0x0, 0x4f,
    0xff, 0x40, 0x8f, 0xff, 0x0, 0xdf, 0xfb, 0x0,
    0x0, 0xcf, 0xfd, 0x0, 0x8f, 0xff, 0x0, 0x6f,
    0xff, 0x30, 0x4, 0xff, 0xf7, 0x0, 0x8f, 0xff,
    0x0, 0xf, 0xff, 0xb0, 0xc, 0xff, 0xf1, 0x0,
    0x8f, 0xff, 0x0, 0x9, 0xff, 0xf3,

    /* U+04DE "Ӟ" */
    0x0, 0x0, 0x11, 0x0, 0x1, 0x11, 0x0, 0x0,
    0x0, 0xaf, 0xf6, 0x2, 0xff, 0xe0, 0x0, 0x0,
    0xa, 0xff, 0x60, 0x2f, 0xfe, 0x0, 0x0, 0x0,
    0xaf, 0xf6, 0x2, 0xff, 0xe0, 0x0, 0x0, 0x0,
    0x0, 0x0, 0x0, 0x0, 0x0, 0x0, 0x0, 0x0,
    0x0, 0x0, 0x0, 0x0, 0x0, 0x0, 0x1, 0x8c,
    0xef, 0xfd, 0x93, 0x0, 0x0, 0x5, 0xff, 0xff,
    0xff, 0xff, 0xf9, 0x0, 0x3, 0xff, 0xff, 0xff,
    0xff, 0xff, 0xf8, 0x0, 0xbf, 0xff, 0xc4, 0x23,
    0xbf, 0xff, 0xf0, 0xa, 0xef, 0xe0, 0x0, 0x0,
    0xcf, 0xff, 0x20, 0x0, 0x13, 0x0, 0x0, 0x9,
    0xff, 0xf1, 0x0, 0x0, 0x0, 0x0, 0x0, 0xdf,
    0xfb, 0x0, 0x0, 0x0, 0x0, 0x14, 0xcf, 0xfd,
    0x10, 0x0, 0x0, 0x0, 0x8f, 0xff, 0xfa, 0x10,
    0x0, 0x0, 0x0, 0x8, 0xff, 0xff, 0xf8, 0x0,
    0x0, 0x0, 0x0, 0x7e, 0xff, 0xff, 0xfb, 0x0,
    0x0, 0x0, 0x0, 0x0, 0x4d, 0xff, 0xf6, 0x0,
    0x0, 0x0, 0x0, 0x0, 0x3f, 0xff, 0xb0, 0x4,
    0x91, 0x0, 0x0, 0x0, 0xff, 0xfd, 0x3e, 0xff,
    0x90, 0x0, 0x0, 0x6f, 0xff, 0xc0, 0xef, 0xff,
    0x94, 0x23, 0x8f, 0xff, 0xf7, 0x6, 0xff, 0xff,
    0xff, 0xff, 0xff, 0xfe, 0x0, 0x8, 0xff, 0xff,
    0xff, 0xff, 0xfd, 0x20, 0x0, 0x3, 0x9d, 0xff,
    0xfd, 0xa5, 0x0, 0x0,

    /* U+04DF "ӟ" */
    0x2, 0xff, 0xe0, 0xb, 0xff, 0x60, 0x2, 0xff,
    0xe0, 0xb, 0xff, 0x60, 0x2, 0xff, 0xe0, 0xb,
    0xff, 0x60, 0x0, 0x11, 0x10, 0x1, 0x11, 0x0,
    0x0, 0x0, 0x0, 0x0, 0x0, 0x0, 0x0, 0x6,
    0xce, 0xfe, 0xa3, 0x0, 0x1, 0xdf, 0xff, 0xff,
    0xff, 0x60, 0xb, 0xff, 0xf9, 0x8e, 0xff, 0xf1,
    0x9, 0xcf, 0x30, 0x2, 0xff, 0xf4, 0x0, 0x0,
    0x0, 0x1, 0xff, 0xf3, 0x0, 0x0, 0x2, 0x6d,
    0xff, 0xa0, 0x0, 0x0, 0x8, 0xff, 0xf7, 0x0,
    0x0, 0x0, 0x8, 0xff, 0xff, 0x90, 0x0, 0x0,
    0x0, 0x5, 0xff, 0xf7, 0x1, 0x44, 0x0, 0x0,
    0xbf, 0xfd, 0x7f, 0xff, 0x20, 0x0, 0xdf, 0xfd,
    0x1f, 0xff, 0xe8, 0x7c, 0xff, 0xf8, 0x4, 0xff,
    0xff, 0xff, 0xff, 0xb0, 0x0, 0x18, 0xde, 0xfe,
    0xb6, 0x0,

    /* U+04E0 "Ӡ" */
    0x9, 0xff, 0xff, 0xff, 0xff, 0xff, 0xff, 0xe0,
    0x9f, 0xff, 0xff, 0xff, 0xff, 0xff, 0xfe, 0x9,
    0xff, 0xff, 0xff, 0xff, 0xff, 0xff, 0xd0, 0x13,
    0x33, 0x33, 0x33, 0x5f, 0xff, 0xf5, 0x0, 0x0,
    0x0, 0x0, 0x2e, 0xff, 0xf6, 0x0, 0x0, 0x0,
    0x0, 0x1e, 0xff, 0xf7, 0x0, 0x0, 0x0, 0x0,
    0x1d, 0xff, 0xf7, 0x0, 0x0, 0x0, 0x0, 0x8,
    0xff, 0xfc, 0x20, 0x0, 0x0, 0x0, 0x0, 0x8f,
    0xff, 0xff, 0xa0, 0x0, 0x0, 0x0, 0x8, 0xff,
    0xff, 0xff, 0xb0, 0x0, 0x0, 0x0, 0x0, 0x17,
    0xff, 0xff, 0x50, 0x0, 0x0, 0x0, 0x0, 0x5,
    0xff, 0xfb, 0x0, 0x0, 0x0, 0x0, 0x0, 0xf,
    0xff, 0xe0, 0x4, 0x92, 0x0, 0x0, 0x0, 0xff,
    0xfe, 0x3f, 0xff, 0xb0, 0x0, 0x0, 0x6f, 0xff,
    0xc0, 0xef, 0xff, 0xc4, 0x23, 0x8f, 0xff, 0xf7,
    0x5, 0xff, 0xff, 0xff, 0xff, 0xff, 0xfd, 0x0,
    0x6, 0xff, 0xff, 0xff, 0xff, 0xfb, 0x10, 0x0,
    0x1, 0x8c, 0xef, 0xfd, 0xa4, 0x0, 0x0,

    /* U+04E1 "ӡ" */
    0x6, 0xff, 0xff, 0xff, 0xff, 0xff, 0xc0, 0x6,
    0xff, 0xff, 0xff, 0xff, 0xff, 0xc0, 0x6, 0xff,
    0xff, 0xff, 0xff, 0xff, 0xa0, 0x0, 0x0, 0x0,
    0x2, 0xef, 0xfd, 0x10, 0x0, 0x0, 0x0, 0x2e,
    0xff, 0xd1, 0x0, 0x0, 0x0, 0x1, 0xdf, 0xfd,
    0x10, 0x0, 0x0, 0x0, 0x1d, 0xff, 0xf3, 0x0,
    0x0, 0x0, 0x0, 0x3f, 0xff, 0xff, 0xa1, 0x0,
    0x0, 0x0, 0x2d, 0xef, 0xff, 0xfd, 0x0, 0x0,
    0x0, 0x0, 0x1, 0xbf, 0xff, 0x80, 0x0, 0x0,
    0x0, 0x0, 0xe, 0xff, 0xe0, 0x0, 0x0, 0x0,
    0x0, 0x9, 0xff, 0xf1, 0x0, 0x0, 0x0, 0x0,
    0x8, 0xff, 0xf2, 0x1, 0x46, 0x0, 0x0, 0xa,
    0xff, 0xf1, 0x6f, 0xff, 0x40, 0x0, 0xf, 0xff,
    0xe0, 0x1f, 0xff, 0xd3, 0x2, 0xbf, 0xff, 0x80,
    0x9, 0xff, 0xff, 0xff, 0xff, 0xfe, 0x10, 0x0,
    0xbf, 0xff, 0xff, 0xff, 0xe3, 0x0, 0x0, 0x5,
    0xbe, 0xff, 0xc7, 0x0, 0x0,

    /* U+04E2 "Ӣ" */
    0x0, 0x0, 0xbf, 0xff, 0xff, 0xff, 0x70, 0x0,
    0x0, 0x0, 0xbf, 0xff, 0xff, 0xff, 0x70, 0x0,
    0x0, 0x0, 0x46, 0x66, 0x66, 0x66, 0x20, 0x0,
    0x0, 0x0, 0x0, 0x0, 0x0, 0x0, 0x0, 0x0,
    0x1f, 0xff, 0x70, 0x0, 0x0, 0x4, 0xff, 0xfc,
    0x1f, 0xff, 0x70, 0x0, 0x0, 0xd, 0xff, 0xfc,
    0x1f, 0xff, 0x70, 0x0, 0x0, 0x7f, 0xff, 0xfc,
    0x1f, 0xff, 0x70, 0x0, 0x1, 0xff, 0xff, 0xfc,
    0x1f, 0xff, 0x70, 0x0, 0xa, 0xff, 0xff, 0xfc,
    0x1f, 0xff, 0x70, 0x0, 0x4f, 0xff, 0xff, 0xfc,
    0x1f, 0xff, 0x70, 0x0, 0xdf, 0xff, 0xff, 0xfc,
    0x1f, 0xff, 0x70, 0x7, 0xff, 0xfa, 0xcf, 0xfc,
    0x1f, 0xff, 0x70, 0x1f, 0xff, 0xf1, 0xcf, 0xfc,
    0x1f, 0xff, 0x70, 0xaf, 0xff, 0x70, 0xcf, 0xfc,
    0x1f, 0xff, 0x74, 0xff, 0xfd, 0x0, 0xcf, 0xfc,
    0x1f, 0xff, 0x7d, 0xff, 0xf4, 0x0, 0xcf, 0xfc,
    0x1f, 0xff, 0xdf, 0xff, 0xa0, 0x0, 0xcf, 0xfc,
    0x1f, 0xff, 0xff, 0xff, 0x10, 0x0, 0xcf, 0xfc,
    0x1f, 0xff, 0xff, 0xf6, 0x0, 0x0, 0xcf, 0xfc,
    0x1f, 0xff, 0xff, 0xd0, 0x0, 0x0, 0xcf, 0xfc,
    0x1f, 0xff, 0xff, 0x30, 0x0, 0x0, 0xcf, 0xfc,
    0x1f, 0xff, 0xf9, 0x0, 0x0, 0x0, 0xcf, 0xfc,
    0x1f, 0xff, 0xe1, 0x0, 0x0, 0x0, 0xcf, 0xfc,

    /* U+04E3 "ӣ" */
    0x0, 0x26, 0x66, 0x66, 0x66, 0x50, 0x0, 0x0,
    0x5f, 0xff, 0xff, 0xff, 0xd0, 0x0, 0x0, 0x5f,
    0xff, 0xff, 0xff, 0xd0, 0x0, 0x0, 0x0, 0x0,
    0x0, 0x0, 0x0, 0x0, 0x0, 0x0, 0x0, 0x0,
    0x0, 0x0, 0x0, 0x3f, 0xff, 0x30, 0x0, 0xa,
    0xff, 0xf3, 0x3f, 0xff, 0x30, 0x0, 0x4f, 0xff,
    0xf3, 0x3f, 0xff, 0x30, 0x0, 0xdf, 0xff, 0xf3,
    0x3f, 0xff, 0x30, 0x7, 0xff, 0xff, 0xf3, 0x3f,
    0xff, 0x30, 0x2f, 0xff, 0xff, 0xf3, 0x3f, 0xff,
    0x30, 0xbf, 0xfb, 0xff, 0xf3, 0x3f, 0xff, 0x35,
    0xff, 0xd4, 0xff, 0xf3, 0x3f, 0xff, 0x4e, 0xff,
    0x33, 0xff, 0xf3, 0x3f, 0xff, 0xcf, 0xf9, 0x3,
    0xff, 0xf3, 0x3f, 0xff, 0xff, 0xe1, 0x3, 0xff,
    0xf3, 0x3f, 0xff, 0xff, 0x60, 0x3, 0xff, 0xf3,
    0x3f, 0xff, 0xfc, 0x0, 0x3, 0xff, 0xf3, 0x3f,
    0xff, 0xf2, 0x0, 0x3, 0xff, 0xf3, 0x3f, 0xff,
    0x80, 0x0, 0x3, 0xff, 0xf3,

    /* U+04E4 "Ӥ" */
    0x0, 0x0, 0xef, 0xf2, 0x6, 0xff, 0xa0, 0x0,
    0x0, 0x0, 0xef, 0xf2, 0x6, 0xff, 0xa0, 0x0,
    0x0, 0x0, 0xef, 0xf2, 0x6, 0xff, 0xa0, 0x0,
    0x0, 0x0, 0x11, 0x10, 0x0, 0x11, 0x0, 0x0,
    0x0, 0x0, 0x0, 0x0, 0x0, 0x0, 0x0, 0x0,
    0x1f, 0xff, 0x70, 0x0, 0x0, 0x4, 0xff, 0xfc,
    0x1f, 0xff, 0x70, 0x0, 0x0, 0xd, 0xff, 0xfc,
    0x1f, 0xff, 0x70, 0x0, 0x0, 0x7f, 0xff, 0xfc,
    0x1f, 0xff, 0x70, 0x0, 0x1, 0xff, 0xff, 0xfc,
    0x1f, 0xff, 0x70, 0x0, 0xa, 0xff, 0xff, 0xfc,
    0x1f, 0xff, 0x70, 0x0, 0x4f, 0xff, 0xff, 0xfc,
    0x1f, 0xff, 0x70, 0x0, 0xdf, 0xff, 0xff, 0xfc,
    0x1f, 0xff, 0x70, 0x7, 0xff, 0xfa, 0xcf, 0xfc,
    0x1f, 0xff, 0x70, 0x1f, 0xff, 0xf1, 0xcf, 0xfc,
    0x1f, 0xff, 0x70, 0xaf, 0xff, 0x70, 0xcf, 0xfc,
    0x1f, 0xff, 0x74, 0xff, 0xfd, 0x0, 0xcf, 0xfc,
    0x1f, 0xff, 0x7d, 0xff, 0xf4, 0x0, 0xcf, 0xfc,
    0x1f, 0xff, 0xdf, 0xff, 0xa0, 0x0, 0xcf, 0xfc,
    0x1f, 0xff, 0xff, 0xff, 0x10, 0x0, 0xcf, 0xfc,
    0x1f, 0xff, 0xff, 0xf6, 0x0, 0x0, 0xcf, 0xfc,
    0x1f, 0xff, 0xff, 0xd0, 0x0, 0x0, 0xcf, 0xfc,
    0x1f, 0xff, 0xff, 0x30, 0x0, 0x0, 0xcf, 0xfc,
    0x1f, 0xff, 0xf9, 0x0, 0x0, 0x0, 0xcf, 0xfc,
    0x1f, 0xff, 0xe1, 0x0, 0x0, 0x0, 0xcf, 0xfc,

    /* U+04E5 "ӥ" */
    0x0, 0x8f, 0xf8, 0x0, 0xff, 0xf0, 0x0, 0x0,
    0x8f, 0xf8, 0x0, 0xff, 0xf0, 0x0, 0x0, 0x8f,
    0xf8, 0x0, 0xff, 0xf0, 0x0, 0x0, 0x1, 0x10,
    0x0, 0x11, 0x10, 0x0, 0x0, 0x0, 0x0, 0x0,
    0x0, 0x0, 0x0, 0x3f, 0xff, 0x30, 0x0, 0xa,
    0xff, 0xf3, 0x3f, 0xff, 0x30, 0x0, 0x4f, 0xff,
    0xf3, 0x3f, 0xff, 0x30, 0x0, 0xdf, 0xff, 0xf3,
    0x3f, 0xff, 0x30, 0x7, 0xff, 0xff, 0xf3, 0x3f,
    0xff, 0x30, 0x2f, 0xff, 0xff, 0xf3, 0x3f, 0xff,
    0x30, 0xbf, 0xfb, 0xff, 0xf3, 0x3f, 0xff, 0x35,
    0xff, 0xd4, 0xff, 0xf3, 0x3f, 0xff, 0x4e, 0xff,
    0x33, 0xff, 0xf3, 0x3f, 0xff, 0xcf, 0xf9, 0x3,
    0xff, 0xf3, 0x3f, 0xff, 0xff, 0xe1, 0x3, 0xff,
    0xf3, 0x3f, 0xff, 0xff, 0x60, 0x3, 0xff, 0xf3,
    0x3f, 0xff, 0xfc, 0x0, 0x3, 0xff, 0xf3, 0x3f,
    0xff, 0xf2, 0x0, 0x3, 0xff, 0xf3, 0x3f, 0xff,
    0x80, 0x0, 0x3, 0xff, 0xf3,

    /* U+04E6 "Ӧ" */
    0x0, 0x0, 0x1, 0x11, 0x0, 0x1, 0x10, 0x0,
    0x0, 0x0, 0x0, 0x1, 0xff, 0xf0, 0xa, 0xff,
    0x70, 0x0, 0x0, 0x0, 0x0, 0x1f, 0xff, 0x0,
    0xaf, 0xf7, 0x0, 0x0, 0x0, 0x0, 0x1, 0xff,
    0xf0, 0xa, 0xff, 0x70, 0x0, 0x0, 0x0, 0x0,
    0x0, 0x0, 0x0, 0x0, 0x0, 0x0, 0x0, 0x0,
    0x0, 0x0, 0x0, 0x0, 0x0, 0x0, 0x0, 0x0,
    0x0, 0x0, 0x0, 0x5, 0xad, 0xff, 0xeb, 0x71,
    0x0, 0x0, 0x0, 0x0, 0x4e, 0xff, 0xff, 0xff,
    0xff, 0xf7, 0x0, 0x0, 0x0, 0x5f, 0xff, 0xff,
    0xff, 0xff, 0xff, 0xfa, 0x0, 0x0, 0x3f, 0xff,
    0xfe, 0x85, 0x46, 0xcf, 0xff, 0xf7, 0x0, 0xc,
    0xff, 0xfb, 0x0, 0x0, 0x0, 0x7f, 0xff, 0xf1,
    0x3, 0xff, 0xfe, 0x0, 0x0, 0x0, 0x0, 0xaf,
    0xff, 0x80, 0x8f, 0xff, 0x70, 0x0, 0x0, 0x0,
    0x2, 0xff, 0xfc, 0xb, 0xff, 0xf3, 0x0, 0x0,
    0x0, 0x0, 0xe, 0xff, 0xf0, 0xcf, 0xff, 0x0,
    0x0, 0x0, 0x0, 0x0, 0xcf, 0xff, 0x1d, 0xff,
    0xf0, 0x0, 0x0, 0x0, 0x0, 0xb, 0xff, 0xf2,
    0xcf, 0xff, 0x10, 0x0, 0x0, 0x0, 0x0, 0xcf,
    0xff, 0x1b, 0xff, 0xf3, 0x0, 0x0, 0x0, 0x0,
    0xe, 0xff, 0xf0, 0x8f, 0xff, 0x70, 0x0, 0x0,
    0x0, 0x3, 0xff, 0xfd, 0x3, 0xff, 0xfe, 0x10,
    0x0, 0x0, 0x0, 0xaf, 0xff, 0x80, 0xc, 0xff,
    0xfc, 0x10, 0x0, 0x0, 0x8f, 0xff, 0xf1, 0x0,
    0x3f, 0xff, 0xfe, 0x85, 0x47, 0xdf, 0xff, 0xf8,
    0x0, 0x0, 0x6f, 0xff, 0xff, 0xff, 0xff, 0xff,
    0xfa, 0x0, 0x0, 0x0, 0x4d, 0xff, 0xff, 0xff,
    0xff, 0xf7, 0x0, 0x0, 0x0, 0x0, 0x5, 0xad,
    0xff, 0xeb, 0x71, 0x0, 0x0, 0x0,

    /* U+04E7 "ӧ" */
    0x0, 0x6f, 0xfa, 0x0, 0xef, 0xf2, 0x0, 0x0,
    0x6f, 0xfa, 0x0, 0xef, 0xf2, 0x0, 0x0, 0x6f,
    0xfa, 0x0, 0xef, 0xf2, 0x0, 0x0, 0x1, 0x11,
    0x0, 0x11, 0x10, 0x0, 0x0, 0x0, 0x0, 0x0,
    0x0, 0x0, 0x0, 0x0, 0x2, 0x8d, 0xff, 0xd9,
    0x20, 0x0, 0x0, 0x7f, 0xff, 0xff, 0xff, 0xf7,
    0x0, 0x6, 0xff, 0xff, 0xff, 0xff, 0xff, 0x60,
    0x1f, 0xff, 0xf5, 0x0, 0x5f, 0xff, 0xf1, 0x8f,
    0xff, 0x50, 0x0, 0x6, 0xff, 0xf8, 0xcf, 0xfe,
    0x0, 0x0, 0x0, 0xef, 0xfc, 0xef, 0xfc, 0x0,
    0x0, 0x0, 0xcf, 0xfe, 0xef, 0xfc, 0x0, 0x0,
    0x0, 0xcf, 0xfe, 0xcf, 0xfe, 0x0, 0x0, 0x0,
    0xef, 0xfc, 0x8f, 0xff, 0x60, 0x0, 0x6, 0xff,
    0xf8, 0x2f, 0xff, 0xf5, 0x0, 0x5f, 0xff, 0xf1,
    0x7, 0xff, 0xff, 0xff, 0xff, 0xff, 0x60, 0x0,
    0x7f, 0xff, 0xff, 0xff, 0xf6, 0x0, 0x0, 0x2,
    0x8d, 0xff, 0xd9, 0x10, 0x0,

    /* U+04E8 "Ө" */
    0x0, 0x0, 0x6, 0xad, 0xff, 0xeb, 0x71, 0x0,
    0x0, 0x0, 0x0, 0x5e, 0xff, 0xff, 0xff, 0xff,
    0xf7, 0x0, 0x0, 0x0, 0x6f, 0xff, 0xff, 0xff,
    0xff, 0xff, 0xf9, 0x0, 0x0, 0x3f, 0xff, 0xfe,
    0x85, 0x46, 0xcf, 0xff, 0xf6, 0x0, 0xd, 0xff,
    0xfa, 0x0, 0x0, 0x0, 0x7f, 0xff, 0xf1, 0x3,
    0xff, 0xfd, 0x0, 0x0, 0x0, 0x0, 0xaf, 0xff,
    0x70, 0x8f, 0xff, 0x60, 0x0, 0x0, 0x0, 0x3,
    0xff, 0xfc, 0xb, 0xff, 0xf5, 0x33, 0x33, 0x33,
    0x33, 0x3f, 0xff, 0xf0, 0xdf, 0xff, 0xff, 0xff,
    0xff, 0xff, 0xff, 0xff, 0xff, 0x1e, 0xff, 0xff,
    0xff, 0xff, 0xff, 0xff, 0xff, 0xff, 0xf1, 0xdf,
    0xff, 0xff, 0xff, 0xff, 0xff, 0xff, 0xff, 0xff,
    0x1c, 0xff, 0xf3, 0x0, 0x0, 0x0, 0x0, 0xf,
    0xff, 0xf0, 0x9f, 0xff, 0x70, 0x0, 0x0, 0x0,
    0x4, 0xff, 0xfc, 0x4, 0xff, 0xfe, 0x10, 0x0,
    0x0, 0x0, 0xcf, 0xff, 0x70, 0xd, 0xff, 0xfc,
    0x10, 0x0, 0x0, 0x9f, 0xff, 0xf1, 0x0, 0x3f,
    0xff, 0xfe, 0x85, 0x47, 0xdf, 0xff, 0xf6, 0x0,
    0x0, 0x6f, 0xff, 0xff, 0xff, 0xff, 0xff, 0xf9,
    0x0, 0x0, 0x0, 0x4e, 0xff, 0xff, 0xff, 0xff,
    0xf7, 0x0, 0x0, 0x0, 0x0, 0x5, 0xad, 0xff,
    0xec, 0x71, 0x0, 0x0, 0x0,

    /* U+04E9 "ө" */
    0x0, 0x2, 0x8d, 0xff, 0xd9, 0x20, 0x0, 0x0,
    0x7f, 0xff, 0xff, 0xff, 0xf7, 0x0, 0x6, 0xff,
    0xff, 0xff, 0xff, 0xff, 0x70, 0x2f, 0xff, 0xf6,
    0x0, 0x5e, 0xff, 0xf2, 0x8f, 0xff, 0x40, 0x0,
    0x5, 0xff, 0xf8, 0xcf, 0xfe, 0x33, 0x33, 0x33,
    0xff, 0xfc, 0xef, 0xff, 0xff, 0xff, 0xff, 0xff,
    0xfe, 0xef, 0xff, 0xff, 0xff, 0xff, 0xff, 0xfe,
    0xcf, 0xfe, 0x0, 0x0, 0x0, 0xef, 0xfc, 0x8f,
    0xff, 0x50, 0x0, 0x5, 0xff, 0xf8, 0x2f, 0xff,
    0xf6, 0x0, 0x6f, 0xff, 0xf1, 0x7, 0xff, 0xff,
    0xff, 0xff, 0xff, 0x60, 0x0, 0x7f, 0xff, 0xff,
    0xff, 0xf6, 0x0, 0x0, 0x2, 0x8d, 0xff, 0xd9,
    0x20, 0x0,

    /* U+04EA "Ӫ" */
    0x0, 0x0, 0x1, 0x11, 0x0, 0x1, 0x10, 0x0,
    0x0, 0x0, 0x0, 0x1, 0xff, 0xf0, 0xa, 0xff,
    0x70, 0x0, 0x0, 0x0, 0x0, 0x1f, 0xff, 0x0,
    0xaf, 0xf7, 0x0, 0x0, 0x0, 0x0, 0x1, 0xff,
    0xf0, 0xa, 0xff, 0x70, 0x0, 0x0, 0x0, 0x0,
    0x0, 0x0, 0x0, 0x0, 0x0, 0x0, 0x0, 0x0,
    0x0, 0x0, 0x0, 0x0, 0x0, 0x0, 0x0, 0x0,
    0x0, 0x0, 0x0, 0x6, 0xad, 0xff, 0xeb, 0x71,
    0x0, 0x0, 0x0, 0x0, 0x5e, 0xff, 0xff, 0xff,
    0xff, 0xf7, 0x0, 0x0, 0x0, 0x6f, 0xff, 0xff,
    0xff, 0xff, 0xff, 0xf9, 0x0, 0x0, 0x3f, 0xff,
    0xfe, 0x85, 0x46, 0xcf, 0xff, 0xf6, 0x0, 0xd,
    0xff, 0xfa, 0x0, 0x0, 0x0, 0x7f, 0xff, 0xf1,
    0x3, 0xff, 0xfd, 0x0, 0x0, 0x0, 0x0, 0xaf,
    0xff, 0x70, 0x8f, 0xff, 0x60, 0x0, 0x0, 0x0,
    0x3, 0xff, 0xfc, 0xb, 0xff, 0xf5, 0x33, 0x33,
    0x33, 0x33, 0x3f, 0xff, 0xf0, 0xdf, 0xff, 0xff,
    0xff, 0xff, 0xff, 0xff, 0xff, 0xff, 0x1e, 0xff,
    0xff, 0xff, 0xff, 0xff, 0xff, 0xff, 0xff, 0xf1,
    0xdf, 0xff, 0xff, 0xff, 0xff, 0xff, 0xff, 0xff,
    0xff, 0x1c, 0xff, 0xf3, 0x0, 0x0, 0x0, 0x0,
    0xf, 0xff, 0xf0, 0x9f, 0xff, 0x70, 0x0, 0x0,
    0x0, 0x4, 0xff, 0xfc, 0x4, 0xff, 0xfe, 0x10,
    0x0, 0x0, 0x0, 0xcf, 0xff, 0x70, 0xd, 0xff,
    0xfc, 0x10, 0x0, 0x0, 0x9f, 0xff, 0xf1, 0x0,
    0x3f, 0xff, 0xfe, 0x85, 0x47, 0xdf, 0xff, 0xf6,
    0x0, 0x0, 0x6f, 0xff, 0xff, 0xff, 0xff, 0xff,
    0xf9, 0x0, 0x0, 0x0, 0x4e, 0xff, 0xff, 0xff,
    0xff, 0xf7, 0x0, 0x0, 0x0, 0x0, 0x5, 0xad,
    0xff, 0xec, 0x71, 0x0, 0x0, 0x0,

    /* U+04EB "ӫ" */
    0x0, 0x6f, 0xfa, 0x0, 0xef, 0xf2, 0x0, 0x0,
    0x6f, 0xfa, 0x0, 0xef, 0xf2, 0x0, 0x0, 0x6f,
    0xfa, 0x0, 0xef, 0xf2, 0x0, 0x0, 0x1, 0x11,
    0x0, 0x11, 0x10, 0x0, 0x0, 0x0, 0x0, 0x0,
    0x0, 0x0, 0x0, 0x0, 0x2, 0x8d, 0xff, 0xd9,
    0x20, 0x0, 0x0, 0x7f, 0xff, 0xff, 0xff, 0xf7,
    0x0, 0x6, 0xff, 0xff, 0xff, 0xff, 0xff, 0x70,
    0x2f, 0xff, 0xf6, 0x0, 0x5e, 0xff, 0xf2, 0x8f,
    0xff, 0x40, 0x0, 0x5, 0xff, 0xf8, 0xcf, 0xfe,
    0x33, 0x33, 0x33, 0xff, 0xfc, 0xef, 0xff, 0xff,
    0xff, 0xff, 0xff, 0xfe, 0xef, 0xff, 0xff, 0xff,
    0xff, 0xff, 0xfe, 0xcf, 0xfe, 0x0, 0x0, 0x0,
    0xef, 0xfc, 0x8f, 0xff, 0x50, 0x0, 0x5, 0xff,
    0xf8, 0x2f, 0xff, 0xf6, 0x0, 0x6f, 0xff, 0xf1,
    0x7, 0xff, 0xff, 0xff, 0xff, 0xff, 0x60, 0x0,
    0x7f, 0xff, 0xff, 0xff, 0xf6, 0x0, 0x0, 0x2,
    0x8d, 0xff, 0xd9, 0x20, 0x0,

    /* U+04EC "Ӭ" */
    0x0, 0x1, 0x11, 0x0, 0x1, 0x10, 0x0, 0x0,
    0x0, 0x0, 0xef, 0xf3, 0x6, 0xff, 0xa0, 0x0,
    0x0, 0x0, 0xe, 0xff, 0x30, 0x6f, 0xfa, 0x0,
    0x0, 0x0, 0x0, 0xef, 0xf3, 0x6, 0xff, 0xa0,
    0x0, 0x0, 0x0, 0x0, 0x0, 0x0, 0x0, 0x0,
    0x0, 0x0, 0x0, 0x0, 0x0, 0x0, 0x0, 0x0,
    0x0, 0x0, 0x0, 0x0, 0x1, 0x7c, 0xef, 0xed,
    0x93, 0x0, 0x0, 0x0, 0x5, 0xff, 0xff, 0xff,
    0xff, 0xfa, 0x10, 0x0, 0x6, 0xff, 0xff, 0xff,
    0xff, 0xff, 0xfd, 0x10, 0x1, 0xff, 0xff, 0xe8,
    0x55, 0x9f, 0xff, 0xfa, 0x0, 0x8f, 0xff, 0xd1,
    0x0, 0x0, 0x3f, 0xff, 0xf4, 0x5, 0xae, 0xf3,
    0x0, 0x0, 0x0, 0x6f, 0xff, 0xb0, 0x0, 0x1,
    0x0, 0x0, 0x0, 0x0, 0xef, 0xff, 0x0, 0x0,
    0x0, 0x1, 0x22, 0x22, 0x2c, 0xff, 0xf3, 0x0,
    0x0, 0x0, 0x7f, 0xff, 0xff, 0xff, 0xff, 0x40,
    0x0, 0x0, 0x7, 0xff, 0xff, 0xff, 0xff, 0xf5,
    0x0, 0x0, 0x0, 0x7f, 0xff, 0xff, 0xff, 0xff,
    0x50, 0x0, 0x0, 0x0, 0x0, 0x0, 0xb, 0xff,
    0xf3, 0x16, 0xbf, 0x0, 0x0, 0x0, 0x0, 0xef,
    0xff, 0xb, 0xff, 0xf5, 0x0, 0x0, 0x0, 0x5f,
    0xff, 0xc0, 0x6f, 0xff, 0xe2, 0x0, 0x0, 0x2e,
    0xff, 0xf5, 0x0, 0xef, 0xff, 0xf9, 0x54, 0x8f,
    0xff, 0xfb, 0x0, 0x3, 0xff, 0xff, 0xff, 0xff,
    0xff, 0xfd, 0x10, 0x0, 0x4, 0xef, 0xff, 0xff,
    0xff, 0xfb, 0x10, 0x0, 0x0, 0x0, 0x6b, 0xef,
    0xfd, 0xa4, 0x0, 0x0, 0x0,

    /* U+04ED "ӭ" */
    0x0, 0xef, 0xf2, 0x7, 0xff, 0xa0, 0x0, 0x0,
    0xef, 0xf2, 0x7, 0xff, 0xa0, 0x0, 0x0, 0xef,
    0xf2, 0x7, 0xff, 0xa0, 0x0, 0x0, 0x11, 0x10,
    0x0, 0x11, 0x10, 0x0, 0x0, 0x0, 0x0, 0x0,
    0x0, 0x0, 0x0, 0x0, 0x3, 0xad, 0xff, 0xd8,
    0x10, 0x0, 0x0, 0x8f, 0xff, 0xff, 0xff, 0xf4,
    0x0, 0x5, 0xff, 0xff, 0xde, 0xff, 0xff, 0x20,
    0xa, 0xff, 0xe3, 0x0, 0x5f, 0xff, 0xa0, 0x0,
    0x2, 0x20, 0x0, 0xb, 0xff, 0xf0, 0x0, 0x0,
    0x0, 0x33, 0x39, 0xff, 0xf3, 0x0, 0x0, 0x3,
    0xff, 0xff, 0xff, 0xf4, 0x0, 0x0, 0x3, 0xff,
    0xff, 0xff, 0xf4, 0x0, 0x0, 0x0, 0x0, 0x9,
    0xff, 0xf3, 0x16, 0x9c, 0x50, 0x0, 0xd, 0xff,
    0xf0, 0xe, 0xff, 0xd2, 0x0, 0x8f, 0xff, 0xa0,
    0x7, 0xff, 0xff, 0xdf, 0xff, 0xff, 0x20, 0x0,
    0x9f, 0xff, 0xff, 0xff, 0xf4, 0x0, 0x0, 0x4,
    0xae, 0xff, 0xd8, 0x10, 0x0,

    /* U+04EE "Ӯ" */
    0x0, 0x0, 0x46, 0x66, 0x66, 0x66, 0x30, 0x0,
    0x0, 0x0, 0xb, 0xff, 0xff, 0xff, 0xf7, 0x0,
    0x0, 0x0, 0x0, 0xbf, 0xff, 0xff, 0xff, 0x70,
    0x0, 0x0, 0x0, 0x0, 0x0, 0x0, 0x0, 0x0,
    0x0, 0x0, 0x0, 0x0, 0x0, 0x0, 0x0, 0x0,
    0x0, 0x0, 0xb, 0xff, 0xf6, 0x0, 0x0, 0x0,
    0xe, 0xff, 0xe0, 0x3f, 0xff, 0xd0, 0x0, 0x0,
    0x5, 0xff, 0xf8, 0x0, 0xbf, 0xff, 0x50, 0x0,
    0x0, 0xbf, 0xff, 0x10, 0x3, 0xff, 0xfc, 0x0,
    0x0, 0x1f, 0xff, 0xa0, 0x0, 0xb, 0xff, 0xf3,
    0x0, 0x7, 0xff, 0xf3, 0x0, 0x0, 0x3f, 0xff,
    0xa0, 0x0, 0xdf, 0xfb, 0x0, 0x0, 0x0, 0xbf,
    0xff, 0x10, 0x3f, 0xff, 0x40, 0x0, 0x0, 0x3,
    0xff, 0xf8, 0x9, 0xff, 0xd0, 0x0, 0x0, 0x0,
    0xa, 0xff, 0xf1, 0xff, 0xf6, 0x0, 0x0, 0x0,
    0x0, 0x2f, 0xff, 0xcf, 0xfe, 0x0, 0x0, 0x0,
    0x0, 0x0, 0xaf, 0xff, 0xff, 0x80, 0x0, 0x0,
    0x0, 0x0, 0x2, 0xff, 0xff, 0xf1, 0x0, 0x0,
    0x0, 0x0, 0x0, 0xa, 0xff, 0xfa, 0x0, 0x0,
    0x0, 0x0, 0x0, 0x0, 0x4f, 0xff, 0x30, 0x0,
    0x0, 0x0, 0x0, 0x0, 0x9, 0xff, 0xc0, 0x0,
    0x0, 0x0, 0x0, 0x0, 0x16, 0xff, 0xf4, 0x0,
    0x0, 0x0, 0x0, 0x9, 0xff, 0xff, 0xfb, 0x0,
    0x0, 0x0, 0x0, 0x0, 0x9f, 0xff, 0xfe, 0x10,
    0x0, 0x0, 0x0, 0x0, 0x7, 0xef, 0xfb, 0x20,
    0x0, 0x0, 0x0, 0x0,

    /* U+04EF "ӯ" */
    0x0, 0xf, 0xff, 0xff, 0xff, 0xf3, 0x0, 0x0,
    0x0, 0xff, 0xff, 0xff, 0xff, 0x30, 0x0, 0x0,
    0x6, 0x66, 0x66, 0x66, 0x61, 0x0, 0x0, 0x0,
    0x0, 0x0, 0x0, 0x0, 0x0, 0x0, 0x0, 0x0,
    0x0, 0x0, 0x0, 0x0, 0x0, 0xa, 0xff, 0xf2,
    0x0, 0x0, 0xd, 0xff, 0xd0, 0x4f, 0xff, 0x70,
    0x0, 0x2, 0xff, 0xf7, 0x0, 0xdf, 0xfc, 0x0,
    0x0, 0x7f, 0xff, 0x20, 0x7, 0xff, 0xf2, 0x0,
    0xc, 0xff, 0xc0, 0x0, 0x1f, 0xff, 0x70, 0x2,
    0xff, 0xf6, 0x0, 0x0, 0xbf, 0xfd, 0x0, 0x7f,
    0xff, 0x0, 0x0, 0x5, 0xff, 0xf2, 0xc, 0xff,
    0xa0, 0x0, 0x0, 0xf, 0xff, 0x81, 0xff, 0xf4,
    0x0, 0x0, 0x0, 0x9f, 0xfd, 0x7f, 0xfe, 0x0,
    0x0, 0x0, 0x3, 0xff, 0xfe, 0xff, 0x90, 0x0,
    0x0, 0x0, 0xd, 0xff, 0xff, 0xf3, 0x0, 0x0,
    0x0, 0x0, 0x7f, 0xff, 0xfd, 0x0, 0x0, 0x0,
    0x0, 0x1, 0xff, 0xff, 0x70, 0x0, 0x0, 0x0,
    0x0, 0xc, 0xff, 0xf1, 0x0, 0x0, 0x0, 0x0,
    0x1, 0xff, 0xfb, 0x0, 0x0, 0x0, 0x0, 0x1,
    0xbf, 0xff, 0x50, 0x0, 0x0, 0x0, 0xee, 0xff,
    0xff, 0xd0, 0x0, 0x0, 0x0, 0xc, 0xff, 0xff,
    0xf3, 0x0, 0x0, 0x0, 0x0, 0x8e, 0xfd, 0xa3,
    0x0, 0x0, 0x0, 0x0,

    /* U+04F0 "Ӱ" */
    0x0, 0x0, 0x11, 0x10, 0x1, 0x11, 0x0, 0x0,
    0x0, 0x0, 0x2f, 0xfe, 0x0, 0xbf, 0xf5, 0x0,
    0x0, 0x0, 0x2, 0xff, 0xe0, 0xb, 0xff, 0x50,
    0x0, 0x0, 0x0, 0x2f, 0xfe, 0x0, 0xbf, 0xf5,
    0x0, 0x0, 0x0, 0x0, 0x0, 0x0, 0x0, 0x0,
    0x0, 0x0, 0x0, 0x0, 0x0, 0x0, 0x0, 0x0,
    0x0, 0x0, 0x0, 0xbf, 0xff, 0x60, 0x0, 0x0,
    0x0, 0xef, 0xfe, 0x3, 0xff, 0xfd, 0x0, 0x0,
    0x0, 0x5f, 0xff, 0x80, 0xb, 0xff, 0xf5, 0x0,
    0x0, 0xb, 0xff, 0xf1, 0x0, 0x3f, 0xff, 0xc0,
    0x0, 0x1, 0xff, 0xfa, 0x0, 0x0, 0xbf, 0xff,
    0x30, 0x0, 0x7f, 0xff, 0x30, 0x0, 0x3, 0xff,
    0xfa, 0x0, 0xd, 0xff, 0xb0, 0x0, 0x0, 0xb,
    0xff, 0xf1, 0x3, 0xff, 0xf4, 0x0, 0x0, 0x0,
    0x3f, 0xff, 0x80, 0x9f, 0xfd, 0x0, 0x0, 0x0,
    0x0, 0xaf, 0xff, 0x1f, 0xff, 0x60, 0x0, 0x0,
    0x0, 0x2, 0xff, 0xfc, 0xff, 0xe0, 0x0, 0x0,
    0x0, 0x0, 0xa, 0xff, 0xff, 0xf8, 0x0, 0x0,
    0x0, 0x0, 0x0, 0x2f, 0xff, 0xff, 0x10, 0x0,
    0x0, 0x0, 0x0, 0x0, 0xaf, 0xff, 0xa0, 0x0,
    0x0, 0x0, 0x0, 0x0, 0x4, 0xff, 0xf3, 0x0,
    0x0, 0x0, 0x0, 0x0, 0x0, 0x9f, 0xfc, 0x0,
    0x0, 0x0, 0x0, 0x0, 0x1, 0x6f, 0xff, 0x40,
    0x0, 0x0, 0x0, 0x0, 0x9f, 0xff, 0xff, 0xb0,
    0x0, 0x0, 0x0, 0x0, 0x9, 0xff, 0xff, 0xe1,
    0x0, 0x0, 0x0, 0x0, 0x0, 0x7e, 0xff, 0xb2,
    0x0, 0x0, 0x0, 0x0, 0x0,

    /* U+04F1 "ӱ" */
    0x0, 0x2f, 0xfe, 0x0, 0xbf, 0xf6, 0x0, 0x0,
    0x2, 0xff, 0xe0, 0xb, 0xff, 0x60, 0x0, 0x0,
    0x2f, 0xfe, 0x0, 0xbf, 0xf6, 0x0, 0x0, 0x0,
    0x11, 0x10, 0x1, 0x11, 0x0, 0x0, 0x0, 0x0,
    0x0, 0x0, 0x0, 0x0, 0x0, 0xa, 0xff, 0xf2,
    0x0, 0x0, 0xd, 0xff, 0xd0, 0x4f, 0xff, 0x70,
    0x0, 0x2, 0xff, 0xf7, 0x0, 0xdf, 0xfc, 0x0,
    0x0, 0x7f, 0xff, 0x20, 0x7, 0xff, 0xf2, 0x0,
    0xc, 0xff, 0xc0, 0x0, 0x1f, 0xff, 0x70, 0x2,
    0xff, 0xf6, 0x0, 0x0, 0xbf, 0xfd, 0x0, 0x7f,
    0xff, 0x0, 0x0, 0x5, 0xff, 0xf2, 0xc, 0xff,
    0xa0, 0x0, 0x0, 0xf, 0xff, 0x81, 0xff, 0xf4,
    0x0, 0x0, 0x0, 0x9f, 0xfd, 0x7f, 0xfe, 0x0,
    0x0, 0x0, 0x3, 0xff, 0xfe, 0xff, 0x90, 0x0,
    0x0, 0x0, 0xd, 0xff, 0xff, 0xf3, 0x0, 0x0,
    0x0, 0x0, 0x7f, 0xff, 0xfd, 0x0, 0x0, 0x0,
    0x0, 0x1, 0xff, 0xff, 0x70, 0x0, 0x0, 0x0,
    0x0, 0xc, 0xff, 0xf1, 0x0, 0x0, 0x0, 0x0,
    0x1, 0xff, 0xfb, 0x0, 0x0, 0x0, 0x0, 0x1,
    0xbf, 0xff, 0x50, 0x0, 0x0, 0x0, 0xee, 0xff,
    0xff, 0xd0, 0x0, 0x0, 0x0, 0xc, 0xff, 0xff,
    0xf3, 0x0, 0x0, 0x0, 0x0, 0x8e, 0xfd, 0xa3,
    0x0, 0x0, 0x0, 0x0,

    /* U+04F2 "Ӳ" */
    0x0, 0x0, 0x3, 0xff, 0xf5, 0x6f, 0xfe, 0x20,
    0x0, 0x0, 0x0, 0xaf, 0xf7, 0xd, 0xff, 0x40,
    0x0, 0x0, 0x0, 0x2f, 0xfa, 0x5, 0xff, 0x60,
    0x0, 0x0, 0x0, 0x7, 0xdb, 0x0, 0xad, 0x90,
    0x0, 0x0, 0x0, 0x0, 0x0, 0x0, 0x0, 0x0,
    0x0, 0x0, 0xb, 0xff, 0xf6, 0x0, 0x0, 0x0,
    0xe, 0xff, 0xe0, 0x3f, 0xff, 0xd0, 0x0, 0x0,
    0x5, 0xff, 0xf8, 0x0, 0xbf, 0xff, 0x50, 0x0,
    0x0, 0xbf, 0xff, 0x10, 0x3, 0xff, 0xfc, 0x0,
    0x0, 0x1f, 0xff, 0xa0, 0x0, 0xb, 0xff, 0xf3,
    0x0, 0x7, 0xff, 0xf3, 0x0, 0x0, 0x3f, 0xff,
    0xa0, 0x0, 0xdf, 0xfb, 0x0, 0x0, 0x0, 0xbf,
    0xff, 0x10, 0x3f, 0xff, 0x40, 0x0, 0x0, 0x3,
    0xff, 0xf8, 0x9, 0xff, 0xd0, 0x0, 0x0, 0x0,
    0xa, 0xff, 0xf1, 0xff, 0xf6, 0x0, 0x0, 0x0,
    0x0, 0x2f, 0xff, 0xcf, 0xfe, 0x0, 0x0, 0x0,
    0x0, 0x0, 0xaf, 0xff, 0xff, 0x80, 0x0, 0x0,
    0x0, 0x0, 0x2, 0xff, 0xff, 0xf1, 0x0, 0x0,
    0x0, 0x0, 0x0, 0xa, 0xff, 0xfa, 0x0, 0x0,
    0x0, 0x0, 0x0, 0x0, 0x4f, 0xff, 0x30, 0x0,
    0x0, 0x0, 0x0, 0x0, 0x9, 0xff, 0xc0, 0x0,
    0x0, 0x0, 0x0, 0x0, 0x16, 0xff, 0xf4, 0x0,
    0x0, 0x0, 0x0, 0x9, 0xff, 0xff, 0xfb, 0x0,
    0x0, 0x0, 0x0, 0x0, 0x9f, 0xff, 0xfe, 0x10,
    0x0, 0x0, 0x0, 0x0, 0x7, 0xef, 0xfb, 0x20,
    0x0, 0x0, 0x0, 0x0,

    /* U+04F3 "ӳ" */
    0x0, 0x0, 0x2f, 0xff, 0x56, 0xff, 0xe2, 0x0,
    0x0, 0xa, 0xff, 0x80, 0xdf, 0xf4, 0x0, 0x0,
    0x1, 0xff, 0xa0, 0x5f, 0xf7, 0x0, 0x0, 0x0,
    0x7d, 0xb0, 0xa, 0xd9, 0x0, 0x0, 0x0, 0x0,
    0x0, 0x0, 0x0, 0x0, 0x0, 0xa, 0xff, 0xf2,
    0x0, 0x0, 0xd, 0xff, 0xd0, 0x4f, 0xff, 0x70,
    0x0, 0x2, 0xff, 0xf7, 0x0, 0xdf, 0xfc, 0x0,
    0x0, 0x7f, 0xff, 0x20, 0x7, 0xff, 0xf2, 0x0,
    0xc, 0xff, 0xc0, 0x0, 0x1f, 0xff, 0x70, 0x2,
    0xff, 0xf6, 0x0, 0x0, 0xbf, 0xfd, 0x0, 0x7f,
    0xff, 0x0, 0x0, 0x5, 0xff, 0xf2, 0xc, 0xff,
    0xa0, 0x0, 0x0, 0xf, 0xff, 0x81, 0xff, 0xf4,
    0x0, 0x0, 0x0, 0x9f, 0xfd, 0x7f, 0xfe, 0x0,
    0x0, 0x0, 0x3, 0xff, 0xfe, 0xff, 0x90, 0x0,
    0x0, 0x0, 0xd, 0xff, 0xff, 0xf3, 0x0, 0x0,
    0x0, 0x0, 0x7f, 0xff, 0xfd, 0x0, 0x0, 0x0,
    0x0, 0x1, 0xff, 0xff, 0x70, 0x0, 0x0, 0x0,
    0x0, 0xc, 0xff, 0xf1, 0x0, 0x0, 0x0, 0x0,
    0x1, 0xff, 0xfb, 0x0, 0x0, 0x0, 0x0, 0x1,
    0xbf, 0xff, 0x50, 0x0, 0x0, 0x0, 0xee, 0xff,
    0xff, 0xd0, 0x0, 0x0, 0x0, 0xc, 0xff, 0xff,
    0xf3, 0x0, 0x0, 0x0, 0x0, 0x8e, 0xfd, 0xa3,
    0x0, 0x0, 0x0, 0x0,

    /* U+04F4 "Ӵ" */
    0x0, 0x5, 0xff, 0xb0, 0xe, 0xff, 0x20, 0x0,
    0x0, 0x5, 0xff, 0xb0, 0xe, 0xff, 0x20, 0x0,
    0x0, 0x5, 0xff, 0xb0, 0xe, 0xff, 0x20, 0x0,
    0x0, 0x0, 0x11, 0x10, 0x1, 0x11, 0x0, 0x0,
    0x0, 0x0, 0x0, 0x0, 0x0, 0x0, 0x0, 0x0,
    0x6f, 0xff, 0x50, 0x0, 0x0, 0x7, 0xff, 0xf4,
    0x6f, 0xff, 0x50, 0x0, 0x0, 0x7, 0xff, 0xf4,
    0x6f, 0xff, 0x50, 0x0, 0x0, 0x7, 0xff, 0xf4,
    0x6f, 0xff, 0x50, 0x0, 0x0, 0x7, 0xff, 0xf4,
    0x6f, 0xff, 0x50, 0x0, 0x0, 0x7, 0xff, 0xf4,
    0x6f, 0xff, 0x50, 0x0, 0x0, 0x7, 0xff, 0xf4,
    0x6f, 0xff, 0x60, 0x0, 0x0, 0x7, 0xff, 0xf4,
    0x4f, 0xff, 0x90, 0x0, 0x0, 0x7, 0xff, 0xf4,
    0x1f, 0xff, 0xf8, 0x20, 0x2, 0x7e, 0xff, 0xf4,
    0xb, 0xff, 0xff, 0xff, 0xff, 0xff, 0xff, 0xf4,
    0x1, 0xcf, 0xff, 0xff, 0xff, 0xff, 0xff, 0xf4,
    0x0, 0x6, 0xcf, 0xff, 0xfc, 0x79, 0xff, 0xf4,
    0x0, 0x0, 0x0, 0x12, 0x0, 0x7, 0xff, 0xf4,
    0x0, 0x0, 0x0, 0x0, 0x0, 0x7, 0xff, 0xf4,
    0x0, 0x0, 0x0, 0x0, 0x0, 0x7, 0xff, 0xf4,
    0x0, 0x0, 0x0, 0x0, 0x0, 0x7, 0xff, 0xf4,
    0x0, 0x0, 0x0, 0x0, 0x0, 0x7, 0xff, 0xf4,
    0x0, 0x0, 0x0, 0x0, 0x0, 0x7, 0xff, 0xf4,
    0x0, 0x0, 0x0, 0x0, 0x0, 0x7, 0xff, 0xf4,

    /* U+04F5 "ӵ" */
    0x0, 0xaf, 0xf6, 0x2, 0xff, 0xe0, 0x0, 0xa,
    0xff, 0x60, 0x2f, 0xfe, 0x0, 0x0, 0xaf, 0xf6,
    0x2, 0xff, 0xe0, 0x0, 0x1, 0x11, 0x0, 0x1,
    0x11, 0x0, 0x0, 0x0, 0x0, 0x0, 0x0, 0x0,
    0x8, 0xff, 0xf0, 0x0, 0x2, 0xff, 0xf6, 0x8f,
    0xff, 0x0, 0x0, 0x2f, 0xff, 0x68, 0xff, 0xf0,
    0x0, 0x2, 0xff, 0xf6, 0x8f, 0xff, 0x0, 0x0,
    0x2f, 0xff, 0x67, 0xff, 0xf2, 0x0, 0x2, 0xff,
    0xf6, 0x5f, 0xff, 0x80, 0x0, 0x2f, 0xff, 0x60,
    0xef, 0xff, 0xc8, 0x9d, 0xff, 0xf6, 0x4, 0xff,
    0xff, 0xff, 0xff, 0xff, 0x60, 0x2, 0x9d, 0xfe,
    0xc9, 0xff, 0xf6, 0x0, 0x0, 0x0, 0x0, 0x2f,
    0xff, 0x60, 0x0, 0x0, 0x0, 0x2, 0xff, 0xf6,
    0x0, 0x0, 0x0, 0x0, 0x2f, 0xff, 0x60, 0x0,
    0x0, 0x0, 0x2, 0xff, 0xf6, 0x0, 0x0, 0x0,
    0x0, 0x2f, 0xff, 0x60,

    /* U+04F6 "Ӷ" */
    0xef, 0xff, 0xff, 0xff, 0xff, 0xff, 0xbe, 0xff,
    0xff, 0xff, 0xff, 0xff, 0xfb, 0xef, 0xff, 0xff,
    0xff, 0xff, 0xff, 0xbe, 0xff, 0xd2, 0x22, 0x22,
    0x22, 0x21, 0xef, 0xfd, 0x0, 0x0, 0x0, 0x0,
    0xe, 0xff, 0xd0, 0x0, 0x0, 0x0, 0x0, 0xef,
    0xfd, 0x0, 0x0, 0x0, 0x0, 0xe, 0xff, 0xd0,
    0x0, 0x0, 0x0, 0x0, 0xef, 0xfd, 0x0, 0x0,
    0x0, 0x0, 0xe, 0xff, 0xd0, 0x0, 0x0, 0x0,
    0x0, 0xef, 0xfd, 0x0, 0x0, 0x0, 0x0, 0xe,
    0xff, 0xd0, 0x0, 0x0, 0x0, 0x0, 0xef, 0xfd,
    0x0, 0x0, 0x0, 0x0, 0xe, 0xff, 0xd0, 0x0,
    0x0, 0x0, 0x0, 0xef, 0xfd, 0x0, 0x0, 0x0,
    0x0, 0xe, 0xff, 0xe4, 0x10, 0x0, 0x0, 0x0,
    0xef, 0xff, 0xf6, 0x0, 0x0, 0x0, 0xe, 0xff,
    0xff, 0x60, 0x0, 0x0, 0x0, 0xef, 0xff, 0xf6,
    0x0, 0x0, 0x0, 0x0, 0xb, 0xff, 0x60, 0x0,
    0x0, 0x0, 0x0, 0xbf, 0xf6, 0x0, 0x0, 0x0,
    0x0, 0xb, 0xff, 0x60, 0x0, 0x0, 0x0, 0x0,
    0xbf, 0xf6, 0x0, 0x0, 0x0, 0x0,

    /* U+04F7 "ӷ" */
    0x4f, 0xff, 0xff, 0xff, 0xfd, 0x4f, 0xff, 0xff,
    0xff, 0xfd, 0x4f, 0xff, 0xff, 0xff, 0xfc, 0x4f,
    0xff, 0x40, 0x0, 0x0, 0x4f, 0xff, 0x40, 0x0,
    0x0, 0x4f, 0xff, 0x40, 0x0, 0x0, 0x4f, 0xff,
    0x40, 0x0, 0x0, 0x4f, 0xff, 0x40, 0x0, 0x0,
    0x4f, 0xff, 0x40, 0x0, 0x0, 0x4f, 0xff, 0x40,
    0x0, 0x0, 0x4f, 0xff, 0x40, 0x0, 0x0, 0x4f,
    0xff, 0xfb, 0x0, 0x0, 0x4f, 0xff, 0xfb, 0x0,
    0x0, 0x4f, 0xff, 0xfb, 0x0, 0x0, 0x0, 0x3f,
    0xfb, 0x0, 0x0, 0x0, 0x3f, 0xfb, 0x0, 0x0,
    0x0, 0x3f, 0xfb, 0x0, 0x0, 0x0, 0x18, 0x85,
    0x0, 0x0,

    /* U+04F8 "Ӹ" */
    0x0, 0x0, 0x0, 0xaf, 0xf6, 0x3, 0xff, 0xd0,
    0x0, 0x0, 0x0, 0x0, 0x0, 0x0, 0xaf, 0xf6,
    0x3, 0xff, 0xd0, 0x0, 0x0, 0x0, 0x0, 0x0,
    0x0, 0xaf, 0xf6, 0x3, 0xff, 0xd0, 0x0, 0x0,
    0x0, 0x0, 0x0, 0x0, 0x11, 0x10, 0x0, 0x11,
    0x10, 0x0, 0x0, 0x0, 0x0, 0x0, 0x0, 0x0,
    0x0, 0x0, 0x0, 0x0, 0x0, 0x0, 0x0, 0xff,
    0xfc, 0x0, 0x0, 0x0, 0x0, 0x0, 0x0, 0x5,
    0xff, 0xf7, 0xff, 0xfc, 0x0, 0x0, 0x0, 0x0,
    0x0, 0x0, 0x5, 0xff, 0xf7, 0xff, 0xfc, 0x0,
    0x0, 0x0, 0x0, 0x0, 0x0, 0x5, 0xff, 0xf7,
    0xff, 0xfc, 0x0, 0x0, 0x0, 0x0, 0x0, 0x0,
    0x5, 0xff, 0xf7, 0xff, 0xfc, 0x0, 0x0, 0x0,
    0x0, 0x0, 0x0, 0x5, 0xff, 0xf7, 0xff, 0xfc,
    0x0, 0x0, 0x0, 0x0, 0x0, 0x0, 0x5, 0xff,
    0xf7, 0xff, 0xfc, 0x0, 0x0, 0x0, 0x0, 0x0,
    0x0, 0x5, 0xff, 0xf7, 0xff, 0xfc, 0x22, 0x22,
    0x21, 0x0, 0x0, 0x0, 0x5, 0xff, 0xf7, 0xff,
    0xff, 0xff, 0xff, 0xff, 0xfc, 0x70, 0x0, 0x5,
    0xff, 0xf7, 0xff, 0xff, 0xff, 0xff, 0xff, 0xff,
    0xfc, 0x0, 0x5, 0xff, 0xf7, 0xff, 0xff, 0xff,
    0xff, 0xff, 0xff, 0xff, 0xa0, 0x5, 0xff, 0xf7,
    0xff, 0xfc, 0x0, 0x0, 0x2, 0x8f, 0xff, 0xf2,
    0x5, 0xff, 0xf7, 0xff, 0xfc, 0x0, 0x0, 0x0,
    0x9, 0xff, 0xf6, 0x5, 0xff, 0xf7, 0xff, 0xfc,
    0x0, 0x0, 0x0, 0x6, 0xff, 0xf7, 0x5, 0xff,
    0xf7, 0xff, 0xfc, 0x0, 0x0, 0x0, 0xa, 0xff,
    0xf5, 0x5, 0xff, 0xf7, 0xff, 0xfc, 0x22, 0x22,
    0x34, 0xaf, 0xff, 0xf2, 0x5, 0xff, 0xf7, 0xff,
    0xff, 0xff, 0xff, 0xff, 0xff, 0xff, 0xa0, 0x5,
    0xff, 0xf7, 0xff, 0xff, 0xff, 0xff, 0xff, 0xff,
    0xfc, 0x0, 0x5, 0xff, 0xf7, 0xff, 0xff, 0xff,
    0xff, 0xff, 0xec, 0x70, 0x0, 0x5, 0xff, 0xf7,

    /* U+04F9 "ӹ" */
    0x0, 0x0, 0xc, 0xff, 0x40, 0x5f, 0xfc, 0x0,
    0x0, 0x0, 0x0, 0x0, 0xc, 0xff, 0x40, 0x5f,
    0xfc, 0x0, 0x0, 0x0, 0x0, 0x0, 0xc, 0xff,
    0x40, 0x5f, 0xfc, 0x0, 0x0, 0x0, 0x0, 0x0,
    0x1, 0x11, 0x0, 0x1, 0x11, 0x0, 0x0, 0x0,
    0x0, 0x0, 0x0, 0x0, 0x0, 0x0, 0x0, 0x0,
    0x0, 0x0, 0x1f, 0xff, 0x70, 0x0, 0x0, 0x0,
    0x0, 0x1, 0xff, 0xf8, 0x1f, 0xff, 0x70, 0x0,
    0x0, 0x0, 0x0, 0x1, 0xff, 0xf8, 0x1f, 0xff,
    0x70, 0x0, 0x0, 0x0, 0x0, 0x1, 0xff, 0xf8,
    0x1f, 0xff, 0x70, 0x0, 0x0, 0x0, 0x0, 0x1,
    0xff, 0xf8, 0x1f, 0xff, 0x70, 0x0, 0x0, 0x0,
    0x0, 0x1, 0xff, 0xf8, 0x1f, 0xff, 0x70, 0x0,
    0x0, 0x0, 0x0, 0x1, 0xff, 0xf8, 0x1f, 0xff,
    0xff, 0xff, 0xfe, 0xd8, 0x10, 0x1, 0xff, 0xf8,
    0x1f, 0xff, 0xff, 0xff, 0xff, 0xff, 0xd1, 0x1,
    0xff, 0xf8, 0x1f, 0xff, 0x93, 0x34, 0x5b, 0xff,
    0xf9, 0x1, 0xff, 0xf8, 0x1f, 0xff, 0x70, 0x0,
    0x0, 0xef, 0xfd, 0x1, 0xff, 0xf8, 0x1f, 0xff,
    0x70, 0x0, 0x0, 0xef, 0xfd, 0x1, 0xff, 0xf8,
    0x1f, 0xff, 0x94, 0x44, 0x5b, 0xff, 0xfa, 0x1,
    0xff, 0xf8, 0x1f, 0xff, 0xff, 0xff, 0xff, 0xff,
    0xe2, 0x1, 0xff, 0xf8, 0x1f, 0xff, 0xff, 0xff,
    0xff, 0xd8, 0x10, 0x1, 0xff, 0xf8,

    /* U+04FA "Ӻ" */
    0x0, 0xef, 0xff, 0xff, 0xff, 0xff, 0xff, 0xb0,
    0xe, 0xff, 0xff, 0xff, 0xff, 0xff, 0xfb, 0x0,
    0xef, 0xff, 0xff, 0xff, 0xff, 0xff, 0xb0, 0xe,
    0xff, 0xd2, 0x22, 0x22, 0x22, 0x21, 0x0, 0xef,
    0xfd, 0x0, 0x0, 0x0, 0x0, 0x0, 0xe, 0xff,
    0xd0, 0x0, 0x0, 0x0, 0x0, 0x0, 0xef, 0xfd,
    0x0, 0x0, 0x0, 0x0, 0x5, 0x6f, 0xff, 0xe6,
    0x66, 0x60, 0x0, 0x0, 0xcf, 0xff, 0xff, 0xff,
    0xff, 0x20, 0x0, 0xc, 0xff, 0xff, 0xff, 0xff,
    0xf2, 0x0, 0x0, 0x0, 0xef, 0xfd, 0x0, 0x0,
    0x0, 0x0, 0x0, 0xe, 0xff, 0xd0, 0x0, 0x0,
    0x0, 0x0, 0x0, 0xef, 0xfd, 0x0, 0x0, 0x0,
    0x0, 0x0, 0xe, 0xff, 0xd0, 0x0, 0x0, 0x0,
    0x0, 0x0, 0xef, 0xfd, 0x0, 0x0, 0x0, 0x0,
    0x0, 0xe, 0xff, 0xe6, 0x0, 0x0, 0x0, 0x0,
    0x0, 0xef, 0xff, 0xf0, 0x0, 0x0, 0x0, 0x0,
    0xe, 0xff, 0xff, 0x0, 0x0, 0x0, 0x0, 0x0,
    0xef, 0xff, 0xf0, 0x0, 0x0, 0x0, 0x0, 0x0,
    0x5, 0xfe, 0x0, 0x0, 0x0, 0x0, 0x0, 0x0,
    0x6f, 0xe0, 0x0, 0x0, 0x0, 0x0, 0x1, 0x1c,
    0xfb, 0x0, 0x0, 0x0, 0x0, 0x0, 0xff, 0xff,
    0x60, 0x0, 0x0, 0x0, 0x0, 0x2d, 0xfe, 0x70,
    0x0, 0x0, 0x0, 0x0,

    /* U+04FB "ӻ" */
    0x4, 0xff, 0xff, 0xff, 0xff, 0xd0, 0x4f, 0xff,
    0xff, 0xff, 0xfd, 0x4, 0xff, 0xff, 0xff, 0xff,
    0xc0, 0x4f, 0xff, 0x40, 0x0, 0x0, 0x4, 0xff,
    0xf4, 0x0, 0x0, 0xa, 0xff, 0xff, 0xff, 0xf3,
    0x0, 0xaf, 0xff, 0xff, 0xff, 0x30, 0x4, 0x9f,
    0xff, 0x96, 0x61, 0x0, 0x4, 0xff, 0xf4, 0x0,
    0x0, 0x0, 0x4f, 0xff, 0x40, 0x0, 0x0, 0x4,
    0xff, 0xf4, 0x0, 0x0, 0x0, 0x4f, 0xff, 0x71,
    0x0, 0x0, 0x4, 0xff, 0xff, 0x70, 0x0, 0x0,
    0x4f, 0xff, 0xf7, 0x0, 0x0, 0x0, 0x0, 0xdf,
    0x70, 0x0, 0x0, 0x0, 0xd, 0xf6, 0x0, 0x0,
    0x0, 0x15, 0xff, 0x40, 0x0, 0x0, 0x7f, 0xff,
    0xe0, 0x0, 0x0, 0x8, 0xef, 0xb2, 0x0, 0x0,
    0x0,

    /* U+04FC "Ӽ" */
    0x2f, 0xff, 0xf4, 0x0, 0x0, 0x0, 0xef, 0xff,
    0x60, 0x7, 0xff, 0xfd, 0x0, 0x0, 0x8, 0xff,
    0xfc, 0x0, 0x0, 0xcf, 0xff, 0x80, 0x0, 0x2f,
    0xff, 0xf2, 0x0, 0x0, 0x3f, 0xff, 0xf2, 0x0,
    0xbf, 0xff, 0x80, 0x0, 0x0, 0x8, 0xff, 0xfb,
    0x5, 0xff, 0xfd, 0x0, 0x0, 0x0, 0x0, 0xdf,
    0xff, 0x6e, 0xff, 0xf4, 0x0, 0x0, 0x0, 0x0,
    0x4f, 0xff, 0xff, 0xff, 0xa0, 0x0, 0x0, 0x0,
    0x0, 0xa, 0xff, 0xff, 0xfe, 0x10, 0x0, 0x0,
    0x0, 0x0, 0x1, 0xef, 0xff, 0xf6, 0x0, 0x0,
    0x0, 0x0, 0x0, 0x0, 0xdf, 0xff, 0xf2, 0x0,
    0x0, 0x0, 0x0, 0x0, 0x8, 0xff, 0xff, 0xfc,
    0x0, 0x0, 0x0, 0x0, 0x0, 0x3f, 0xff, 0xff,
    0xff, 0x70, 0x0, 0x0, 0x0, 0x0, 0xdf, 0xff,
    0xcf, 0xff, 0xf2, 0x0, 0x0, 0x0, 0x7, 0xff,
    0xfe, 0xa, 0xff, 0xfc, 0x0, 0x0, 0x0, 0x2f,
    0xff, 0xf5, 0x0, 0xef, 0xff, 0x70, 0x0, 0x0,
    0xcf, 0xff, 0xb0, 0x0, 0x4f, 0xff, 0xf2, 0x0,
    0x6, 0xff, 0xff, 0x10, 0x0, 0x9, 0xff, 0xfc,
    0x0, 0x1f, 0xff, 0xf7, 0x0, 0x0, 0x0, 0xdf,
    0xff, 0x60, 0xaf, 0xff, 0xc0, 0x0, 0x0, 0x0,
    0x4f, 0xff, 0xd0, 0x0, 0x0, 0x0, 0x0, 0x0,
    0x0, 0xb, 0xff, 0xf2, 0x0, 0x0, 0x0, 0x0,
    0x0, 0x1, 0x2c, 0xff, 0xf4, 0x0, 0x0, 0x0,
    0x0, 0x0, 0xe, 0xff, 0xff, 0xf2, 0x0, 0x0,
    0x0, 0x0, 0x0, 0x2f, 0xff, 0xff, 0xa0, 0x0,
    0x0, 0x0, 0x0, 0x0, 0x3c, 0xff, 0xd7, 0x0,

    /* U+04FD "ӽ" */
    0x4f, 0xff, 0xe1, 0x0, 0xb, 0xff, 0xf7, 0x0,
    0x9f, 0xff, 0xa0, 0x6, 0xff, 0xfc, 0x0, 0x0,
    0xef, 0xff, 0x41, 0xef, 0xff, 0x20, 0x0, 0x4,
    0xff, 0xfd, 0xbf, 0xff, 0x60, 0x0, 0x0, 0x8,
    0xff, 0xff, 0xff, 0xb0, 0x0, 0x0, 0x0, 0xd,
    0xff, 0xff, 0xe1, 0x0, 0x0, 0x0, 0x0, 0x3f,
    0xff, 0xf6, 0x0, 0x0, 0x0, 0x0, 0x7, 0xff,
    0xff, 0xc0, 0x0, 0x0, 0x0, 0x2, 0xff, 0xff,
    0xff, 0x80, 0x0, 0x0, 0x0, 0xcf, 0xff, 0xef,
    0xff, 0x30, 0x0, 0x0, 0x7f, 0xff, 0x84, 0xff,
    0xfd, 0x0, 0x0, 0x2f, 0xff, 0xd0, 0x9, 0xff,
    0xf8, 0x0, 0xc, 0xff, 0xf4, 0x0, 0xc, 0xff,
    0xf2, 0x8, 0xff, 0xfa, 0x0, 0x0, 0x2f, 0xff,
    0xa0, 0x0, 0x0, 0x0, 0x0, 0x0, 0x8f, 0xff,
    0x0, 0x0, 0x0, 0x0, 0x1, 0x29, 0xff, 0xf1,
    0x0, 0x0, 0x0, 0x0, 0xaf, 0xff, 0xff, 0x0,
    0x0, 0x0, 0x0, 0xe, 0xff, 0xff, 0x70, 0x0,
    0x0, 0x0, 0x0, 0xce, 0xfc, 0x60, 0x0,

    /* U+04FE "Ӿ" */
    0x2f, 0xff, 0xf4, 0x0, 0x0, 0x0, 0xef, 0xff,
    0x60, 0x7, 0xff, 0xfd, 0x0, 0x0, 0x8, 0xff,
    0xfc, 0x0, 0x0, 0xdf, 0xff, 0x70, 0x0, 0x2f,
    0xff, 0xf3, 0x0, 0x0, 0x3f, 0xff, 0xf2, 0x0,
    0xbf, 0xff, 0x80, 0x0, 0x0, 0x9, 0xff, 0xfb,
    0x4, 0xff, 0xfe, 0x0, 0x0, 0x0, 0x0, 0xef,
    0xff, 0x5d, 0xff, 0xf5, 0x0, 0x0, 0x0, 0x0,
    0x5f, 0xff, 0xff, 0xff, 0xb0, 0x0, 0x0, 0x0,
    0x0, 0xb, 0xff, 0xff, 0xff, 0x10, 0x0, 0x0,
    0x0, 0xef, 0xff, 0xff, 0xff, 0xff, 0xff, 0xf3,
    0x0, 0x0, 0xef, 0xff, 0xff, 0xff, 0xff, 0xff,
    0xf3, 0x0, 0x0, 0x56, 0x6c, 0xff, 0xff, 0xfe,
    0x66, 0x61, 0x0, 0x0, 0x0, 0x2f, 0xff, 0xff,
    0xff, 0x50, 0x0, 0x0, 0x0, 0x0, 0xcf, 0xff,
    0xdf, 0xff, 0xe1, 0x0, 0x0, 0x0, 0x6, 0xff,
    0xfe, 0x1b, 0xff, 0xfa, 0x0, 0x0, 0x0, 0x2f,
    0xff, 0xf5, 0x2, 0xff, 0xff, 0x50, 0x0, 0x0,
    0xbf, 0xff, 0xb0, 0x0, 0x7f, 0xff, 0xe1, 0x0,
    0x6, 0xff, 0xff, 0x20, 0x0, 0xc, 0xff, 0xfa,
    0x0, 0x1e, 0xff, 0xf7, 0x0, 0x0, 0x3, 0xff,
    0xff, 0x40, 0xaf, 0xff, 0xc0, 0x0, 0x0, 0x0,
    0x8f, 0xff, 0xe1,

    /* U+04FF "ӿ" */
    0x4f, 0xff, 0xe1, 0x0, 0xb, 0xff, 0xf7, 0x0,
    0xaf, 0xff, 0x90, 0x5, 0xff, 0xfc, 0x0, 0x1,
    0xef, 0xff, 0x31, 0xef, 0xff, 0x20, 0x0, 0x5,
    0xff, 0xfc, 0x9f, 0xff, 0x70, 0x0, 0x0, 0xa,
    0xff, 0xff, 0xff, 0xc0, 0x0, 0x0, 0x66, 0x7f,
    0xff, 0xff, 0xf9, 0x66, 0x10, 0xf, 0xff, 0xff,
    0xff, 0xff, 0xff, 0xf2, 0x0, 0xff, 0xff, 0xff,
    0xff, 0xff, 0xff, 0x20, 0x0, 0x1, 0xef, 0xff,
    0xff, 0x60, 0x0, 0x0, 0x0, 0xbf, 0xff, 0xff,
    0xff, 0x20, 0x0, 0x0, 0x6f, 0xff, 0x96, 0xff,
    0xfc, 0x0, 0x0, 0x2f, 0xff, 0xe0, 0xc, 0xff,
    0xf7, 0x0, 0xc, 0xff, 0xf4, 0x0, 0x2f, 0xff,
    0xf3, 0x8, 0xff, 0xfa, 0x0, 0x0, 0x7f, 0xff,
    0xd0,

    /* U+2014 "—" */
    0xbb, 0xbb, 0xbb, 0xbb, 0xbb, 0xbb, 0xbb, 0xbb,
    0xbb, 0xbb, 0xbb, 0xbb, 0xbb, 0xff, 0xff, 0xff,
    0xff, 0xff, 0xff, 0xff, 0xff, 0xff, 0xff, 0xff,
    0xff, 0xff, 0xff, 0xff, 0xff, 0xff, 0xff, 0xff,
    0xff, 0xff, 0xff, 0xff, 0xff, 0xff, 0xff,

    /* U+2116 "№" */
    0x99, 0x99, 0x0, 0x0, 0x0, 0x8, 0x99, 0x60,
    0x0, 0x0, 0x0, 0x0, 0x0, 0xff, 0xff, 0x60,
    0x0, 0x0, 0xe, 0xff, 0xa0, 0x0, 0x0, 0x0,
    0x0, 0x0, 0xff, 0xff, 0xe1, 0x0, 0x0, 0xe,
    0xff, 0xa0, 0x0, 0x0, 0x0, 0x0, 0x0, 0xff,
    0xff, 0xf9, 0x0, 0x0, 0xe, 0xff, 0xa0, 0x0,
    0x1, 0x32, 0x0, 0x0, 0xff, 0xff, 0xff, 0x30,
    0x0, 0xe, 0xff, 0xa0, 0x2, 0xbf, 0xff, 0xf7,
    0x0, 0xff, 0xff, 0xff, 0xc0, 0x0, 0xe, 0xff,
    0xa0, 0x1e, 0xff, 0xff, 0xff, 0xa0, 0xff, 0xff,
    0xff, 0xf6, 0x0, 0xe, 0xff, 0xa0, 0xaf, 0xff,
    0x55, 0xff, 0xf4, 0xff, 0xfb, 0xff, 0xfe, 0x10,
    0xe, 0xff, 0xa0, 0xff, 0xf8, 0x0, 0xaf, 0xfa,
    0xff, 0xf9, 0x8f, 0xff, 0x90, 0xe, 0xff, 0xa2,
    0xff, 0xf5, 0x0, 0x8f, 0xfd, 0xff, 0xf9, 0xe,
    0xff, 0xf3, 0xe, 0xff, 0xa2, 0xff, 0xf4, 0x0,
    0x9f, 0xfd, 0xff, 0xf9, 0x5, 0xff, 0xfc, 0xe,
    0xff, 0xa0, 0xff, 0xf7, 0x0, 0xcf, 0xfa, 0xff,
    0xf9, 0x0, 0xbf, 0xff, 0x6e, 0xff, 0xa0, 0x9f,
    0xfe, 0x69, 0xff, 0xf4, 0xff, 0xf9, 0x0, 0x2f,
    0xff, 0xef, 0xff, 0xa0, 0xd, 0xff, 0xff, 0xff,
    0xa0, 0xff, 0xf9, 0x0, 0x8, 0xff, 0xff, 0xff,
    0xa0, 0x1, 0x9f, 0xff, 0xe7, 0x0, 0xff, 0xf9,
    0x0, 0x0, 0xef, 0xff, 0xff, 0xa0, 0x0, 0x0,
    0x11, 0x0, 0x0, 0xff, 0xf9, 0x0, 0x0, 0x5f,
    0xff, 0xff, 0xa0, 0x7a, 0xaa, 0xaa, 0xaa, 0xa3,
    0xff, 0xf9, 0x0, 0x0, 0xb, 0xff, 0xff, 0xa0,
    0xbf, 0xff, 0xff, 0xff, 0xf5, 0xff, 0xf9, 0x0,
    0x0, 0x2, 0xff, 0xff, 0xa0, 0xbf, 0xff, 0xff,
    0xff, 0xf5, 0xff, 0xf9, 0x0, 0x0, 0x0, 0x8f,
    0xff, 0xa0, 0x12, 0x22, 0x22, 0x22, 0x20
};


/*---------------------
 *  GLYPH DESCRIPTION
 *--------------------*/

static const lv_font_fmt_txt_glyph_dsc_t glyph_dsc[] = {
    {.bitmap_index = 0, .adv_w = 0, .box_w = 0, .box_h = 0, .ofs_x = 0, .ofs_y = 0} /* id = 0 reserved */,
    {.bitmap_index = 0, .adv_w = 116, .box_w = 0, .box_h = 0, .ofs_x = 0, .ofs_y = 0},
    {.bitmap_index = 0, .adv_w = 139, .box_w = 5, .box_h = 19, .ofs_x = 2, .ofs_y = 0},
    {.bitmap_index = 48, .adv_w = 197, .box_w = 11, .box_h = 7, .ofs_x = 1, .ofs_y = 12},
    {.bitmap_index = 87, .adv_w = 231, .box_w = 15, .box_h = 19, .ofs_x = 0, .ofs_y = 0},
    {.bitmap_index = 230, .adv_w = 231, .box_w = 14, .box_h = 24, .ofs_x = 0, .ofs_y = -3},
    {.bitmap_index = 398, .adv_w = 370, .box_w = 21, .box_h = 19, .ofs_x = 1, .ofs_y = 0},
    {.bitmap_index = 598, .adv_w = 300, .box_w = 18, .box_h = 20, .ofs_x = 1, .ofs_y = -1},
    {.bitmap_index = 778, .adv_w = 99, .box_w = 5, .box_h = 7, .ofs_x = 1, .ofs_y = 12},
    {.bitmap_index = 796, .adv_w = 139, .box_w = 7, .box_h = 24, .ofs_x = 1, .ofs_y = -5},
    {.bitmap_index = 880, .adv_w = 139, .box_w = 8, .box_h = 24, .ofs_x = 0, .ofs_y = -5},
    {.bitmap_index = 976, .adv_w = 162, .box_w = 10, .box_h = 10, .ofs_x = 0, .ofs_y = 9},
    {.bitmap_index = 1026, .adv_w = 243, .box_w = 14, .box_h = 14, .ofs_x = 1, .ofs_y = 3},
    {.bitmap_index = 1124, .adv_w = 116, .box_w = 5, .box_h = 9, .ofs_x = 1, .ofs_y = -5},
    {.bitmap_index = 1147, .adv_w = 139, .box_w = 8, .box_h = 4, .ofs_x = 1, .ofs_y = 5},
    {.bitmap_index = 1163, .adv_w = 116, .box_w = 5, .box_h = 4, .ofs_x = 1, .ofs_y = 0},
    {.bitmap_index = 1173, .adv_w = 116, .box_w = 9, .box_h = 19, .ofs_x = -1, .ofs_y = 0},
    {.bitmap_index = 1259, .adv_w = 231, .box_w = 13, .box_h = 19, .ofs_x = 1, .ofs_y = 0},
    {.bitmap_index = 1383, .adv_w = 231, .box_w = 9, .box_h = 19, .ofs_x = 2, .ofs_y = 0},
    {.bitmap_index = 1469, .adv_w = 231, .box_w = 14, .box_h = 19, .ofs_x = 0, .ofs_y = 0},
    {.bitmap_index = 1602, .adv_w = 231, .box_w = 14, .box_h = 19, .ofs_x = 0, .ofs_y = 0},
    {.bitmap_index = 1735, .adv_w = 231, .box_w = 14, .box_h = 19, .ofs_x = 0, .ofs_y = 0},
    {.bitmap_index = 1868, .adv_w = 231, .box_w = 13, .box_h = 19, .ofs_x = 1, .ofs_y = 0},
    {.bitmap_index = 1992, .adv_w = 231, .box_w = 13, .box_h = 19, .ofs_x = 1, .ofs_y = 0},
    {.bitmap_index = 2116, .adv_w = 231, .box_w = 13, .box_h = 19, .ofs_x = 1, .ofs_y = 0},
    {.bitmap_index = 2240, .adv_w = 231, .box_w = 13, .box_h = 19, .ofs_x = 1, .ofs_y = 0},
    {.bitmap_index = 2364, .adv_w = 231, .box_w = 14, .box_h = 19, .ofs_x = 0, .ofs_y = 0},
    {.bitmap_index = 2497, .adv_w = 139, .box_w = 5, .box_h = 14, .ofs_x = 2, .ofs_y = 0},
    {.bitmap_index = 2532, .adv_w = 139, .box_w = 5, .box_h = 19, .ofs_x = 2, .ofs_y = -5},
    {.bitmap_index = 2580, .adv_w = 243, .box_w = 13, .box_h = 15, .ofs_x = 1, .ofs_y = 2},
    {.bitmap_index = 2678, .adv_w = 243, .box_w = 14, .box_h = 9, .ofs_x = 1, .ofs_y = 5},
    {.bitmap_index = 2741, .adv_w = 243, .box_w = 13, .box_h = 15, .ofs_x = 1, .ofs_y = 2},
    {.bitmap_index = 2839, .adv_w = 254, .box_w = 14, .box_h = 19, .ofs_x = 1, .ofs_y = 0},
    {.bitmap_index = 2972, .adv_w = 406, .box_w = 26, .box_h = 24, .ofs_x = 0, .ofs_y = -5},
    {.bitmap_index = 3284, .adv_w = 300, .box_w = 19, .box_h = 19, .ofs_x = 0, .ofs_y = 0},
    {.bitmap_index = 3465, .adv_w = 300, .box_w = 17, .box_h = 19, .ofs_x = 1, .ofs_y = 0},
    {.bitmap_index = 3627, .adv_w = 300, .box_w = 17, .box_h = 19, .ofs_x = 1, .ofs_y = 0},
    {.bitmap_index = 3789, .adv_w = 300, .box_w = 17, .box_h = 19, .ofs_x = 1, .ofs_y = 0},
    {.bitmap_index = 3951, .adv_w = 277, .box_w = 16, .box_h = 19, .ofs_x = 1, .ofs_y = 0},
    {.bitmap_index = 4103, .adv_w = 254, .box_w = 14, .box_h = 19, .ofs_x = 1, .ofs_y = 0},
    {.bitmap_index = 4236, .adv_w = 324, .box_w = 18, .box_h = 19, .ofs_x = 1, .ofs_y = 0},
    {.bitmap_index = 4407, .adv_w = 300, .box_w = 16, .box_h = 19, .ofs_x = 1, .ofs_y = 0},
    {.bitmap_index = 4559, .adv_w = 116, .box_w = 5, .box_h = 19, .ofs_x = 1, .ofs_y = 0},
    {.bitmap_index = 4607, .adv_w = 231, .box_w = 13, .box_h = 19, .ofs_x = 0, .ofs_y = 0},
    {.bitmap_index = 4731, .adv_w = 300, .box_w = 18, .box_h = 19, .ofs_x = 1, .ofs_y = 0},
    {.bitmap_index = 4902, .adv_w = 254, .box_w = 14, .box_h = 19, .ofs_x = 2, .ofs_y = 0},
    {.bitmap_index = 5035, .adv_w = 347, .box_w = 19, .box_h = 19, .ofs_x = 1, .ofs_y = 0},
    {.bitmap_index = 5216, .adv_w = 300, .box_w = 16, .box_h = 19, .ofs_x = 1, .ofs_y = 0},
    {.bitmap_index = 5368, .adv_w = 324, .box_w = 19, .box_h = 19, .ofs_x = 1, .ofs_y = 0},
    {.bitmap_index = 5549, .adv_w = 277, .box_w = 16, .box_h = 19, .ofs_x = 1, .ofs_y = 0},
    {.bitmap_index = 5701, .adv_w = 324, .box_w = 19, .box_h = 21, .ofs_x = 1, .ofs_y = -2},
    {.bitmap_index = 5901, .adv_w = 300, .box_w = 18, .box_h = 19, .ofs_x = 1, .ofs_y = 0},
    {.bitmap_index = 6072, .adv_w = 277, .box_w = 17, .box_h = 19, .ofs_x = 0, .ofs_y = 0},
    {.bitmap_index = 6234, .adv_w = 254, .box_w = 16, .box_h = 19, .ofs_x = 0, .ofs_y = 0},
    {.bitmap_index = 6386, .adv_w = 300, .box_w = 16, .box_h = 19, .ofs_x = 1, .ofs_y = 0},
    {.bitmap_index = 6538, .adv_w = 277, .box_w = 19, .box_h = 19, .ofs_x = -1, .ofs_y = 0},
    {.bitmap_index = 6719, .adv_w = 393, .box_w = 25, .box_h = 19, .ofs_x = 0, .ofs_y = 0},
    {.bitmap_index = 6957, .adv_w = 277, .box_w = 18, .box_h = 19, .ofs_x = 0, .ofs_y = 0},
    {.bitmap_index = 7128, .adv_w = 277, .box_w = 19, .box_h = 19, .ofs_x = -1, .ofs_y = 0},
    {.bitmap_index = 7309, .adv_w = 254, .box_w = 16, .box_h = 19, .ofs_x = 0, .ofs_y = 0},
    {.bitmap_index = 7461, .adv_w = 139, .box_w = 8, .box_h = 24, .ofs_x = 1, .ofs_y = -5},
    {.bitmap_index = 7557, .adv_w = 116, .box_w = 9, .box_h = 19, .ofs_x = -1, .ofs_y = 0},
    {.bitmap_index = 7643, .adv_w = 139, .box_w = 7, .box_h = 24, .ofs_x = 0, .ofs_y = -5},
    {.bitmap_index = 7727, .adv_w = 243, .box_w = 13, .box_h = 11, .ofs_x = 1, .ofs_y = 9},
    {.bitmap_index = 7799, .adv_w = 231, .box_w = 16, .box_h = 3, .ofs_x = -1, .ofs_y = -5},
    {.bitmap_index = 7823, .adv_w = 139, .box_w = 7, .box_h = 4, .ofs_x = 0, .ofs_y = 15},
    {.bitmap_index = 7837, .adv_w = 231, .box_w = 14, .box_h = 14, .ofs_x = 0, .ofs_y = 0},
    {.bitmap_index = 7935, .adv_w = 254, .box_w = 14, .box_h = 19, .ofs_x = 1, .ofs_y = 0},
    {.bitmap_index = 8068, .adv_w = 231, .box_w = 13, .box_h = 14, .ofs_x = 1, .ofs_y = 0},
    {.bitmap_index = 8159, .adv_w = 254, .box_w = 14, .box_h = 19, .ofs_x = 1, .ofs_y = 0},
    {.bitmap_index = 8292, .adv_w = 231, .box_w = 14, .box_h = 14, .ofs_x = 0, .ofs_y = 0},
    {.bitmap_index = 8390, .adv_w = 139, .box_w = 10, .box_h = 19, .ofs_x = 0, .ofs_y = 0},
    {.bitmap_index = 8485, .adv_w = 254, .box_w = 14, .box_h = 19, .ofs_x = 1, .ofs_y = -5},
    {.bitmap_index = 8618, .adv_w = 254, .box_w = 14, .box_h = 19, .ofs_x = 1, .ofs_y = 0},
    {.bitmap_index = 8751, .adv_w = 116, .box_w = 5, .box_h = 19, .ofs_x = 1, .ofs_y = 0},
    {.bitmap_index = 8799, .adv_w = 116, .box_w = 8, .box_h = 24, .ofs_x = -2, .ofs_y = -5},
    {.bitmap_index = 8895, .adv_w = 231, .box_w = 14, .box_h = 19, .ofs_x = 1, .ofs_y = 0},
    {.bitmap_index = 9028, .adv_w = 116, .box_w = 5, .box_h = 19, .ofs_x = 1, .ofs_y = 0},
    {.bitmap_index = 9076, .adv_w = 370, .box_w = 21, .box_h = 14, .ofs_x = 1, .ofs_y = 0},
    {.bitmap_index = 9223, .adv_w = 254, .box_w = 14, .box_h = 14, .ofs_x = 1, .ofs_y = 0},
    {.bitmap_index = 9321, .adv_w = 254, .box_w = 14, .box_h = 14, .ofs_x = 1, .ofs_y = 0},
    {.bitmap_index = 9419, .adv_w = 254, .box_w = 14, .box_h = 19, .ofs_x = 1, .ofs_y = -5},
    {.bitmap_index = 9552, .adv_w = 254, .box_w = 14, .box_h = 19, .ofs_x = 1, .ofs_y = -5},
    {.bitmap_index = 9685, .adv_w = 162, .box_w = 10, .box_h = 14, .ofs_x = 1, .ofs_y = 0},
    {.bitmap_index = 9755, .adv_w = 231, .box_w = 14, .box_h = 14, .ofs_x = 0, .ofs_y = 0},
    {.bitmap_index = 9853, .adv_w = 139, .box_w = 9, .box_h = 19, .ofs_x = 0, .ofs_y = 0},
    {.bitmap_index = 9939, .adv_w = 254, .box_w = 14, .box_h = 14, .ofs_x = 1, .ofs_y = 0},
    {.bitmap_index = 10037, .adv_w = 231, .box_w = 15, .box_h = 14, .ofs_x = 0, .ofs_y = 0},
    {.bitmap_index = 10142, .adv_w = 324, .box_w = 21, .box_h = 14, .ofs_x = 0, .ofs_y = 0},
    {.bitmap_index = 10289, .adv_w = 231, .box_w = 15, .box_h = 14, .ofs_x = 0, .ofs_y = 0},
    {.bitmap_index = 10394, .adv_w = 231, .box_w = 15, .box_h = 19, .ofs_x = 0, .ofs_y = -5},
    {.bitmap_index = 10537, .adv_w = 208, .box_w = 13, .box_h = 14, .ofs_x = 0, .ofs_y = 0},
    {.bitmap_index = 10628, .adv_w = 162, .box_w = 10, .box_h = 24, .ofs_x = 0, .ofs_y = -5},
    {.bitmap_index = 10748, .adv_w = 116, .box_w = 4, .box_h = 24, .ofs_x = 2, .ofs_y = -5},
    {.bitmap_index = 10796, .adv_w = 162, .box_w = 10, .box_h = 24, .ofs_x = 0, .ofs_y = -5},
    {.bitmap_index = 10916, .adv_w = 243, .box_w = 15, .box_h = 7, .ofs_x = 0, .ofs_y = 6},
    {.bitmap_index = 10969, .adv_w = 231, .box_w = 13, .box_h = 12, .ofs_x = 1, .ofs_y = 1},
    {.bitmap_index = 11047, .adv_w = 231, .box_w = 13, .box_h = 12, .ofs_x = 1, .ofs_y = 1},
    {.bitmap_index = 11125, .adv_w = 277, .box_w = 16, .box_h = 24, .ofs_x = 1, .ofs_y = 0},
    {.bitmap_index = 11317, .adv_w = 278, .box_w = 16, .box_h = 24, .ofs_x = 1, .ofs_y = 0},
    {.bitmap_index = 11509, .adv_w = 368, .box_w = 22, .box_h = 19, .ofs_x = 0, .ofs_y = 0},
    {.bitmap_index = 11718, .adv_w = 236, .box_w = 15, .box_h = 24, .ofs_x = 1, .ofs_y = 0},
    {.bitmap_index = 11898, .adv_w = 296, .box_w = 17, .box_h = 19, .ofs_x = 1, .ofs_y = 0},
    {.bitmap_index = 12060, .adv_w = 277, .box_w = 17, .box_h = 19, .ofs_x = 0, .ofs_y = 0},
    {.bitmap_index = 12222, .adv_w = 116, .box_w = 5, .box_h = 19, .ofs_x = 1, .ofs_y = 0},
    {.bitmap_index = 12270, .adv_w = 115, .box_w = 9, .box_h = 24, .ofs_x = -1, .ofs_y = 0},
    {.bitmap_index = 12378, .adv_w = 231, .box_w = 13, .box_h = 19, .ofs_x = 0, .ofs_y = 0},
    {.bitmap_index = 12502, .adv_w = 455, .box_w = 28, .box_h = 19, .ofs_x = 0, .ofs_y = 0},
    {.bitmap_index = 12768, .adv_w = 442, .box_w = 25, .box_h = 19, .ofs_x = 2, .ofs_y = 0},
    {.bitmap_index = 13006, .adv_w = 364, .box_w = 21, .box_h = 19, .ofs_x = 0, .ofs_y = 0},
    {.bitmap_index = 13206, .adv_w = 254, .box_w = 15, .box_h = 24, .ofs_x = 1, .ofs_y = 0},
    {.bitmap_index = 13386, .adv_w = 299, .box_w = 16, .box_h = 24, .ofs_x = 1, .ofs_y = 0},
    {.bitmap_index = 13578, .adv_w = 259, .box_w = 17, .box_h = 24, .ofs_x = 0, .ofs_y = 0},
    {.bitmap_index = 13782, .adv_w = 299, .box_w = 16, .box_h = 24, .ofs_x = 1, .ofs_y = -5},
    {.bitmap_index = 13974, .adv_w = 300, .box_w = 19, .box_h = 19, .ofs_x = 0, .ofs_y = 0},
    {.bitmap_index = 14155, .adv_w = 299, .box_w = 17, .box_h = 19, .ofs_x = 1, .ofs_y = 0},
    {.bitmap_index = 14317, .adv_w = 300, .box_w = 17, .box_h = 19, .ofs_x = 1, .ofs_y = 0},
    {.bitmap_index = 14479, .adv_w = 236, .box_w = 13, .box_h = 19, .ofs_x = 2, .ofs_y = 0},
    {.bitmap_index = 14603, .adv_w = 296, .box_w = 19, .box_h = 24, .ofs_x = -1, .ofs_y = -5},
    {.bitmap_index = 14831, .adv_w = 277, .box_w = 16, .box_h = 19, .ofs_x = 1, .ofs_y = 0},
    {.bitmap_index = 14983, .adv_w = 376, .box_w = 24, .box_h = 19, .ofs_x = 0, .ofs_y = 0},
    {.bitmap_index = 15211, .adv_w = 261, .box_w = 15, .box_h = 19, .ofs_x = 0, .ofs_y = 0},
    {.bitmap_index = 15354, .adv_w = 299, .box_w = 16, .box_h = 19, .ofs_x = 1, .ofs_y = 0},
    {.bitmap_index = 15506, .adv_w = 299, .box_w = 16, .box_h = 24, .ofs_x = 1, .ofs_y = 0},
    {.bitmap_index = 15698, .adv_w = 254, .box_w = 15, .box_h = 19, .ofs_x = 1, .ofs_y = 0},
    {.bitmap_index = 15841, .adv_w = 292, .box_w = 17, .box_h = 19, .ofs_x = 0, .ofs_y = 0},
    {.bitmap_index = 16003, .adv_w = 347, .box_w = 19, .box_h = 19, .ofs_x = 1, .ofs_y = 0},
    {.bitmap_index = 16184, .adv_w = 300, .box_w = 16, .box_h = 19, .ofs_x = 1, .ofs_y = 0},
    {.bitmap_index = 16336, .adv_w = 324, .box_w = 19, .box_h = 19, .ofs_x = 1, .ofs_y = 0},
    {.bitmap_index = 16517, .adv_w = 299, .box_w = 16, .box_h = 19, .ofs_x = 1, .ofs_y = 0},
    {.bitmap_index = 16669, .adv_w = 277, .box_w = 16, .box_h = 19, .ofs_x = 1, .ofs_y = 0},
    {.bitmap_index = 16821, .adv_w = 300, .box_w = 17, .box_h = 19, .ofs_x = 1, .ofs_y = 0},
    {.bitmap_index = 16983, .adv_w = 254, .box_w = 16, .box_h = 19, .ofs_x = 0, .ofs_y = 0},
    {.bitmap_index = 17135, .adv_w = 259, .box_w = 17, .box_h = 19, .ofs_x = 0, .ofs_y = 0},
    {.bitmap_index = 17297, .adv_w = 355, .box_w = 21, .box_h = 19, .ofs_x = 1, .ofs_y = 0},
    {.bitmap_index = 17497, .adv_w = 277, .box_w = 18, .box_h = 19, .ofs_x = 0, .ofs_y = 0},
    {.bitmap_index = 17668, .adv_w = 304, .box_w = 18, .box_h = 24, .ofs_x = 1, .ofs_y = -5},
    {.bitmap_index = 17884, .adv_w = 292, .box_w = 16, .box_h = 19, .ofs_x = 1, .ofs_y = 0},
    {.bitmap_index = 18036, .adv_w = 418, .box_w = 24, .box_h = 19, .ofs_x = 1, .ofs_y = 0},
    {.bitmap_index = 18264, .adv_w = 424, .box_w = 25, .box_h = 24, .ofs_x = 1, .ofs_y = -5},
    {.bitmap_index = 18564, .adv_w = 362, .box_w = 22, .box_h = 19, .ofs_x = 0, .ofs_y = 0},
    {.bitmap_index = 18773, .adv_w = 407, .box_w = 22, .box_h = 19, .ofs_x = 2, .ofs_y = 0},
    {.bitmap_index = 18982, .adv_w = 299, .box_w = 17, .box_h = 19, .ofs_x = 1, .ofs_y = 0},
    {.bitmap_index = 19144, .adv_w = 296, .box_w = 17, .box_h = 19, .ofs_x = 1, .ofs_y = 0},
    {.bitmap_index = 19306, .adv_w = 429, .box_w = 25, .box_h = 19, .ofs_x = 1, .ofs_y = 0},
    {.bitmap_index = 19544, .adv_w = 299, .box_w = 17, .box_h = 19, .ofs_x = 0, .ofs_y = 0},
    {.bitmap_index = 19706, .adv_w = 231, .box_w = 14, .box_h = 14, .ofs_x = 0, .ofs_y = 0},
    {.bitmap_index = 19804, .adv_w = 257, .box_w = 14, .box_h = 19, .ofs_x = 1, .ofs_y = 0},
    {.bitmap_index = 19937, .adv_w = 256, .box_w = 14, .box_h = 14, .ofs_x = 1, .ofs_y = 0},
    {.bitmap_index = 20035, .adv_w = 173, .box_w = 10, .box_h = 14, .ofs_x = 1, .ofs_y = 0},
    {.bitmap_index = 20105, .adv_w = 264, .box_w = 17, .box_h = 18, .ofs_x = -1, .ofs_y = -4},
    {.bitmap_index = 20258, .adv_w = 231, .box_w = 14, .box_h = 14, .ofs_x = 0, .ofs_y = 0},
    {.bitmap_index = 20356, .adv_w = 295, .box_w = 20, .box_h = 14, .ofs_x = -1, .ofs_y = 0},
    {.bitmap_index = 20496, .adv_w = 207, .box_w = 12, .box_h = 14, .ofs_x = 0, .ofs_y = 0},
    {.bitmap_index = 20580, .adv_w = 256, .box_w = 14, .box_h = 14, .ofs_x = 1, .ofs_y = 0},
    {.bitmap_index = 20678, .adv_w = 256, .box_w = 14, .box_h = 19, .ofs_x = 1, .ofs_y = 0},
    {.bitmap_index = 20811, .adv_w = 208, .box_w = 13, .box_h = 14, .ofs_x = 1, .ofs_y = 0},
    {.bitmap_index = 20902, .adv_w = 264, .box_w = 15, .box_h = 14, .ofs_x = 0, .ofs_y = 0},
    {.bitmap_index = 21007, .adv_w = 308, .box_w = 17, .box_h = 14, .ofs_x = 1, .ofs_y = 0},
    {.bitmap_index = 21126, .adv_w = 251, .box_w = 13, .box_h = 14, .ofs_x = 1, .ofs_y = 0},
    {.bitmap_index = 21217, .adv_w = 254, .box_w = 14, .box_h = 14, .ofs_x = 1, .ofs_y = 0},
    {.bitmap_index = 21315, .adv_w = 251, .box_w = 13, .box_h = 14, .ofs_x = 1, .ofs_y = 0},
    {.bitmap_index = 21406, .adv_w = 254, .box_w = 14, .box_h = 19, .ofs_x = 1, .ofs_y = -5},
    {.bitmap_index = 21539, .adv_w = 231, .box_w = 13, .box_h = 14, .ofs_x = 1, .ofs_y = 0},
    {.bitmap_index = 21630, .adv_w = 204, .box_w = 13, .box_h = 14, .ofs_x = 0, .ofs_y = 0},
    {.bitmap_index = 21721, .adv_w = 231, .box_w = 15, .box_h = 19, .ofs_x = 0, .ofs_y = -5},
    {.bitmap_index = 21864, .adv_w = 364, .box_w = 21, .box_h = 24, .ofs_x = 1, .ofs_y = -5},
    {.bitmap_index = 22116, .adv_w = 231, .box_w = 15, .box_h = 14, .ofs_x = 0, .ofs_y = 0},
    {.bitmap_index = 22221, .adv_w = 256, .box_w = 15, .box_h = 18, .ofs_x = 1, .ofs_y = -4},
    {.bitmap_index = 22356, .adv_w = 242, .box_w = 13, .box_h = 14, .ofs_x = 1, .ofs_y = 0},
    {.bitmap_index = 22447, .adv_w = 347, .box_w = 19, .box_h = 14, .ofs_x = 1, .ofs_y = 0},
    {.bitmap_index = 22580, .adv_w = 351, .box_w = 21, .box_h = 18, .ofs_x = 1, .ofs_y = -4},
    {.bitmap_index = 22769, .adv_w = 303, .box_w = 18, .box_h = 14, .ofs_x = 0, .ofs_y = 0},
    {.bitmap_index = 22895, .adv_w = 355, .box_w = 20, .box_h = 14, .ofs_x = 1, .ofs_y = 0},
    {.bitmap_index = 23035, .adv_w = 256, .box_w = 14, .box_h = 14, .ofs_x = 1, .ofs_y = 0},
    {.bitmap_index = 23133, .adv_w = 230, .box_w = 14, .box_h = 14, .ofs_x = 0, .ofs_y = 0},
    {.bitmap_index = 23231, .adv_w = 355, .box_w = 21, .box_h = 14, .ofs_x = 1, .ofs_y = 0},
    {.bitmap_index = 23378, .adv_w = 243, .box_w = 15, .box_h = 14, .ofs_x = -1, .ofs_y = 0},
    {.bitmap_index = 23483, .adv_w = 231, .box_w = 14, .box_h = 19, .ofs_x = 0, .ofs_y = 0},
    {.bitmap_index = 23616, .adv_w = 231, .box_w = 14, .box_h = 19, .ofs_x = 0, .ofs_y = 0},
    {.bitmap_index = 23749, .adv_w = 254, .box_w = 15, .box_h = 24, .ofs_x = 0, .ofs_y = -5},
    {.bitmap_index = 23929, .adv_w = 173, .box_w = 10, .box_h = 19, .ofs_x = 1, .ofs_y = 0},
    {.bitmap_index = 24024, .adv_w = 230, .box_w = 13, .box_h = 14, .ofs_x = 1, .ofs_y = 0},
    {.bitmap_index = 24115, .adv_w = 231, .box_w = 14, .box_h = 14, .ofs_x = 0, .ofs_y = 0},
    {.bitmap_index = 24213, .adv_w = 116, .box_w = 5, .box_h = 19, .ofs_x = 1, .ofs_y = 0},
    {.bitmap_index = 24261, .adv_w = 117, .box_w = 9, .box_h = 19, .ofs_x = -1, .ofs_y = 0},
    {.bitmap_index = 24347, .adv_w = 116, .box_w = 8, .box_h = 24, .ofs_x = -2, .ofs_y = -5},
    {.bitmap_index = 24443, .adv_w = 403, .box_w = 25, .box_h = 14, .ofs_x = 0, .ofs_y = 0},
    {.bitmap_index = 24618, .adv_w = 377, .box_w = 22, .box_h = 14, .ofs_x = 1, .ofs_y = 0},
    {.bitmap_index = 24772, .adv_w = 254, .box_w = 15, .box_h = 19, .ofs_x = 0, .ofs_y = 0},
    {.bitmap_index = 24915, .adv_w = 208, .box_w = 13, .box_h = 19, .ofs_x = 1, .ofs_y = 0},
    {.bitmap_index = 25039, .adv_w = 256, .box_w = 14, .box_h = 19, .ofs_x = 1, .ofs_y = 0},
    {.bitmap_index = 25172, .adv_w = 231, .box_w = 15, .box_h = 24, .ofs_x = 0, .ofs_y = -5},
    {.bitmap_index = 25352, .adv_w = 251, .box_w = 13, .box_h = 18, .ofs_x = 1, .ofs_y = -4},
    {.bitmap_index = 25469, .adv_w = 532, .box_w = 32, .box_h = 19, .ofs_x = 1, .ofs_y = 0},
    {.bitmap_index = 25773, .adv_w = 324, .box_w = 21, .box_h = 14, .ofs_x = 0, .ofs_y = 0},
    {.bitmap_index = 25920, .adv_w = 362, .box_w = 22, .box_h = 19, .ofs_x = 0, .ofs_y = 0},
    {.bitmap_index = 26129, .adv_w = 292, .box_w = 18, .box_h = 19, .ofs_x = 0, .ofs_y = 0},
    {.bitmap_index = 26300, .adv_w = 406, .box_w = 24, .box_h = 19, .ofs_x = 1, .ofs_y = 0},
    {.bitmap_index = 26528, .adv_w = 331, .box_w = 19, .box_h = 14, .ofs_x = 1, .ofs_y = 0},
    {.bitmap_index = 26661, .adv_w = 277, .box_w = 18, .box_h = 19, .ofs_x = 0, .ofs_y = 0},
    {.bitmap_index = 26832, .adv_w = 231, .box_w = 15, .box_h = 14, .ofs_x = 0, .ofs_y = 0},
    {.bitmap_index = 26937, .adv_w = 385, .box_w = 24, .box_h = 19, .ofs_x = 1, .ofs_y = 0},
    {.bitmap_index = 27165, .adv_w = 333, .box_w = 20, .box_h = 14, .ofs_x = 1, .ofs_y = 0},
    {.bitmap_index = 27305, .adv_w = 337, .box_w = 19, .box_h = 19, .ofs_x = 1, .ofs_y = 0},
    {.bitmap_index = 27486, .adv_w = 313, .box_w = 18, .box_h = 14, .ofs_x = 1, .ofs_y = 0},
    {.bitmap_index = 27612, .adv_w = 448, .box_w = 26, .box_h = 19, .ofs_x = 1, .ofs_y = 0},
    {.bitmap_index = 27859, .adv_w = 408, .box_w = 23, .box_h = 14, .ofs_x = 1, .ofs_y = 0},
    {.bitmap_index = 28020, .adv_w = 261, .box_w = 16, .box_h = 29, .ofs_x = 0, .ofs_y = -5},
    {.bitmap_index = 28252, .adv_w = 207, .box_w = 13, .box_h = 24, .ofs_x = 0, .ofs_y = -5},
    {.bitmap_index = 28408, .adv_w = 337, .box_w = 19, .box_h = 19, .ofs_x = 1, .ofs_y = 0},
    {.bitmap_index = 28589, .adv_w = 313, .box_w = 18, .box_h = 19, .ofs_x = 1, .ofs_y = -5},
    {.bitmap_index = 28760, .adv_w = 324, .box_w = 19, .box_h = 19, .ofs_x = 1, .ofs_y = 0},
    {.bitmap_index = 28941, .adv_w = 254, .box_w = 14, .box_h = 14, .ofs_x = 1, .ofs_y = 0},
    {.bitmap_index = 29039, .adv_w = 339, .box_w = 23, .box_h = 19, .ofs_x = -1, .ofs_y = 0},
    {.bitmap_index = 29258, .adv_w = 269, .box_w = 17, .box_h = 14, .ofs_x = 0, .ofs_y = 0},
    {.bitmap_index = 29377, .adv_w = 339, .box_w = 23, .box_h = 24, .ofs_x = -1, .ofs_y = 0},
    {.bitmap_index = 29653, .adv_w = 269, .box_w = 17, .box_h = 19, .ofs_x = 0, .ofs_y = 0},
    {.bitmap_index = 29815, .adv_w = 466, .box_w = 28, .box_h = 24, .ofs_x = 1, .ofs_y = -5},
    {.bitmap_index = 30151, .adv_w = 405, .box_w = 24, .box_h = 19, .ofs_x = 1, .ofs_y = -5},
    {.bitmap_index = 30379, .adv_w = 339, .box_w = 21, .box_h = 22, .ofs_x = 0, .ofs_y = -2},
    {.bitmap_index = 30610, .adv_w = 265, .box_w = 17, .box_h = 17, .ofs_x = 0, .ofs_y = -1},
    {.bitmap_index = 30755, .adv_w = 532, .box_w = 32, .box_h = 28, .ofs_x = 1, .ofs_y = 0},
    {.bitmap_index = 31203, .adv_w = 375, .box_w = 22, .box_h = 23, .ofs_x = 1, .ofs_y = 0},
    {.bitmap_index = 31456, .adv_w = 532, .box_w = 32, .box_h = 24, .ofs_x = 1, .ofs_y = 0},
    {.bitmap_index = 31840, .adv_w = 324, .box_w = 21, .box_h = 17, .ofs_x = 0, .ofs_y = 0},
    {.bitmap_index = 32019, .adv_w = 300, .box_w = 17, .box_h = 24, .ofs_x = 1, .ofs_y = -5},
    {.bitmap_index = 32223, .adv_w = 231, .box_w = 13, .box_h = 19, .ofs_x = 1, .ofs_y = -5},
    {.bitmap_index = 32347, .adv_w = 243, .box_w = 15, .box_h = 19, .ofs_x = 0, .ofs_y = 0},
    {.bitmap_index = 32490, .adv_w = 0, .box_w = 10, .box_h = 5, .ofs_x = -5, .ofs_y = 15},
    {.bitmap_index = 32515, .adv_w = 0, .box_w = 10, .box_h = 4, .ofs_x = -5, .ofs_y = 16},
    {.bitmap_index = 32535, .adv_w = 0, .box_w = 4, .box_h = 6, .ofs_x = -2, .ofs_y = 14},
    {.bitmap_index = 32547, .adv_w = 0, .box_w = 4, .box_h = 6, .ofs_x = -2, .ofs_y = 14},
    {.bitmap_index = 32559, .adv_w = 0, .box_w = 16, .box_h = 5, .ofs_x = -8, .ofs_y = 18},
    {.bitmap_index = 32599, .adv_w = 0, .box_w = 26, .box_h = 25, .ofs_x = -13, .ofs_y = -5},
    {.bitmap_index = 32924, .adv_w = 0, .box_w = 26, .box_h = 26, .ofs_x = -13, .ofs_y = -6},
    {.bitmap_index = 33262, .adv_w = 299, .box_w = 18, .box_h = 28, .ofs_x = 1, .ofs_y = -4},
    {.bitmap_index = 33514, .adv_w = 256, .box_w = 15, .box_h = 23, .ofs_x = 1, .ofs_y = -4},
    {.bitmap_index = 33687, .adv_w = 299, .box_w = 18, .box_h = 19, .ofs_x = 0, .ofs_y = 0},
    {.bitmap_index = 33858, .adv_w = 256, .box_w = 15, .box_h = 19, .ofs_x = 0, .ofs_y = 0},
    {.bitmap_index = 34001, .adv_w = 277, .box_w = 16, .box_h = 19, .ofs_x = 1, .ofs_y = 0},
    {.bitmap_index = 34153, .adv_w = 254, .box_w = 15, .box_h = 19, .ofs_x = 1, .ofs_y = -5},
    {.bitmap_index = 34296, .adv_w = 203, .box_w = 11, .box_h = 23, .ofs_x = 1, .ofs_y = 0},
    {.bitmap_index = 34423, .adv_w = 186, .box_w = 10, .box_h = 18, .ofs_x = 1, .ofs_y = 0},
    {.bitmap_index = 34513, .adv_w = 236, .box_w = 16, .box_h = 19, .ofs_x = -1, .ofs_y = 0},
    {.bitmap_index = 34665, .adv_w = 173, .box_w = 11, .box_h = 14, .ofs_x = 0, .ofs_y = 0},
    {.bitmap_index = 34742, .adv_w = 292, .box_w = 16, .box_h = 24, .ofs_x = 1, .ofs_y = -5},
    {.bitmap_index = 34934, .adv_w = 249, .box_w = 15, .box_h = 19, .ofs_x = 1, .ofs_y = -5},
    {.bitmap_index = 35077, .adv_w = 376, .box_w = 24, .box_h = 23, .ofs_x = 0, .ofs_y = -4},
    {.bitmap_index = 35353, .adv_w = 295, .box_w = 20, .box_h = 18, .ofs_x = -1, .ofs_y = -4},
    {.bitmap_index = 35533, .adv_w = 261, .box_w = 15, .box_h = 24, .ofs_x = 0, .ofs_y = -5},
    {.bitmap_index = 35713, .adv_w = 207, .box_w = 12, .box_h = 19, .ofs_x = 0, .ofs_y = -5},
    {.bitmap_index = 35827, .adv_w = 254, .box_w = 15, .box_h = 23, .ofs_x = 1, .ofs_y = -4},
    {.bitmap_index = 36000, .adv_w = 208, .box_w = 13, .box_h = 18, .ofs_x = 1, .ofs_y = -4},
    {.bitmap_index = 36117, .adv_w = 254, .box_w = 15, .box_h = 19, .ofs_x = 1, .ofs_y = 0},
    {.bitmap_index = 36260, .adv_w = 208, .box_w = 13, .box_h = 14, .ofs_x = 1, .ofs_y = 0},
    {.bitmap_index = 36351, .adv_w = 254, .box_w = 16, .box_h = 19, .ofs_x = 0, .ofs_y = 0},
    {.bitmap_index = 36503, .adv_w = 208, .box_w = 14, .box_h = 19, .ofs_x = 0, .ofs_y = 0},
    {.bitmap_index = 36636, .adv_w = 317, .box_w = 20, .box_h = 19, .ofs_x = 0, .ofs_y = 0},
    {.bitmap_index = 36826, .adv_w = 259, .box_w = 17, .box_h = 14, .ofs_x = 0, .ofs_y = 0},
    {.bitmap_index = 36945, .adv_w = 300, .box_w = 18, .box_h = 23, .ofs_x = 1, .ofs_y = -4},
    {.bitmap_index = 37152, .adv_w = 251, .box_w = 15, .box_h = 18, .ofs_x = 1, .ofs_y = -4},
    {.bitmap_index = 37287, .adv_w = 366, .box_w = 22, .box_h = 19, .ofs_x = 1, .ofs_y = 0},
    {.bitmap_index = 37496, .adv_w = 297, .box_w = 18, .box_h = 14, .ofs_x = 1, .ofs_y = 0},
    {.bitmap_index = 37622, .adv_w = 468, .box_w = 27, .box_h = 24, .ofs_x = 1, .ofs_y = -5},
    {.bitmap_index = 37946, .adv_w = 383, .box_w = 23, .box_h = 19, .ofs_x = 1, .ofs_y = -5},
    {.bitmap_index = 38165, .adv_w = 300, .box_w = 19, .box_h = 19, .ofs_x = 0, .ofs_y = 0},
    {.bitmap_index = 38346, .adv_w = 240, .box_w = 15, .box_h = 14, .ofs_x = 0, .ofs_y = 0},
    {.bitmap_index = 38451, .adv_w = 300, .box_w = 17, .box_h = 24, .ofs_x = 1, .ofs_y = -5},
    {.bitmap_index = 38655, .adv_w = 231, .box_w = 13, .box_h = 19, .ofs_x = 1, .ofs_y = -5},
    {.bitmap_index = 38779, .adv_w = 254, .box_w = 16, .box_h = 23, .ofs_x = 0, .ofs_y = -4},
    {.bitmap_index = 38963, .adv_w = 204, .box_w = 13, .box_h = 18, .ofs_x = 0, .ofs_y = -4},
    {.bitmap_index = 39080, .adv_w = 231, .box_w = 15, .box_h = 19, .ofs_x = 0, .ofs_y = 0},
    {.bitmap_index = 39223, .adv_w = 231, .box_w = 15, .box_h = 19, .ofs_x = 0, .ofs_y = -5},
    {.bitmap_index = 39366, .adv_w = 231, .box_w = 15, .box_h = 19, .ofs_x = 0, .ofs_y = 0},
    {.bitmap_index = 39509, .adv_w = 231, .box_w = 15, .box_h = 19, .ofs_x = 0, .ofs_y = -5},
    {.bitmap_index = 39652, .adv_w = 277, .box_w = 18, .box_h = 23, .ofs_x = 0, .ofs_y = -4},
    {.bitmap_index = 39859, .adv_w = 231, .box_w = 15, .box_h = 18, .ofs_x = 0, .ofs_y = -4},
    {.bitmap_index = 39994, .adv_w = 355, .box_w = 22, .box_h = 24, .ofs_x = 0, .ofs_y = -5},
    {.bitmap_index = 40258, .adv_w = 287, .box_w = 18, .box_h = 18, .ofs_x = 0, .ofs_y = -4},
    {.bitmap_index = 40420, .adv_w = 292, .box_w = 17, .box_h = 23, .ofs_x = 1, .ofs_y = -4},
    {.bitmap_index = 40616, .adv_w = 242, .box_w = 14, .box_h = 18, .ofs_x = 1, .ofs_y = -4},
    {.bitmap_index = 40742, .adv_w = 292, .box_w = 16, .box_h = 19, .ofs_x = 1, .ofs_y = 0},
    {.bitmap_index = 40894, .adv_w = 242, .box_w = 13, .box_h = 14, .ofs_x = 1, .ofs_y = 0},
    {.bitmap_index = 40985, .adv_w = 292, .box_w = 16, .box_h = 19, .ofs_x = 1, .ofs_y = 0},
    {.bitmap_index = 41137, .adv_w = 254, .box_w = 14, .box_h = 19, .ofs_x = 1, .ofs_y = 0},
    {.bitmap_index = 41270, .adv_w = 356, .box_w = 22, .box_h = 19, .ofs_x = 0, .ofs_y = 0},
    {.bitmap_index = 41479, .adv_w = 282, .box_w = 17, .box_h = 14, .ofs_x = 0, .ofs_y = 0},
    {.bitmap_index = 41598, .adv_w = 356, .box_w = 22, .box_h = 23, .ofs_x = 0, .ofs_y = -4},
    {.bitmap_index = 41851, .adv_w = 282, .box_w = 17, .box_h = 18, .ofs_x = 0, .ofs_y = -4},
    {.bitmap_index = 42004, .adv_w = 116, .box_w = 5, .box_h = 19, .ofs_x = 1, .ofs_y = 0},
    {.bitmap_index = 42052, .adv_w = 376, .box_w = 24, .box_h = 24, .ofs_x = 0, .ofs_y = 0},
    {.bitmap_index = 42340, .adv_w = 295, .box_w = 20, .box_h = 19, .ofs_x = -1, .ofs_y = 0},
    {.bitmap_index = 42530, .adv_w = 292, .box_w = 16, .box_h = 24, .ofs_x = 1, .ofs_y = -5},
    {.bitmap_index = 42722, .adv_w = 249, .box_w = 14, .box_h = 19, .ofs_x = 1, .ofs_y = -5},
    {.bitmap_index = 42855, .adv_w = 292, .box_w = 19, .box_h = 23, .ofs_x = 0, .ofs_y = -4},
    {.bitmap_index = 43074, .adv_w = 264, .box_w = 17, .box_h = 18, .ofs_x = 0, .ofs_y = -4},
    {.bitmap_index = 43227, .adv_w = 300, .box_w = 16, .box_h = 24, .ofs_x = 1, .ofs_y = -5},
    {.bitmap_index = 43419, .adv_w = 251, .box_w = 13, .box_h = 19, .ofs_x = 1, .ofs_y = -5},
    {.bitmap_index = 43543, .adv_w = 300, .box_w = 18, .box_h = 23, .ofs_x = 1, .ofs_y = -4},
    {.bitmap_index = 43750, .adv_w = 251, .box_w = 15, .box_h = 18, .ofs_x = 1, .ofs_y = -4},
    {.bitmap_index = 43885, .adv_w = 292, .box_w = 16, .box_h = 23, .ofs_x = 1, .ofs_y = -4},
    {.bitmap_index = 44069, .adv_w = 242, .box_w = 13, .box_h = 18, .ofs_x = 1, .ofs_y = -4},
    {.bitmap_index = 44186, .adv_w = 347, .box_w = 21, .box_h = 23, .ofs_x = 1, .ofs_y = -4},
    {.bitmap_index = 44428, .adv_w = 308, .box_w = 19, .box_h = 18, .ofs_x = 1, .ofs_y = -4},
    {.bitmap_index = 44599, .adv_w = 116, .box_w = 5, .box_h = 19, .ofs_x = 1, .ofs_y = 0},
    {.bitmap_index = 44647, .adv_w = 300, .box_w = 19, .box_h = 24, .ofs_x = 0, .ofs_y = 0},
    {.bitmap_index = 44875, .adv_w = 231, .box_w = 14, .box_h = 19, .ofs_x = 0, .ofs_y = 0},
    {.bitmap_index = 45008, .adv_w = 300, .box_w = 19, .box_h = 24, .ofs_x = 0, .ofs_y = 0},
    {.bitmap_index = 45236, .adv_w = 231, .box_w = 14, .box_h = 19, .ofs_x = 0, .ofs_y = 0},
    {.bitmap_index = 45369, .adv_w = 416, .box_w = 27, .box_h = 19, .ofs_x = -2, .ofs_y = 0},
    {.bitmap_index = 45626, .adv_w = 370, .box_w = 21, .box_h = 14, .ofs_x = 1, .ofs_y = 0},
    {.bitmap_index = 45773, .adv_w = 277, .box_w = 16, .box_h = 24, .ofs_x = 1, .ofs_y = 0},
    {.bitmap_index = 45965, .adv_w = 231, .box_w = 14, .box_h = 19, .ofs_x = 0, .ofs_y = 0},
    {.bitmap_index = 46098, .adv_w = 302, .box_w = 17, .box_h = 19, .ofs_x = 1, .ofs_y = 0},
    {.bitmap_index = 46260, .adv_w = 231, .box_w = 14, .box_h = 14, .ofs_x = 0, .ofs_y = 0},
    {.bitmap_index = 46358, .adv_w = 302, .box_w = 17, .box_h = 25, .ofs_x = 1, .ofs_y = 0},
    {.bitmap_index = 46571, .adv_w = 231, .box_w = 14, .box_h = 19, .ofs_x = 0, .ofs_y = 0},
    {.bitmap_index = 46704, .adv_w = 376, .box_w = 24, .box_h = 24, .ofs_x = 0, .ofs_y = 0},
    {.bitmap_index = 46992, .adv_w = 295, .box_w = 20, .box_h = 19, .ofs_x = -1, .ofs_y = 0},
    {.bitmap_index = 47182, .adv_w = 261, .box_w = 15, .box_h = 25, .ofs_x = 0, .ofs_y = 0},
    {.bitmap_index = 47370, .adv_w = 207, .box_w = 12, .box_h = 19, .ofs_x = 0, .ofs_y = 0},
    {.bitmap_index = 47484, .adv_w = 261, .box_w = 15, .box_h = 19, .ofs_x = 0, .ofs_y = 0},
    {.bitmap_index = 47627, .adv_w = 219, .box_w = 14, .box_h = 19, .ofs_x = 0, .ofs_y = -5},
    {.bitmap_index = 47760, .adv_w = 299, .box_w = 16, .box_h = 23, .ofs_x = 1, .ofs_y = 0},
    {.bitmap_index = 47944, .adv_w = 256, .box_w = 14, .box_h = 19, .ofs_x = 1, .ofs_y = 0},
    {.bitmap_index = 48077, .adv_w = 299, .box_w = 16, .box_h = 24, .ofs_x = 1, .ofs_y = 0},
    {.bitmap_index = 48269, .adv_w = 256, .box_w = 14, .box_h = 19, .ofs_x = 1, .ofs_y = 0},
    {.bitmap_index = 48402, .adv_w = 324, .box_w = 19, .box_h = 25, .ofs_x = 1, .ofs_y = 0},
    {.bitmap_index = 48640, .adv_w = 254, .box_w = 14, .box_h = 19, .ofs_x = 1, .ofs_y = 0},
    {.bitmap_index = 48773, .adv_w = 324, .box_w = 19, .box_h = 19, .ofs_x = 1, .ofs_y = 0},
    {.bitmap_index = 48954, .adv_w = 254, .box_w = 14, .box_h = 14, .ofs_x = 1, .ofs_y = 0},
    {.bitmap_index = 49052, .adv_w = 324, .box_w = 19, .box_h = 25, .ofs_x = 1, .ofs_y = 0},
    {.bitmap_index = 49290, .adv_w = 254, .box_w = 14, .box_h = 19, .ofs_x = 1, .ofs_y = 0},
    {.bitmap_index = 49423, .adv_w = 296, .box_w = 17, .box_h = 25, .ofs_x = 1, .ofs_y = 0},
    {.bitmap_index = 49636, .adv_w = 230, .box_w = 14, .box_h = 19, .ofs_x = 0, .ofs_y = 0},
    {.bitmap_index = 49769, .adv_w = 259, .box_w = 17, .box_h = 24, .ofs_x = 0, .ofs_y = 0},
    {.bitmap_index = 49973, .adv_w = 231, .box_w = 15, .box_h = 24, .ofs_x = 0, .ofs_y = -5},
    {.bitmap_index = 50153, .adv_w = 259, .box_w = 17, .box_h = 25, .ofs_x = 0, .ofs_y = 0},
    {.bitmap_index = 50366, .adv_w = 231, .box_w = 15, .box_h = 24, .ofs_x = 0, .ofs_y = -5},
    {.bitmap_index = 50546, .adv_w = 259, .box_w = 17, .box_h = 24, .ofs_x = 0, .ofs_y = 0},
    {.bitmap_index = 50750, .adv_w = 231, .box_w = 15, .box_h = 24, .ofs_x = 0, .ofs_y = -5},
    {.bitmap_index = 50930, .adv_w = 292, .box_w = 16, .box_h = 24, .ofs_x = 1, .ofs_y = 0},
    {.bitmap_index = 51122, .adv_w = 242, .box_w = 13, .box_h = 19, .ofs_x = 1, .ofs_y = 0},
    {.bitmap_index = 51246, .adv_w = 236, .box_w = 13, .box_h = 23, .ofs_x = 2, .ofs_y = -4},
    {.bitmap_index = 51396, .adv_w = 173, .box_w = 10, .box_h = 18, .ofs_x = 1, .ofs_y = -4},
    {.bitmap_index = 51486, .adv_w = 407, .box_w = 22, .box_h = 24, .ofs_x = 2, .ofs_y = 0},
    {.bitmap_index = 51750, .adv_w = 355, .box_w = 20, .box_h = 19, .ofs_x = 1, .ofs_y = 0},
    {.bitmap_index = 51940, .adv_w = 236, .box_w = 15, .box_h = 24, .ofs_x = 0, .ofs_y = -5},
    {.bitmap_index = 52120, .adv_w = 173, .box_w = 11, .box_h = 19, .ofs_x = 0, .ofs_y = -5},
    {.bitmap_index = 52225, .adv_w = 277, .box_w = 18, .box_h = 24, .ofs_x = 0, .ofs_y = -5},
    {.bitmap_index = 52441, .adv_w = 231, .box_w = 15, .box_h = 19, .ofs_x = 0, .ofs_y = -5},
    {.bitmap_index = 52584, .adv_w = 277, .box_w = 18, .box_h = 19, .ofs_x = 0, .ofs_y = 0},
    {.bitmap_index = 52755, .adv_w = 231, .box_w = 15, .box_h = 14, .ofs_x = 0, .ofs_y = 0},
    {.bitmap_index = 52860, .adv_w = 416, .box_w = 26, .box_h = 3, .ofs_x = 0, .ofs_y = 6},
    {.bitmap_index = 52899, .adv_w = 464, .box_w = 26, .box_h = 19, .ofs_x = 2, .ofs_y = 0}
};

/*---------------------
 *  CHARACTER MAPPING
 *--------------------*/

static const uint16_t unicode_list_1[] = {
    0x0, 0x10
};

static const uint16_t unicode_list_3[] = {
    0x0, 0x102
};

/*Collect the unicode lists and glyph_id offsets*/
static const lv_font_fmt_txt_cmap_t cmaps[] =
{
    {
        .range_start = 32, .range_length = 95, .glyph_id_start = 1,
        .unicode_list = NULL, .glyph_id_ofs_list = NULL, .list_length = 0, .type = LV_FONT_FMT_TXT_CMAP_FORMAT0_TINY
    },
    {
        .range_start = 171, .range_length = 17, .glyph_id_start = 96,
        .unicode_list = unicode_list_1, .glyph_id_ofs_list = NULL, .list_length = 2, .type = LV_FONT_FMT_TXT_CMAP_SPARSE_TINY
    },
    {
        .range_start = 1024, .range_length = 256, .glyph_id_start = 98,
        .unicode_list = NULL, .glyph_id_ofs_list = NULL, .list_length = 0, .type = LV_FONT_FMT_TXT_CMAP_FORMAT0_TINY
    },
    {
        .range_start = 8212, .range_length = 259, .glyph_id_start = 354,
        .unicode_list = unicode_list_3, .glyph_id_ofs_list = NULL, .list_length = 2, .type = LV_FONT_FMT_TXT_CMAP_SPARSE_TINY
    }
};



/*--------------------
 *  ALL CUSTOM DATA
 *--------------------*/

#if LVGL_VERSION_MAJOR == 8
/*Store all the custom data of the font*/
static  lv_font_fmt_txt_glyph_cache_t cache;
#endif

#if LVGL_VERSION_MAJOR >= 8
static const lv_font_fmt_txt_dsc_t font_dsc = {
#else
static lv_font_fmt_txt_dsc_t font_dsc = {
#endif
    .glyph_bitmap = glyph_bitmap,
    .glyph_dsc = glyph_dsc,
    .cmaps = cmaps,
    .kern_dsc = NULL,
    .kern_scale = 0,
    .cmap_num = 4,
    .bpp = 4,
    .kern_classes = 0,
    .bitmap_format = 0,
#if LVGL_VERSION_MAJOR == 8
    .cache = &cache
#endif
};



/*-----------------
 *  PUBLIC FONT
 *----------------*/

/*Initialize a public general font descriptor*/
#if LVGL_VERSION_MAJOR >= 8
const lv_font_t lv_font_ru_26_bold = {
#else
lv_font_t lv_font_ru_26_bold = {
#endif
    .get_glyph_dsc = lv_font_get_glyph_dsc_fmt_txt,    /*Function pointer to get glyph's data*/
    .get_glyph_bitmap = lv_font_get_bitmap_fmt_txt,    /*Function pointer to get glyph's bitmap*/
    .line_height = 34,          /*The maximum line height required by the font*/
    .base_line = 6,             /*Baseline measured from the bottom of the line*/
#if !(LVGL_VERSION_MAJOR == 6 && LVGL_VERSION_MINOR == 0)
    .subpx = LV_FONT_SUBPX_NONE,
#endif
#if LV_VERSION_CHECK(7, 4, 0) || LVGL_VERSION_MAJOR >= 8
    .underline_position = -3,
    .underline_thickness = 3,
#endif
    .dsc = &font_dsc,          /*The custom font data. Will be accessed by `get_glyph_bitmap/dsc` */
#if LV_VERSION_CHECK(8, 2, 0) || LVGL_VERSION_MAJOR >= 9
    .fallback = NULL,
#endif
    .user_data = NULL,
};



#endif /*#if LV_FONT_RU_26_BOLD*/

